-- phpMyAdmin SQL Dump
-- version 5.1.1
-- https://www.phpmyadmin.net/
--
-- Host: 127.0.0.1
-- Generation Time: Jul 25, 2024 at 10:44 AM
-- Server version: 10.4.22-MariaDB
-- PHP Version: 7.2.34

SET SQL_MODE = "NO_AUTO_VALUE_ON_ZERO";
START TRANSACTION;
SET time_zone = "+00:00";


/*!40101 SET @OLD_CHARACTER_SET_CLIENT=@@CHARACTER_SET_CLIENT */;
/*!40101 SET @OLD_CHARACTER_SET_RESULTS=@@CHARACTER_SET_RESULTS */;
/*!40101 SET @OLD_COLLATION_CONNECTION=@@COLLATION_CONNECTION */;
/*!40101 SET NAMES utf8mb4 */;

--
-- Database: `db_inventory`
--

-- --------------------------------------------------------

--
-- Table structure for table `log_user`
--

CREATE TABLE `log_user` (
  `id` bigint(20) NOT NULL,
  `label` varchar(255) NOT NULL,
  `description` varchar(255) NOT NULL,
  `id_affected` int(11) NOT NULL,
  `table` varchar(255) NOT NULL,
  `created_at` datetime NOT NULL DEFAULT current_timestamp(),
  `created_by` int(11) NOT NULL
) ENGINE=InnoDB DEFAULT CHARSET=utf8mb4;

-- --------------------------------------------------------

--
-- Table structure for table `m_announcement`
--

CREATE TABLE `m_announcement` (
  `id` int(11) NOT NULL,
  `title` varchar(255) NOT NULL,
  `description` text NOT NULL,
  `author` varchar(255) NOT NULL,
  `receiver` int(11) NOT NULL,
  `temporary` int(11) NOT NULL DEFAULT 0,
  `date` date NOT NULL DEFAULT current_timestamp(),
  `end_date` date DEFAULT current_timestamp(),
  `id_status` int(11) NOT NULL,
  `created_at` datetime NOT NULL DEFAULT current_timestamp(),
  `created_by` int(11) NOT NULL,
  `update_at` datetime NOT NULL DEFAULT current_timestamp(),
  `update_by` int(11) NOT NULL
) ENGINE=InnoDB DEFAULT CHARSET=utf8mb4;

--
-- Dumping data for table `m_announcement`
--

INSERT INTO `m_announcement` (`id`, `title`, `description`, `author`, `receiver`, `temporary`, `date`, `end_date`, `id_status`, `created_at`, `created_by`, `update_at`, `update_by`) VALUES
(1, 'Penggunaan Sistem Inventory per Juni 2024', '<h1 style=\"text-align: right;\"></h1><h3 style=\"text-align: center;\"><b style=\"color: inherit;\">Sistem Inventory PU berlaku dijalankan per Juni 2024,<br></b><b style=\"color: inherit;\">Trial department akan dilakukan pada IT dan Markom.<br></b><img src=\"https://resources.tallysolutions.com/us/wp-content/themes/tally/assets/images/features/inventory-reports-details-image.svg\" style=\"width: 100%;\"></h3>', '', 0, 0, '2024-06-03', '2024-05-29', 1, '2024-05-29 15:57:55', 3, '2024-06-06 15:51:08', 3);

-- --------------------------------------------------------

--
-- Table structure for table `m_brand`
--

CREATE TABLE `m_brand` (
  `id` int(11) NOT NULL,
  `label` varchar(255) NOT NULL,
  `id_origin` varchar(255) NOT NULL,
  `created_at` datetime NOT NULL DEFAULT current_timestamp(),
  `created_by` int(11) NOT NULL,
  `updated_at` datetime NOT NULL DEFAULT current_timestamp(),
  `updated_by` int(11) NOT NULL
) ENGINE=InnoDB DEFAULT CHARSET=utf8mb4;

--
-- Dumping data for table `m_brand`
--

INSERT INTO `m_brand` (`id`, `label`, `id_origin`, `created_at`, `created_by`, `updated_at`, `updated_by`) VALUES
(1, 'Asus', '1', '2023-10-02 09:05:41', 1, '2023-10-02 09:05:41', 1),
(2, 'Acer', '1', '2023-10-25 11:37:11', 1, '2023-10-25 11:37:11', 1),
(4, 'Lenovo', '2', '2024-02-22 10:04:38', 1, '2024-02-22 10:04:38', 1),
(5, 'Logitech', '3', '2024-02-26 10:44:51', 1, '2024-02-26 10:44:51', 1),
(8, 'Hp', '1', '2024-02-27 14:03:56', 0, '2024-02-27 14:03:56', 0),
(9, 'Samsung', '3', '2024-05-02 15:59:48', 1, '2024-05-02 15:59:48', 1),
(10, 'Others', '3', '2024-05-29 16:05:02', 3, '2024-05-29 16:05:02', 3),
(11, 'Apple', '6', '2024-06-04 09:36:58', 2, '2024-06-04 09:36:58', 2),
(12, 'Logitec', '', '2024-06-28 16:43:21', 37, '2024-06-28 16:43:21', 37),
(13, '-', '', '2024-07-25 15:38:34', 2, '2024-07-25 15:38:34', 2);

-- --------------------------------------------------------

--
-- Table structure for table `m_category`
--

CREATE TABLE `m_category` (
  `id` int(11) NOT NULL,
  `label` varchar(255) NOT NULL,
  `created_at` datetime NOT NULL DEFAULT current_timestamp(),
  `created_by` int(11) NOT NULL,
  `updated_at` datetime NOT NULL DEFAULT current_timestamp(),
  `updated_by` int(11) NOT NULL
) ENGINE=InnoDB DEFAULT CHARSET=utf8mb4;

--
-- Dumping data for table `m_category`
--

INSERT INTO `m_category` (`id`, `label`, `created_at`, `created_by`, `updated_at`, `updated_by`) VALUES
(3, 'Personal Komputer', '2024-02-23 14:12:03', 1, '2024-05-31 09:56:34', 1),
(6, 'Komputer Server', '2024-02-27 10:36:34', 0, '2024-02-27 10:36:34', 0),
(7, 'Notebook', '2024-02-27 10:36:34', 0, '2024-02-27 10:36:34', 0),
(14, 'Wireless', '2024-02-28 20:34:54', 1, '2024-02-28 20:34:54', 1),
(15, 'USB', '2024-02-28 20:35:04', 1, '2024-02-28 20:35:04', 1),
(16, 'Keyboard', '2024-04-02 14:33:40', 1, '2024-05-31 10:37:44', 3),
(17, 'Hardisk', '2024-05-02 15:59:29', 1, '2024-05-02 15:59:29', 1),
(18, 'Others', '2024-05-29 16:05:31', 3, '2024-05-29 16:05:31', 3),
(19, 'Stapless', '2024-05-29 17:09:12', 3, '2024-05-29 17:09:12', 3),
(20, 'Network Peripheral', '2024-05-29 17:29:13', 3, '2024-05-29 17:29:13', 3),
(21, 'Mouse', '2024-05-29 17:41:40', 3, '2024-05-29 17:41:40', 3),
(22, 'Brosur', '2024-05-30 17:36:08', 3, '2024-05-30 17:36:08', 3),
(23, 'Flyer', '2024-05-30 17:36:15', 3, '2024-05-30 17:36:15', 3),
(24, 'Souvenir', '2024-05-30 17:36:23', 3, '2024-05-30 17:36:23', 3),
(25, 'Promotion Tools', '2024-05-30 17:36:32', 3, '2024-05-30 17:36:32', 3),
(26, 'Plakat', '2024-06-04 10:37:38', 4, '2024-06-04 10:37:38', 4),
(27, 'Poster', '2024-06-04 12:57:12', 3, '2024-06-04 12:57:12', 3),
(28, 'test mouse', '2024-06-28 17:21:17', 37, '2024-06-28 17:21:17', 37),
(29, 'VGA Switcher', '2024-07-25 15:38:40', 2, '2024-07-25 15:38:40', 2),
(30, 'PC', '2024-07-25 15:38:45', 2, '2024-07-25 15:38:45', 2),
(31, 'PC All In', '2024-07-25 15:38:51', 2, '2024-07-25 15:38:51', 2),
(32, 'Printer', '2024-07-25 15:38:56', 2, '2024-07-25 15:38:56', 2),
(33, 'SWITCH 24 PORT', '2024-07-25 15:39:01', 2, '2024-07-25 15:39:01', 2),
(34, 'Access Door', '2024-07-25 15:39:11', 2, '2024-07-25 15:39:11', 2),
(35, 'Fingerprint', '2024-07-25 15:39:16', 2, '2024-07-25 15:39:16', 2),
(36, 'Speaker', '2024-07-25 15:39:21', 2, '2024-07-25 15:39:21', 2),
(37, 'VGA Splitter', '2024-07-25 15:39:25', 2, '2024-07-25 15:39:25', 2),
(38, 'Rak Server', '2024-07-25 15:39:30', 2, '2024-07-25 15:39:30', 2),
(39, 'SERVER', '2024-07-25 15:39:36', 2, '2024-07-25 15:39:36', 2);

-- --------------------------------------------------------

--
-- Table structure for table `m_group`
--

CREATE TABLE `m_group` (
  `id` int(11) NOT NULL,
  `label` varchar(255) NOT NULL,
  `id_product` int(11) NOT NULL,
  `id_stock` int(11) NOT NULL,
  `created_at` datetime NOT NULL,
  `created_by` int(11) NOT NULL,
  `updated_at` datetime NOT NULL,
  `updated_by` int(11) NOT NULL
) ENGINE=InnoDB DEFAULT CHARSET=utf8mb4;

-- --------------------------------------------------------

--
-- Table structure for table `m_item`
--

CREATE TABLE `m_item` (
  `id` int(11) NOT NULL,
  `name` varchar(255) NOT NULL,
  `id_category` int(11) NOT NULL,
  `asset_no` varchar(255) NOT NULL,
  `description` varchar(255) NOT NULL,
  `id_status` int(11) NOT NULL,
  `id_brand` int(11) NOT NULL,
  `id_vendor` int(11) NOT NULL,
  `warranty` varchar(255) NOT NULL,
  `serial_number` char(11) NOT NULL,
  `photo` varchar(255) NOT NULL DEFAULT 'default.jpg',
  `no_po` varchar(255) NOT NULL,
  `no_pr` varchar(255) NOT NULL,
  `created_at` datetime NOT NULL DEFAULT current_timestamp(),
  `created_by` int(11) NOT NULL,
  `updated_at` datetime NOT NULL DEFAULT current_timestamp(),
  `updated_by` int(11) NOT NULL
) ENGINE=InnoDB DEFAULT CHARSET=utf8mb4;

--
-- Dumping data for table `m_item`
--

INSERT INTO `m_item` (`id`, `name`, `id_category`, `asset_no`, `description`, `id_status`, `id_brand`, `id_vendor`, `warranty`, `serial_number`, `photo`, `no_po`, `no_pr`, `created_at`, `created_by`, `updated_at`, `updated_by`) VALUES
(1, 'Notebook Apple MB Pro13 2.3Ghz i5 -SGD$ 2.027,4 Pro', 7, '01/YPAP/IT/NB/07/2011', 'Agustian', 1, 11, 13, '', 'C02FRE8UDH2', 'default.jpg', '', '', '2024-05-29 16:06:00', 3, '2024-06-04 16:00:53', 2),
(2, 'SSD ', 17, '0', 'SSD 870 EVO Samsung, Sata 2.5, 500GB', 1, 9, 8, '', '', 'default.jpg', '', '', '2024-05-29 17:02:29', 3, '2024-05-29 17:02:29', 3),
(3, 'USB Sandisk', 15, '0', 'USB Sandisk 3.0, 32 GB', 1, 10, 8, '', '', 'default.jpg', '', '', '2024-05-29 17:10:46', 3, '2024-05-29 17:10:46', 3),
(4, 'RJ 45 jack ', 3, '0', '@50pcs', 1, 1, 2, '', '', 'default.jpg', '', '', '2024-05-29 17:29:38', 3, '2024-06-03 10:47:17', 2),
(5, 'HDD Laptop 2.5', 17, '0', '', 1, 10, 8, '', '', 'default.jpg', '', '', '2024-05-29 17:39:18', 3, '2024-05-29 17:39:18', 3),
(6, 'Mouse B100', 21, '0', '', 1, 5, 8, '', '', 'default.jpg', '', '', '2024-05-29 17:42:06', 3, '2024-05-29 17:42:06', 3),
(7, 'Kabel LAN Belden', 18, '0', 'kebutuhan maintenance', 1, 10, 9, '', '', 'default.jpg', '', '', '2024-05-30 14:29:10', 2, '2024-05-30 14:29:10', 2),
(8, 'Notebook Lenevo G460 (sn CBH3888604)', 7, '04/YPAP/IT/NB/01/2014', 'Priskila Anggraeny', 1, 4, 9, '', '', 'default.jpg', '', '', '2024-05-30 15:46:59', 2, '2024-05-30 15:46:59', 2),
(9, 'Keyboard', 3, '0', 'periperal', 1, 5, 2, '', '', 'default.jpg', '', '', '2024-05-30 16:08:55', 2, '2024-05-31 10:40:41', 2),
(10, 'Mouse logitech', 3, '0', 'peripheral', 1, 5, 8, '', '', 'default.jpg', '', '', '2024-05-30 16:22:40', 2, '2024-05-31 10:40:28', 2),
(11, 'Mouse Logitech B100', 3, '0', 'kebutuhan user', 1, 5, 8, '', '', 'default.jpg', '', '', '2024-05-30 16:29:58', 2, '2024-05-31 10:41:29', 2),
(12, 'Brosur 8 Prodi', 22, '0', '', 1, 10, 10, '', '', 'default.jpg', '', '', '2024-05-31 15:29:21', 3, '2024-05-31 15:29:21', 3),
(13, 'HP Pavilion 14-N016TU', 7, '08/YPAP/IT/NB/03/2014', 'Sany Heryanto', 1, 8, 9, '', '', 'default.jpg', '', '', '2024-06-04 09:39:30', 2, '2024-06-04 08:40:12', 2),
(14, 'HP Probook 430 ', 7, '09/YPAP/IT/NB/03/2014', 'Nb peminjaman', 1, 8, 9, '', '', 'default.jpg', '', '', '2024-06-04 09:42:52', 2, '2024-06-04 09:42:52', 2),
(15, 'HP Probook 430 ', 7, '10/YPAP/IT/NB/03/2014', 'Veronika Paska/mrkt lt3\r\n', 1, 8, 9, '', '', 'default.jpg', '', '', '2024-06-04 09:44:49', 2, '2024-06-04 09:44:49', 2),
(16, 'Brosur Kelas Karyawan', 22, '0', '', 1, 10, 10, '', '', 'default.jpg', '', '', '2024-06-04 10:21:14', 3, '2024-06-04 10:21:14', 3),
(17, 'Semar', 26, '0', '', 1, 10, 10, '', '', 'default.jpg', '', '', '2024-06-04 10:37:57', 4, '2024-06-04 10:37:57', 4),
(18, 'Gunungan', 26, '0', '', 1, 10, 9, '', '', 'default.jpg', '', '', '2024-06-04 12:06:12', 5, '2024-06-04 12:06:12', 5),
(19, 'Poster Reguler', 27, '0', '', 1, 10, 10, '', '', 'default.jpg', '', '', '2024-06-04 12:57:43', 3, '2024-06-04 12:57:43', 3),
(20, 'Poster Kelas Karyawan', 27, '0', '', 1, 10, 10, '', '', 'default.jpg', '', '', '2024-06-04 13:16:24', 4, '2024-06-04 13:16:24', 4),
(21, 'Goodie bag', 25, '0', '', 1, 10, 9, '', '', 'default.jpg', '', '', '2024-06-04 13:22:24', 4, '2024-06-04 13:22:24', 4),
(22, 'Notes PU', 25, '0', '', 1, 10, 9, '', '', 'default.jpg', '', '', '2024-06-04 14:14:22', 7, '2024-06-04 14:14:22', 7),
(23, 'E-money', 25, '0', '', 1, 10, 9, '', '', 'default.jpg', '', '', '2024-06-04 17:00:44', 4, '2024-06-04 17:00:44', 4),
(24, 'HP Probook 430', 7, '11/YPAP/IT/NB/03/2014', 'Marlina Siahaan mkt/lt3', 1, 8, 9, '', '', 'default.jpg', '', '', '2024-06-04 17:03:00', 2, '2024-06-04 17:03:00', 2),
(25, 'HP Probook 430 ', 7, '12/YPAP/IT/NB/03/2014', 'Fernando Syahputra mkt/lt3', 1, 8, 9, '', '', 'default.jpg', '', '', '2024-06-04 17:04:17', 2, '2024-06-04 16:05:02', 2),
(26, 'HP Probook 430 GI', 7, '14/YPAP/IT/NB/03/2014', 'Belmiro chance mkt/lt3', 1, 8, 9, '', '', 'default.jpg', '', '', '2024-06-04 17:06:49', 2, '2024-06-04 17:06:49', 2),
(27, 'Lenovo black Ideapad S410P ', 7, '15/YPAP/IT/NB/05/2014/Rev', 'Rahmatyas Aditantri Kaprodi Pwk', 1, 4, 2, '', '', 'default.jpg', '', '', '2024-06-04 17:10:17', 2, '2024-06-04 17:10:17', 2),
(28, 'HP Probook 430 G1', 7, '17/YPAP/IT/NB/06/2014', 'Peminjaman Mobile no3\r\n', 1, 8, 9, '', '', 'default.jpg', '', '', '2024-06-04 17:11:39', 2, '2024-06-04 17:11:39', 2),
(29, 'Lenovo Z410 Ideapad', 7, '18/YPAP/IT/NB/06/2014', 'R.IT lantai 5\r\n', 1, 4, 2, '', '', 'default.jpg', '', '', '2024-06-05 09:58:25', 2, '2024-06-05 09:58:25', 2),
(30, 'HP 240', 7, '19/YPAP/IT/NB/10/2014', 'Prima Putri Roulina mkt/lt3', 1, 8, 9, '', '', 'default.jpg', '', '', '2024-06-05 09:59:42', 2, '2024-06-05 09:05:27', 2),
(31, 'HP 240', 7, '20/YPAP/IT/NB/10/2014', 'Back up peminjaman\r\n', 1, 8, 9, '', '', 'default.jpg', '', '', '2024-06-05 10:03:51', 2, '2024-06-05 10:03:51', 2),
(32, 'HP Pavilion 14-n037tx', 7, '22/YPAP/IT/NB/08/2014', 'Steven setiadi mkt/lt3\r\n', 1, 8, 9, '', '', 'default.jpg', '', '', '2024-06-05 10:09:34', 2, '2024-06-05 10:09:34', 2),
(33, 'Lenovo Z4070', 7, '23/YPAP/IT/NB/03/2015', 'Ferdinand Fassa/ lpmi\r\n', 1, 4, 2, '', '', 'default.jpg', '', '', '2024-06-05 10:10:58', 2, '2024-06-05 10:10:58', 2),
(34, 'HP Pavilion 14-R202tx', 7, '24/YPAP/IT/NB/12/2015', 'Lenywati/BisDev\r\n', 1, 8, 9, '', '', 'default.jpg', '', '', '2024-06-05 10:13:11', 2, '2024-06-05 10:13:11', 2),
(35, 'HP Pavilion 14-R202tx', 7, '27/YPAP/IT/NB/04/2016', 'Devia Megasari mkt/lt3\r\n', 1, 8, 9, '', '', 'default.jpg', '', '', '2024-06-05 10:14:36', 2, '2024-06-05 10:14:36', 2),
(36, 'HP 14-bs089TX ', 7, '29/YPAP/IT/NB/10/2018', 'Viktor Kabag HRD\r\n', 1, 1, 2, '', '', 'default.jpg', '', '', '2024-06-05 10:15:56', 2, '2024-06-05 10:15:56', 2),
(37, 'HP 14-bs089TX ', 7, '30/YPAP/IT/NB/10/2018', 'Aang Sumpena Kabag GA\r\n', 1, 4, 9, '', '', 'default.jpg', '', '', '2024-06-05 10:17:18', 2, '2024-06-05 10:17:18', 2),
(38, 'HP 14- bs 742TU', 7, '31/YPAP/IT/NB/12/2018', 'R.IT lantai 5\r\n', 1, 8, 9, '', '', 'default.jpg', '', '', '2024-06-05 10:18:38', 2, '2024-06-05 10:18:38', 2),
(39, 'DELL Inspiron 13 7386', 7, '32/YPAP/IT/NB/04/2019', 'Martin Hasen Kabag IT\r\n', 1, 10, 9, '', '', 'default.jpg', '', '', '2024-06-05 10:20:34', 2, '2024-06-05 10:20:34', 2),
(40, 'Lenovo Thinkpad E480', 7, '33/YPAP/IT/NB/09/2019', 'Budi Riyanto Kaprodi Hbp\r\n', 1, 4, 2, '', '', 'default.jpg', '', '', '2024-06-05 10:30:51', 2, '2024-06-05 10:30:51', 2),
(41, 'Lenovo Thinkpad E480', 7, '35/YPAP/IT/NB/09/2019', 'Sovie L Kabag SAS\r\n', 1, 4, 2, '', '', 'default.jpg', '', '', '2024-06-05 10:32:49', 2, '2024-06-05 10:32:49', 2),
(42, 'Lenovo Thinkpad E480', 7, '36/YPAP/IT/NB/09/2019', 'Felix Oktarianto Kabag Pux\r\n', 1, 4, 2, '', '', 'default.jpg', '', '', '2024-06-05 10:34:08', 2, '2024-06-05 10:34:08', 2),
(43, 'Lenovo Thinkpad E490', 7, '37/YPAP/IT/NB/01/2020', 'Yasinta Indrianti Warek1', 1, 4, 2, '', '', 'default.jpg', '', '', '2024-06-05 10:35:34', 2, '2024-06-05 09:39:52', 2),
(44, 'Lenovo Thinkpad E490', 7, '38/YPAP/IT/NB/01/2020 ', 'Wisnu Dewobroto Kaprodi ENT\r\n', 1, 4, 2, '', '', 'default.jpg', '', '', '2024-06-05 10:39:25', 2, '2024-06-05 10:39:25', 2),
(45, 'Lenovo V14G2 ITL', 7, '39/YPAP/IT/NB/06/2022', 'Santi Palupi Warek3\r\n', 1, 4, 2, '', '', 'default.jpg', '', '', '2024-06-05 10:41:04', 2, '2024-06-05 10:41:04', 2),
(46, 'Asus Ai3 A1400EA-FHD323 sn:R8N0CV01B099314', 7, '40/YPAP/IT/NB/11/2023', 'Sandra Dewi Kabag Finance\r\n', 1, 1, 8, '', '', 'default.jpg', '', '', '2024-06-05 10:42:22', 2, '2024-06-05 10:42:22', 2),
(47, 'Payung', 24, '0', '', 0, 10, 9, '', '', 'default.jpg', '', '', '2024-06-05 15:21:40', 3, '2024-06-05 15:21:40', 3),
(49, 'PC Asrock i5-333-Box - HD200GB - LED LG 16\"', 3, '04/YPAP/IT/PC/06/2013', 'Rahmi Taufika\r\n', 1, 10, 9, '', '', 'default.jpg', '', '', '2024-06-06 11:16:00', 2, '2024-06-06 11:16:00', 2),
(50, 'PC Rakitan - 1 Set dgn LCD, Keyboard & Mouse', 3, '05/YPAP/IT/PC/01/2014', 'Herlia Eka admin/pucel\r\n', 1, 10, 9, '', '', 'default.jpg', '', '', '2024-06-06 11:19:44', 2, '2024-06-06 11:19:44', 2),
(51, 'PC Rakitan - 1 Set dgn LCD, Keyboard & Mouse', 3, '06/YPAP/IT/PC/01/2014', 'Ready standby di ruang pucel', 1, 10, 9, '', '', 'default.jpg', '', '', '2024-06-06 11:21:43', 2, '2024-06-06 11:21:43', 2),
(52, 'PC Rakitan - 1 Set dgn LCD, Keyboard & Mouse', 3, '07/YPAP/IT/PC/01/2014', 'Steven ruang admisi lt3', 1, 10, 9, '', '', 'default.jpg', '', '', '2024-06-06 11:25:02', 2, '2024-06-06 14:52:26', 2),
(53, 'PC Rakitan - 1 Set dgn LCD, Keyboard & Mouse', 3, '08/YPAP/IT/PC/01/2014', 'Ruang IT lt5\r\n', 1, 10, 9, '', '', 'default.jpg', '', '', '2024-06-06 14:57:45', 2, '2024-06-06 14:57:45', 2),
(54, 'PC Rakitan - 1 Set dgn LCD, Keyboard & Mouse', 3, '09/YPAP/IT/PC/01/2014', 'RuangIT LT5\r\n', 1, 10, 9, '', '', 'default.jpg', '', '', '2024-06-06 14:58:43', 2, '2024-06-06 14:58:43', 2),
(55, 'PC Rakitan - 1 Set dgn LCD, Keyboard & Mouse', 3, '10/YPAP/IT/PC/01/2014', 'Ruang IT lt5\r\n', 1, 10, 9, '', '', 'default.jpg', '', '', '2024-06-06 15:00:09', 2, '2024-06-06 15:00:09', 2),
(56, 'PC Rakitan - 1 Set dgn LCD, Keyboard & Mouse', 3, '11/YPAP/IT/PC/01/2014', 'Ready admisi lt3', 1, 10, 9, '', '', 'default.jpg', '', '', '2024-06-06 15:04:01', 2, '2024-06-11 15:01:46', 2),
(57, 'PC Rakitan - 1 Set dgn LCD, Keyboard & Mouse', 3, '12/YPAP/IT/PC/01/2014', 'Ferghyna', 1, 10, 9, '', '', 'default.jpg', '', '', '2024-06-11 15:47:22', 2, '2024-06-11 15:47:22', 2),
(58, 'PC Rakitan - 1 Set dgn LCD, Keyboard & Mouse', 3, '13/YPAP/IT/PC/01/2014', 'Ready sas lt5', 1, 10, 9, '', '', 'default.jpg', '', '', '2024-06-11 15:48:48', 2, '2024-06-11 15:02:45', 2),
(59, 'PC Rakitan - 1 Set dgn LCD, Keyboard & Mouse', 3, '14/YPAP/IT/PC/01/2014', 'Maintenance \r\n', 1, 10, 9, '', '', 'default.jpg', '', '', '2024-06-11 15:49:54', 2, '2024-06-11 15:49:54', 2),
(60, 'PC Rakitan - 1 Set dgn LCD, Keyboard & Mouse', 3, '15/YPAP/IT/PC/03/2014', 'Rufianah Hidayati\r\n', 1, 10, 9, '', '', 'default.jpg', '', '', '2024-06-11 15:50:53', 2, '2024-06-11 15:50:53', 2),
(61, 'PC Rakitan - 1 Set dgn LCD, Keyboard & Mouse', 3, '16/YPAP/IT/PC/03/2014', 'Rosalia A.O\r\n', 1, 10, 9, '', '', 'default.jpg', '', '', '2024-06-11 15:51:53', 2, '2024-06-11 15:51:53', 2),
(62, 'PC Rakitan - 1 Set dgn LCD, Keyboard & Mouse', 3, '17/YPAP/IT/PC/03/2014', '522\r\n', 1, 10, 9, '', '', 'default.jpg', '', '', '2024-06-11 15:52:51', 2, '2024-06-11 15:52:51', 2),
(63, 'PC Rakitan - 1 Set dgn LCD, Keyboard & Mouse', 3, '18/YPAP/IT/PC/03/2014', 'Ready staff asc lt6\r\n', 1, 10, 9, '', '', 'default.jpg', '', '', '2024-06-11 15:55:22', 2, '2024-06-11 15:55:22', 2),
(64, 'PC Rakitan - 1 Set dgn LCD, Keyboard & Mouse', 3, '19/YPAP/IT/PC/03/2014', 'Lany\r\n', 1, 10, 9, '', '', 'default.jpg', '', '', '2024-06-11 16:04:06', 2, '2024-06-11 16:04:06', 2),
(65, 'PC Rakitan - 1 Set dgn LCD, Keyboard & Mouse', 3, '21/YPAP/IT/PC/03/2014', '514\r\n', 1, 10, 9, '', '', 'default.jpg', '', '', '2024-06-12 14:16:48', 2, '2024-06-12 14:16:48', 2),
(66, 'PC Rakitan - 1 Set dgn LCD, Keyboard & Mouse', 3, '22/YPAP/IT/PC/03/2014', 'Sunny\r\n', 1, 10, 9, '', '', 'default.jpg', '', '', '2024-06-12 14:18:08', 2, '2024-06-12 14:18:08', 2),
(67, 'PC Rakitan - 1 Set dgn LCD, Keyboard & Mouse', 3, '23/YPAP/IT/PC/03/2014', 'Ready ruang T lt5\r\n', 1, 10, 9, '', '', 'default.jpg', '', '', '2024-06-12 14:19:42', 2, '2024-06-12 14:19:42', 2),
(68, 'PC Rakitan - 1 Set dgn LCD, Keyboard & Mouse', 3, '24/YPAP/IT/PC/03/2014', 'Victor Kosim\r\n', 1, 10, 9, '', '', 'default.jpg', '', '', '2024-06-12 14:20:51', 2, '2024-06-12 14:20:51', 2),
(69, 'PC Rakitan - 1 Set dgn LCD, Keyboard & Mouse', 3, '25/YPAP/IT/PC/03/2014', 'Front Office hbp\r\n', 1, 10, 9, '', '', 'default.jpg', '', '', '2024-06-12 14:22:04', 2, '2024-06-12 14:22:04', 2),
(70, 'PC Rakitan - 1 Set dgn LCD, Keyboard & Mouse', 3, '26/YPAP/IT/PC/03/2014', 'Jessica Ribka/pucel\r\n', 1, 10, 9, '', '', 'default.jpg', '', '', '2024-06-12 14:23:24', 2, '2024-06-12 14:23:24', 2),
(71, 'PC Rakitan - 1 Set dgn LCD, Keyboard & Mouse', 3, '27/YPAP/IT/PC/03/2014', 'Dimas Akih/finance\r\n', 1, 10, 9, '', '', 'default.jpg', '', '', '2024-06-12 14:24:37', 2, '2024-06-12 14:24:37', 2),
(72, 'PC Rakitan - 1 Set dgn LCD, Keyboard & Mouse', 3, '28/YPAP/IT/PC/04/2014', 'vacant belakang 512\r\n', 1, 10, 9, '', '', 'default.jpg', '', '', '2024-06-12 14:39:35', 2, '2024-06-12 14:39:35', 2),
(73, 'PC Rakitan - 1 Set dgn LCD, Keyboard & Mouse', 3, '29/YPAP/IT/PC/05/2014', 'Wahyu Samudera/ga\r\n', 1, 10, 9, '', '', 'default.jpg', '', '', '2024-06-14 10:09:17', 2, '2024-06-14 10:09:17', 2),
(74, 'PC Rakitan - 1 Set dgn LCD, Keyboard & Mouse', 3, '30/YPAP/IT/PC/05/2014', 'maintenance it lt5\r\n', 1, 10, 9, '', '', 'default.jpg', '', '', '2024-06-14 10:11:28', 2, '2024-06-14 10:11:28', 2),
(75, 'PC Rakitan - 1 Set dgn LCD, Keyboard & Mouse', 3, '31/YPAP/IT/PC/06/2014', 'Andrian Supriyadi/finance\r\n', 1, 10, 9, '', '', 'default.jpg', '', '', '2024-06-14 10:12:56', 2, '2024-06-14 10:12:56', 2),
(76, 'PC Rakitan - 1 Set dgn LCD, Keyboard & Mouse', 3, '32/YPAP/IT/PC/06/2014', 'Esty S.H /sas\r\n', 1, 10, 9, '', '', 'default.jpg', '', '', '2024-06-14 10:14:00', 2, '2024-06-14 10:14:00', 2),
(78, 'Keyboard Test', 16, 'xx', 'Test', 1, 12, 15, '', '111', 'default.jpg', '', '', '2024-06-28 16:43:21', 37, '2024-06-28 16:43:21', 37),
(79, 'Mouse Test', 21, 'yy', 'Test', 1, 12, 16, '', '112', 'default.jpg', '', '', '2024-06-28 16:43:21', 37, '2024-06-28 16:43:21', 37),
(80, 'Keyboard Test Test ', 16, '0', 'Test', 1, 12, 2, '', '0', 'default.jpg', '', '', '2024-06-28 16:45:52', 37, '2024-06-28 16:45:52', 37),
(81, 'Mouse Test Test', 21, '0', 'Test', 1, 12, 2, '', '0', 'default.jpg', '', '', '2024-06-28 16:45:52', 37, '2024-06-28 16:45:52', 37),
(82, 'test mouse', 28, '11', 'test mouse', 1, 12, 2, '', '0', 'default.jpg', '', '', '2024-06-28 17:21:17', 37, '2024-06-28 17:21:17', 37),
(83, 'PC Rakitan - 1 Set dgn LCD, Keyboard & Mouse', 3, '33/YPAP/IT/PC/08/2014', 'Front Office hbp lt6\r\n', 1, 10, 9, '', '', 'default.jpg', '', '', '2024-07-08 08:40:05', 2, '2024-07-08 08:40:05', 2),
(84, 'PC Rakitan - 1 Set dgn LCD, Keyboard & Mouse', 3, '34/YPAP/IT/PC/08/2014', 'Front Office hbp lt6\r\n', 1, 10, 9, '', '', 'default.jpg', '', '', '2024-07-08 08:41:22', 2, '2024-07-08 08:41:22', 2),
(85, 'PC Rakitan - 1 Set dgn LCD, Keyboard & Mouse', 3, '35/YPAP/IT/PC/08/2014', 'Front Office hbp lt6\r\n', 1, 10, 9, '', '', 'default.jpg', '', '', '2024-07-08 08:42:34', 2, '2024-07-08 08:42:34', 2),
(86, 'PC Rakitan - 1 Set dgn LCD, Keyboard & Mouse', 3, '36/YPAP/IT/PC/08/2014', 'Ready staff admisi lt3\r\n', 1, 10, 9, '', '', 'default.jpg', '', '', '2024-07-08 08:44:27', 2, '2024-07-08 08:44:27', 2),
(87, 'PC Rakitan - 1 Set dgn LCD, Keyboard & Mouse', 3, '37/YPAP/IT/PC/08/2014', 'Ika P.O\r\n', 1, 10, 9, '', '', 'default.jpg', '', '', '2024-07-08 08:46:49', 2, '2024-07-08 08:46:49', 2),
(88, 'PC Rakitan - 1 Set dgn LCD, Keyboard & Mouse', 3, '38/YPAP/IT/PC/08/2014', 'Michelle M.Sucitas \r\n', 1, 10, 9, '', '', 'default.jpg', '', '', '2024-07-08 08:48:59', 2, '2024-07-08 08:48:59', 2),
(89, 'PC Rakitan - 1 Set dgn LCD, Keyboard & Mouse', 3, '39/YPAP/IT/PC/08/2014', 'Aji Kowiyu\r\n', 1, 10, 9, '', '', 'default.jpg', '', '', '2024-07-08 08:49:53', 2, '2024-07-08 08:49:53', 2),
(90, 'PC Rakitan - 1 Set dgn LCD, Keyboard & Mouse', 3, '40/YPAP/IT/PC/08/2014', 'Sri sulastri\r\n', 1, 10, 9, '', '', 'default.jpg', '', '', '2024-07-08 08:50:45', 2, '2024-07-08 08:50:45', 2),
(91, 'PC Rakitan - 1 Set dgn LCD, Keyboard & Mouse', 3, '41/YPAP/IT/PC/08/2014', 'ready library lt5', 1, 10, 9, '', '', 'default.jpg', '', '', '2024-07-08 08:52:00', 2, '2024-07-08 08:52:00', 2),
(92, 'PC Rakitan - 1 Set dgn LCD, Keyboard & Mouse', 3, '42/YPAP/IT/PC/08/2014', 'ready ex admin r.dosen lt5', 1, 10, 9, '', '', 'default.jpg', '', '', '2024-07-08 14:41:25', 2, '2024-07-08 14:41:25', 2),
(93, 'PC Rakitan - 1 Set dgn LCD, Keyboard & Mouse', 3, '43/YPAP/IT/PC/08/2014', 'kelas 506', 1, 10, 9, '', '', 'default.jpg', '', '', '2024-07-12 09:08:30', 2, '2024-07-12 09:08:30', 2),
(94, 'PC Rakitan - 1 Set dgn LCD, Keyboard & Mouse', 3, '44/YPAP/IT/PC/08/2014', 'perbaikan ruang IT lt5', 1, 10, 9, '', '', 'default.jpg', '', '', '2024-07-12 09:10:32', 2, '2024-07-12 09:10:32', 2),
(95, 'PC Rakitan - 1 Set dgn LCD, Keyboard & Mouse', 3, '45/YPAP/IT/PC/08/2014', 'Agustian \r\n', 1, 10, 9, '', '', 'default.jpg', '', '', '2024-07-12 09:11:28', 2, '2024-07-12 09:11:28', 2),
(96, 'PC Rakitan - 1 Set dgn LCD, Keyboard & Mouse', 3, '46/YPAP/IT/PC/08/2014', 'R.IT lt5\r\n', 1, 10, 9, '', '', 'default.jpg', '', '', '2024-07-12 09:12:17', 2, '2024-07-12 09:12:17', 2),
(97, 'PC Rakitan - 1 Set dgn LCD, Keyboard & Mouse', 3, '47/YPAP/IT/PC/09/2014', 'Sarwanto\r\n', 1, 10, 9, '', '', 'default.jpg', '', '', '2024-07-12 09:13:16', 2, '2024-07-12 09:13:16', 2),
(98, 'PC Rakitan - 1 Set dgn LCD, Keyboard & Mouse', 3, '48/YPAP/IT/PC/09/2014', 'Lydia Dessyana\r\n', 1, 10, 9, '', '', 'default.jpg', '', '', '2024-07-12 09:14:07', 2, '2024-07-12 09:14:07', 2),
(99, 'PC Rakitan - 1 Set dgn LCD, Keyboard & Mouse', 3, '49/YPAP/IT/PC/10/2014', 'Dina Mairani\r\n', 1, 10, 9, '', '', 'default.jpg', '', '', '2024-07-12 09:15:07', 2, '2024-07-12 09:15:07', 2),
(100, 'PC Rakitan - 1 Set dgn LCD, Keyboard & Mouse', 3, '50/YPAP/IT/PC/10/2014', 'Mira Angelica S\r\n', 1, 10, 9, '', '', 'default.jpg', '', '', '2024-07-12 09:15:50', 2, '2024-07-12 09:15:50', 2),
(101, 'PC Rakitan - 1 Set dgn LCD, Keyboard & Mouse', 3, '51/YPAP/IT/PC/06/2015', 'Resto lama lab hbp lt6\r\n', 1, 10, 9, '', '', 'default.jpg', '', '', '2024-07-12 09:16:59', 2, '2024-07-12 09:16:59', 2),
(102, 'PC Rakitan - 1 Set dgn LCD, Keyboard & Mouse', 3, '52/YPAP/IT/PC/06/2015', 'M.imron sopary\r\n', 1, 10, 9, '', '', 'default.jpg', '', '', '2024-07-12 09:17:50', 2, '2024-07-12 09:17:50', 2),
(103, 'PC Rakitan - 1 Set dgn LCD, Keyboard & Mouse', 3, '53/YPAP/IT/PC/01/2015', 'Resto lama lab hbp lt6', 1, 10, 9, '', '', 'default.jpg', '', '', '2024-07-12 09:18:51', 2, '2024-07-12 08:19:20', 2),
(104, 'PC Rakitan - 1 Set dgn LCD, Keyboard & Mouse', 3, '54/YPAP/IT/PC/01/2015', 'Carla Margareta\r\n', 1, 10, 9, '', '', 'default.jpg', '', '', '2024-07-12 09:20:23', 2, '2024-07-12 09:20:23', 2),
(105, 'PC Rakitan - 1 Set dgn LCD, Keyboard & Mouse', 3, '55/YPAP/IT/PC/01/2015', 'Rifaih\r\n', 1, 10, 9, '', '', 'default.jpg', '', '', '2024-07-12 09:21:14', 2, '2024-07-12 09:21:14', 2),
(106, 'PC Rakitan - 1 Set dgn LCD, Keyboard & Mouse', 3, '56/YPAP/IT/PC/01/2015', 'Lab Accounting\r\n', 1, 10, 9, '', '', 'default.jpg', '', '', '2024-07-12 09:22:28', 2, '2024-07-12 09:22:28', 2),
(107, 'PC Rakitan - 1 Set dgn LCD, Keyboard & Mouse', 3, '57/YPAP/IT/PC/01/2015', 'Erlina\r\n', 1, 10, 9, '', '', 'default.jpg', '', '', '2024-07-12 09:23:43', 2, '2024-07-12 09:23:43', 2),
(108, 'PC Rakitan - 1 Set dgn LCD, Keyboard & Mouse', 3, '58/YPAP/IT/PC/01/2015', 'Rachel G\r\n', 1, 10, 9, '', '', 'default.jpg', '', '', '2024-07-12 09:24:30', 2, '2024-07-12 09:24:30', 2),
(109, 'PC Rakitan - 1 Set dgn LCD, Keyboard & Mouse', 3, '59/YPAP/IT/PC/01/2015', 'Maintenance  ruang IT lt5\r\n', 1, 10, 9, '', '', 'default.jpg', '', '', '2024-07-12 09:25:33', 2, '2024-07-12 09:25:33', 2),
(110, 'PC Rakitan - 1 Set dgn LCD, Keyboard & Mouse', 3, '60/YPAP/IT/PC/01/2015', 'Anggraeny Pramesti\r\n', 1, 10, 9, '', '', 'default.jpg', '', '', '2024-07-12 09:26:26', 2, '2024-07-12 09:26:26', 2),
(111, 'PC Rakitan - 1 Set dgn LCD, Keyboard & Mouse', 3, '61/YPAP/IT/PC/01/2015', 'Ready/ASC lt6\r\n', 1, 10, 9, '', '', 'default.jpg', '', '', '2024-07-12 09:28:26', 2, '2024-07-12 09:28:26', 2),
(112, 'PC Rakitan - 1 Set dgn LCD, Keyboard & Mouse', 3, '62/YPAP/IT/PC/01/2015', 'Maintenance /ruang iit lt5\r\n', 1, 10, 9, '', '', 'default.jpg', '', '', '2024-07-12 09:29:24', 2, '2024-07-12 09:29:24', 2),
(113, 'PC Rakitan - 1 Set dgn LCD, Keyboard & Mouse', 3, '63/YPAP/IT/PC/11/2015', 'Lab Accounting\r\n', 1, 10, 9, '', '', 'default.jpg', '', '', '2024-07-12 09:30:29', 2, '2024-07-12 09:30:29', 2),
(114, 'PC Rakitan - 1 Set dgn LCD, Keyboard & Mouse', 3, '64/YPAP/IT/PC/11/2015', 'Lab Accounting\r\n', 1, 10, 9, '', '', 'default.jpg', '', '', '2024-07-12 09:31:52', 2, '2024-07-12 09:31:52', 2),
(115, 'PC Rakitan - 1 Set dgn LCD, Keyboard & Mouse', 3, '65/YPAP/IT/PC/11/2015', 'Lab Accounting', 1, 10, 9, '', '', 'default.jpg', '', '', '2024-07-12 09:32:48', 2, '2024-07-12 09:32:48', 2),
(116, 'PC Rakitan - 1 Set dgn LCD, Keyboard & Mouse', 3, '66/YPAP/IT/PC/11/2015', 'Lab Accounting', 1, 10, 9, '', '', 'default.jpg', '', '', '2024-07-12 09:33:44', 2, '2024-07-12 09:33:44', 2),
(117, 'PC Rakitan - 1 Set dgn LCD, Keyboard & Mouse', 3, '67/YPAP/IT/PC/11/2015', 'Lab Accounting', 1, 10, 9, '', '', 'default.jpg', '', '', '2024-07-12 09:34:25', 2, '2024-07-12 09:34:25', 2),
(120, 'Notebook Apple MB Pro13 2.3Ghz i5 - Yennah Mulia, SGD$ 2.027,4', 7, '01/YPAP/IT/NB/07/2011', 'Notebook Apple MB Pro13 2.3Ghz i5 - Yennah Mulia, SGD$ 2.027,4', 1, 13, 17, '', '-', 'default.jpg', '', '', '2024-07-25 15:38:34', 2, '2024-07-25 15:38:34', 2),
(121, 'Lenovo G470', 7, '02/YPAP/IT/NB/10/2011', 'Lenovo G470', 1, 13, 17, '', '-', 'default.jpg', '', '', '2024-07-25 15:38:34', 2, '2024-07-25 15:38:34', 2),
(122, 'Lenovo G480(sn :WB10590166)', 7, '03/YPAP/IT/NB/05/2013', 'Lenovo G480(sn :WB10590166)', 1, 13, 17, '', '-', 'default.jpg', '', '', '2024-07-25 15:38:34', 2, '2024-07-25 15:38:34', 2),
(123, 'Lenovo G460 sn( CBH3888604)', 7, '04/YPAP/IT/NB/01/2014', 'Lenovo G460 sn( CBH3888604)', 1, 13, 17, '', '-', 'default.jpg', '', '', '2024-07-25 15:38:34', 2, '2024-07-25 15:38:34', 2),
(124, 'Lenovo Ideapad S410p (s/n WB13163779)', 7, '06/YPAP/IT/NB/01/2014', 'Lenovo Ideapad S410p (s/n WB13163779)', 1, 13, 17, '', '-', 'default.jpg', '', '', '2024-07-25 15:38:34', 2, '2024-07-25 15:38:34', 2),
(125, 'Lenovo Ideapad S410p (s/n WB13164257 )', 7, '07/YPAP/IT/NB/01/2014', 'Lenovo Ideapad S410p (s/n WB13164257 )', 1, 13, 17, '', '-', 'default.jpg', '', '', '2024-07-25 15:38:34', 2, '2024-07-25 15:38:34', 2),
(126, 'HP Probook 430 G1 (sn 2CE3381FQS)', 7, '13/YPAP/IT/NB/03/2014', 'HP Probook 430 G1 (sn 2CE3381FQS)', 1, 13, 17, '', '-', 'default.jpg', '', '', '2024-07-25 15:38:34', 2, '2024-07-25 15:38:34', 2),
(127, 'Probook', 7, '15/YPAP/IT/NB/05/2014', 'Probook', 1, 13, 17, '', '-', 'default.jpg', '', '', '2024-07-25 15:38:34', 2, '2024-07-25 15:38:34', 2),
(128, 'HP Pavilion N016TU (sn 5CD35041T)', 7, '16/YPAP/IT/NB/05/2014', 'HP Pavilion N016TU (sn 5CD35041T)', 1, 13, 17, '', '-', 'default.jpg', '', '', '2024-07-25 15:38:34', 2, '2024-07-25 15:38:34', 2),
(129, 'HP 240', 7, '21/YPAP/IT/NB/10/2014', 'HP 240', 1, 13, 17, '', '-', 'default.jpg', '', '', '2024-07-25 15:38:34', 2, '2024-07-25 15:38:34', 2),
(130, 'HP Pavilion 14-R202tx', 7, '25/YPAP/IT/NB/12/2015/Rev', 'HP Pavilion 14-R202tx', 1, 13, 17, '', '-', 'default.jpg', '', '', '2024-07-25 15:38:34', 2, '2024-07-25 15:38:34', 2),
(131, 'HP Pavilion 14-R202tx', 7, '26/YPAP/IT/NB/02/2015/Rev', 'HP Pavilion 14-R202tx', 1, 13, 17, '', '-', 'default.jpg', '', '', '2024-07-25 15:38:34', 2, '2024-07-25 15:38:34', 2),
(132, 'HP Pavilion 14-R202tx (sn CND5183677)', 7, '28/YPAP/IT/NB/02/2016', 'HP Pavilion 14-R202tx (sn CND5183677)', 1, 13, 17, '', '-', 'default.jpg', '', '', '2024-07-25 15:38:34', 2, '2024-07-25 15:38:34', 2),
(133, 'Lenovo Thinkpad E480', 7, '34/YPAP/IT/NB/09/2019', 'Lenovo Thinkpad E480', 1, 13, 17, '', '-', 'default.jpg', '', '', '2024-07-25 15:38:34', 2, '2024-07-25 15:38:34', 2),
(134, 'VGA Switcher', 29, '01/YPAP/VW/08/2014', '1 Unit VGA Switcher VS0202', 1, 13, 18, '', '-', 'default.jpg', '', '', '2024-07-25 15:38:40', 2, '2024-07-25 15:38:40', 2),
(135, 'VGA Switcher', 29, '02/YPAP/VW/08/2014', '1 Unit VGA Switcher VS0201', 1, 13, 18, '', '-', 'default.jpg', '', '', '2024-07-25 15:38:40', 2, '2024-07-25 15:38:40', 2),
(136, 'VGA Switcher', 29, '03/YPAP/VW/08/2014', '1 Unit VGA Switcher VS0201', 1, 13, 18, '', '-', 'default.jpg', '', '', '2024-07-25 15:38:40', 2, '2024-07-25 15:38:40', 2),
(137, 'VGA Switcher', 29, '04/YPAP/VW/08/2014', '1 Unit VGA Switcher VS0201', 1, 13, 18, '', '-', 'default.jpg', '', '', '2024-07-25 15:38:40', 2, '2024-07-25 15:38:40', 2),
(138, 'VGA Switcher', 29, '05/YPAP/VW/08/2014', '1 Unit VGA Switcher VS0201', 1, 13, 18, '', '-', 'default.jpg', '', '', '2024-07-25 15:38:40', 2, '2024-07-25 15:38:40', 2),
(139, 'VGA Switcher', 29, '06/YPAP/VW/08/2014', '1 Unit VGA Switcher VS0201', 1, 13, 18, '', '-', 'default.jpg', '', '', '2024-07-25 15:38:40', 2, '2024-07-25 15:38:40', 2),
(140, 'VGA Switcher', 29, '07/YPAP/VW/07/2015', '1 Unit VGA Switcher VS0201', 1, 13, 19, '', '-', 'default.jpg', '', '', '2024-07-25 15:38:40', 2, '2024-07-25 15:38:40', 2),
(141, 'VGA Switcher', 29, '08/YPAP/VW/07/2015', '1 Unit VGA Switcher VS0201', 1, 13, 19, '', '-', 'default.jpg', '', '', '2024-07-25 15:38:40', 2, '2024-07-25 15:38:40', 2),
(142, 'VGA Switcher', 29, '09/YPAP/VW/07/2015', '1 Unit VGA Switcher VS0201', 1, 13, 19, '', '-', 'default.jpg', '', '', '2024-07-25 15:38:40', 2, '2024-07-25 15:38:40', 2),
(143, 'VGA Switcher', 29, '10/YPAP/VW/07/2015', '1 Unit VGA Switcher VS0201', 1, 13, 19, '', '-', 'default.jpg', '', '', '2024-07-25 15:38:40', 2, '2024-07-25 15:38:40', 2),
(144, 'VGA Switcher', 29, '11/YPAP/VW/07/2015', '1 Unit VGA Switcher VS0201', 1, 13, 19, '', '-', 'default.jpg', '', '', '2024-07-25 15:38:40', 2, '2024-07-25 15:38:40', 2),
(145, 'VGA Switcher', 29, '12/YPAP/VW/07/2015', '1 Unit VGA Switcher VS0201', 1, 13, 19, '', '-', 'default.jpg', '', '', '2024-07-25 15:38:40', 2, '2024-07-25 15:38:40', 2),
(146, 'VGA Switcher', 29, '13/YPAP/VW/07/2015', '1 Unit VGA Switcher VS0201', 1, 13, 19, '', '-', 'default.jpg', '', '', '2024-07-25 15:38:40', 2, '2024-07-25 15:38:40', 2),
(147, 'VGA Switcher', 29, '14/YPAP/VW/08/2016', '1 Unit VGA Switcher VS0201', 1, 13, 20, '', '-', 'default.jpg', '', '', '2024-07-25 15:38:40', 2, '2024-07-25 15:38:40', 2),
(148, 'VGA Switcher', 29, '15/YPAP/VW/08/2016', '1 Unit VGA Switcher VS0201', 1, 13, 20, '', '-', 'default.jpg', '', '', '2024-07-25 15:38:40', 2, '2024-07-25 15:38:40', 2),
(149, 'VGA Switcher', 29, '16/YPAP/VW/08/2016', '1 Unit VGA Switcher VS0201', 1, 13, 20, '', '-', 'default.jpg', '', '', '2024-07-25 15:38:40', 2, '2024-07-25 15:38:40', 2),
(150, 'VGA Switcher', 29, '17/YPAP/VW/08/2016', '1 Unit VGA Switcher VS0201', 1, 13, 20, '', '-', 'default.jpg', '', '', '2024-07-25 15:38:40', 2, '2024-07-25 15:38:40', 2),
(151, 'VGA Switcher', 29, '18/YPAP/VW/10/2016', '1 Unit VGA Switcher VS0201', 1, 13, 21, '', '-', 'default.jpg', '', '', '2024-07-25 15:38:40', 2, '2024-07-25 15:38:40', 2),
(152, 'VGA Switcher', 29, '19/YPAP/VW/10/2016', '1 Unit VGA Switcher VS0201', 1, 13, 21, '', '-', 'default.jpg', '', '', '2024-07-25 15:38:40', 2, '2024-07-25 15:38:40', 2),
(153, 'VGA Switcher', 29, '20/YPAP/VW/10/2016', '1 Unit VGA Switcher VS0201', 1, 13, 21, '', '-', 'default.jpg', '', '', '2024-07-25 15:38:40', 2, '2024-07-25 15:38:40', 2),
(154, 'VGA Switcher', 29, '21/YPAP/VW/02/2017', '1 Unit VGA Switcher VS0201', 1, 13, 22, '', '-', 'default.jpg', '', '', '2024-07-25 15:38:40', 2, '2024-07-25 15:38:40', 2),
(155, 'VGA Switcher', 29, '22/YPAP/VW/01/2019', '1 Unit Aten VGA Switcher Matrix VS0202', 1, 13, 17, '', '-', 'default.jpg', '', '', '2024-07-25 15:38:40', 2, '2024-07-25 15:38:40', 2),
(156, 'VGA Switcher', 29, '23/YPAP/VW/01/2020', '1 Unit Aten VGA Switcher Matrix VS0202', 1, 13, 17, '', '-', 'default.jpg', '', '', '2024-07-25 15:38:40', 2, '2024-07-25 15:38:40', 2),
(157, 'VGA Switcher', 29, '24/YPAP/VW/01/2020', '1 Unit Aten VGA Switcher Matrix VS0202', 1, 13, 17, '', '-', 'default.jpg', '', '', '2024-07-25 15:38:40', 2, '2024-07-25 15:38:40', 2),
(158, 'VGA Switcher', 29, '25/YPAP/VW/01/2020', '1 Unit Aten VGA Switcher Matrix VS0202', 1, 13, 17, '', '-', 'default.jpg', '', '', '2024-07-25 15:38:40', 2, '2024-07-25 15:38:40', 2),
(159, 'VGA Switcher', 29, '26/YPAP/VW/01/2020', '1 Unit Aten VGA Switcher Matrix VS0202', 1, 13, 17, '', '-', 'default.jpg', '', '', '2024-07-25 15:38:40', 2, '2024-07-25 15:38:40', 2),
(160, 'VGA Switcher', 29, '27/YPAP/VW/03/2020', '1 Unit Aten VGA Switcher Matrix VS0202', 1, 13, 17, '', '-', 'default.jpg', '', '', '2024-07-25 15:38:40', 2, '2024-07-25 15:38:40', 2),
(161, 'VGA Switcher', 29, '28/YPAP/VW/03/2020', '1 Unit Aten VGA Switcher Matrix VS0202', 1, 13, 17, '', '-', 'default.jpg', '', '', '2024-07-25 15:38:40', 2, '2024-07-25 15:38:40', 2),
(162, 'VGA Switcher', 29, '29/YPAP/VW/03/2020', '1 Unit Aten VGA Switcher Matrix VS0202', 1, 13, 17, '', '-', 'default.jpg', '', '', '2024-07-25 15:38:40', 2, '2024-07-25 15:38:40', 2),
(163, 'PC', 30, '04/YPAP/IT/PC/06/2013', 'PC Asrock i5-333-Box - HD200GB - LED LG 16\"', 1, 13, 17, '', '-', 'default.jpg', '', '', '2024-07-25 15:38:45', 2, '2024-07-25 15:38:45', 2),
(164, 'PC', 30, '05/YPAP/IT/PC/01/2014', 'PC Rakitan - 1 Set dgn LCD, Keyboard & Mouse', 1, 13, 17, '', '-', 'default.jpg', '', '', '2024-07-25 15:38:45', 2, '2024-07-25 15:38:45', 2),
(165, 'PC', 30, '06/YPAP/IT/PC/01/2014', 'PC Rakitan - 1 Set dgn LCD, Keyboard & Mouse', 1, 13, 17, '', '-', 'default.jpg', '', '', '2024-07-25 15:38:45', 2, '2024-07-25 15:38:45', 2),
(166, 'PC', 30, '07/YPAP/IT/PC/01/2014', 'PC Rakitan - 1 Set dgn LCD, Keyboard & Mouse', 1, 13, 17, '', '-', 'default.jpg', '', '', '2024-07-25 15:38:45', 2, '2024-07-25 15:38:45', 2),
(167, 'PC', 30, '08/YPAP/IT/PC/01/2014', 'PC Rakitan - 1 Set dgn LCD, Keyboard & Mouse', 1, 13, 17, '', '-', 'default.jpg', '', '', '2024-07-25 15:38:45', 2, '2024-07-25 15:38:45', 2),
(168, 'PC', 30, '09/YPAP/IT/PC/01/2014', 'PC Rakitan - 1 Set dgn LCD, Keyboard & Mouse', 1, 13, 17, '', '-', 'default.jpg', '', '', '2024-07-25 15:38:45', 2, '2024-07-25 15:38:45', 2),
(169, 'PC', 30, '10/YPAP/IT/PC/01/2014', 'PC Rakitan - 1 Set dgn LCD, Keyboard & Mouse', 1, 13, 17, '', '-', 'default.jpg', '', '', '2024-07-25 15:38:45', 2, '2024-07-25 15:38:45', 2),
(170, 'PC', 30, '11/YPAP/IT/PC/01/2014', 'PC Rakitan - 1 Set dgn LCD, Keyboard & Mouse', 1, 13, 17, '', '-', 'default.jpg', '', '', '2024-07-25 15:38:45', 2, '2024-07-25 15:38:45', 2),
(171, 'PC', 30, '12/YPAP/IT/PC/01/2014', 'PC Rakitan - 1 Set dgn LCD, Keyboard & Mouse', 1, 13, 17, '', '-', 'default.jpg', '', '', '2024-07-25 15:38:45', 2, '2024-07-25 15:38:45', 2),
(172, 'PC', 30, '13/YPAP/IT/PC/01/2014', 'PC Rakitan - 1 Set dgn LCD, Keyboard & Mouse', 1, 13, 17, '', '-', 'default.jpg', '', '', '2024-07-25 15:38:45', 2, '2024-07-25 15:38:45', 2),
(173, 'PC', 30, '14/YPAP/IT/PC/01/2014', 'PC Rakitan - 1 Set dgn LCD, Keyboard & Mouse', 1, 13, 17, '', '-', 'default.jpg', '', '', '2024-07-25 15:38:45', 2, '2024-07-25 15:38:45', 2),
(174, 'PC', 30, '15/YPAP/IT/PC/03/2014', 'PC Rakitan - 1 Set dgn LCD, Keyboard & Mouse', 1, 13, 17, '', '-', 'default.jpg', '', '', '2024-07-25 15:38:45', 2, '2024-07-25 15:38:45', 2),
(175, 'PC', 30, '16/YPAP/IT/PC/03/2014', 'PC Rakitan - 1 Set dgn LCD, Keyboard & Mouse', 1, 13, 17, '', '-', 'default.jpg', '', '', '2024-07-25 15:38:45', 2, '2024-07-25 15:38:45', 2),
(176, 'PC', 30, '17/YPAP/IT/PC/03/2014', 'PC Rakitan - 1 Set dgn LCD, Keyboard & Mouse', 1, 13, 17, '', '-', 'default.jpg', '', '', '2024-07-25 15:38:45', 2, '2024-07-25 15:38:45', 2),
(177, 'PC', 30, '18/YPAP/IT/PC/03/2014', 'PC Rakitan - 1 Set dgn LCD, Keyboard & Mouse', 1, 13, 17, '', '-', 'default.jpg', '', '', '2024-07-25 15:38:45', 2, '2024-07-25 15:38:45', 2),
(178, 'PC', 30, '19/YPAP/IT/PC/03/2014', 'PC Rakitan - 1 Set dgn LCD, Keyboard & Mouse', 1, 13, 17, '', '-', 'default.jpg', '', '', '2024-07-25 15:38:45', 2, '2024-07-25 15:38:45', 2),
(179, 'PC', 30, '20/YPAP/IT/PC/03/2014', 'PC Rakitan - 1 Set dgn LCD, Keyboard & Mouse', 1, 13, 17, '', '-', 'default.jpg', '', '', '2024-07-25 15:38:45', 2, '2024-07-25 15:38:45', 2),
(180, 'PC', 30, '21/YPAP/IT/PC/03/2014', 'PC Rakitan - 1 Set dgn LCD, Keyboard & Mouse', 1, 13, 17, '', '-', 'default.jpg', '', '', '2024-07-25 15:38:45', 2, '2024-07-25 15:38:45', 2),
(181, 'PC', 30, '22/YPAP/IT/PC/03/2014', 'PC Rakitan - 1 Set dgn LCD, Keyboard & Mouse', 1, 13, 17, '', '-', 'default.jpg', '', '', '2024-07-25 15:38:45', 2, '2024-07-25 15:38:45', 2),
(182, 'PC', 30, '23/YPAP/IT/PC/03/2014', 'PC Rakitan - 1 Set dgn LCD, Keyboard & Mouse', 1, 13, 17, '', '-', 'default.jpg', '', '', '2024-07-25 15:38:45', 2, '2024-07-25 15:38:45', 2),
(183, 'PC', 30, '24/YPAP/IT/PC/03/2014', 'PC Rakitan - 1 Set dgn LCD, Keyboard & Mouse', 1, 13, 17, '', '-', 'default.jpg', '', '', '2024-07-25 15:38:45', 2, '2024-07-25 15:38:45', 2),
(184, 'PC', 30, '25/YPAP/IT/PC/03/2014', 'PC Rakitan - 1 Set dgn LCD, Keyboard & Mouse', 1, 13, 17, '', '-', 'default.jpg', '', '', '2024-07-25 15:38:45', 2, '2024-07-25 15:38:45', 2),
(185, 'PC', 30, '26/YPAP/IT/PC/03/2014', 'PC Rakitan - 1 Set dgn LCD, Keyboard & Mouse', 1, 13, 17, '', '-', 'default.jpg', '', '', '2024-07-25 15:38:45', 2, '2024-07-25 15:38:45', 2),
(186, 'PC', 30, '27/YPAP/IT/PC/03/2014', 'PC Rakitan - 1 Set dgn LCD, Keyboard & Mouse', 1, 13, 17, '', '-', 'default.jpg', '', '', '2024-07-25 15:38:45', 2, '2024-07-25 15:38:45', 2),
(187, 'PC', 30, '28/YPAP/IT/PC/04/2014', 'PC Rakitan - 1 Set dgn LCD, Keyboard & Mouse', 1, 13, 17, '', '-', 'default.jpg', '', '', '2024-07-25 15:38:45', 2, '2024-07-25 15:38:45', 2),
(188, 'PC', 30, '29/YPAP/IT/PC/05/2014', 'PC Rakitan - 1 Set dgn LCD, Keyboard & Mouse', 1, 13, 17, '', '-', 'default.jpg', '', '', '2024-07-25 15:38:45', 2, '2024-07-25 15:38:45', 2),
(189, 'PC', 30, '30/YPAP/IT/PC/05/2014', 'PC Rakitan - 1 Set dgn LCD, Keyboard & Mouse', 1, 13, 17, '', '-', 'default.jpg', '', '', '2024-07-25 15:38:45', 2, '2024-07-25 15:38:45', 2),
(190, 'PC', 30, '31/YPAP/IT/PC/06/2014', 'PC Rakitan - 1 Set dgn LCD, Keyboard & Mouse', 1, 13, 17, '', '-', 'default.jpg', '', '', '2024-07-25 15:38:45', 2, '2024-07-25 15:38:45', 2),
(191, 'PC', 30, '32/YPAP/IT/PC/06/2014', 'PC Rakitan - 1 Set dgn LCD, Keyboard & Mouse', 1, 13, 17, '', '-', 'default.jpg', '', '', '2024-07-25 15:38:45', 2, '2024-07-25 15:38:45', 2),
(192, 'PC', 30, '33/YPAP/IT/PC/08/2014', 'PC Rakitan - 1 Set dgn LCD, Keyboard & Mouse', 1, 13, 17, '', '-', 'default.jpg', '', '', '2024-07-25 15:38:45', 2, '2024-07-25 15:38:45', 2),
(193, 'PC', 30, '34/YPAP/IT/PC/08/2014', 'PC Rakitan - 1 Set dgn LCD, Keyboard & Mouse', 1, 13, 17, '', '-', 'default.jpg', '', '', '2024-07-25 15:38:45', 2, '2024-07-25 15:38:45', 2),
(194, 'PC', 30, '35/YPAP/IT/PC/08/2014', 'PC Rakitan - 1 Set dgn LCD, Keyboard & Mouse', 1, 13, 17, '', '-', 'default.jpg', '', '', '2024-07-25 15:38:45', 2, '2024-07-25 15:38:45', 2),
(195, 'PC', 30, '36/YPAP/IT/PC/08/2014', 'PC Rakitan - 1 Set dgn LCD, Keyboard & Mouse', 1, 13, 17, '', '-', 'default.jpg', '', '', '2024-07-25 15:38:45', 2, '2024-07-25 15:38:45', 2),
(196, 'PC', 30, '37/YPAP/IT/PC/08/2014', 'PC Rakitan - 1 Set dgn LCD, Keyboard & Mouse', 1, 13, 17, '', '-', 'default.jpg', '', '', '2024-07-25 15:38:45', 2, '2024-07-25 15:38:45', 2),
(197, 'PC', 30, '38/YPAP/IT/PC/08/2014', 'PC Rakitan - 1 Set dgn LCD, Keyboard & Mouse', 1, 13, 17, '', '-', 'default.jpg', '', '', '2024-07-25 15:38:45', 2, '2024-07-25 15:38:45', 2),
(198, 'PC', 30, '39/YPAP/IT/PC/08/2014', 'PC Rakitan - 1 Set dgn LCD, Keyboard & Mouse', 1, 13, 17, '', '-', 'default.jpg', '', '', '2024-07-25 15:38:45', 2, '2024-07-25 15:38:45', 2),
(199, 'PC', 30, '40/YPAP/IT/PC/08/2014', 'PC Rakitan - 1 Set dgn LCD, Keyboard & Mouse', 1, 13, 17, '', '-', 'default.jpg', '', '', '2024-07-25 15:38:45', 2, '2024-07-25 15:38:45', 2),
(200, 'PC', 30, '41/YPAP/IT/PC/08/2014', 'PC Rakitan - 1 Set dgn LCD, Keyboard & Mouse', 1, 13, 17, '', '-', 'default.jpg', '', '', '2024-07-25 15:38:45', 2, '2024-07-25 15:38:45', 2),
(201, 'PC', 30, '42/YPAP/IT/PC/08/2014', 'PC Rakitan - 1 Set dgn LCD, Keyboard & Mouse', 1, 13, 17, '', '-', 'default.jpg', '', '', '2024-07-25 15:38:45', 2, '2024-07-25 15:38:45', 2),
(202, 'PC', 30, '43/YPAP/IT/PC/08/2014', 'PC Rakitan - 1 Set dgn LCD, Keyboard & Mouse', 1, 13, 17, '', '-', 'default.jpg', '', '', '2024-07-25 15:38:45', 2, '2024-07-25 15:38:45', 2),
(203, 'PC', 30, '44/YPAP/IT/PC/08/2014', 'PC Rakitan - 1 Set dgn LCD, Keyboard & Mouse', 1, 13, 17, '', '-', 'default.jpg', '', '', '2024-07-25 15:38:45', 2, '2024-07-25 15:38:45', 2),
(204, 'PC', 30, '45/YPAP/IT/PC/08/2014', 'PC Rakitan - 1 Set dgn LCD, Keyboard & Mouse', 1, 13, 17, '', '-', 'default.jpg', '', '', '2024-07-25 15:38:45', 2, '2024-07-25 15:38:45', 2),
(205, 'PC', 30, '46/YPAP/IT/PC/08/2014', 'PC Rakitan - 1 Set dgn LCD, Keyboard & Mouse', 1, 13, 17, '', '-', 'default.jpg', '', '', '2024-07-25 15:38:45', 2, '2024-07-25 15:38:45', 2),
(206, 'PC', 30, '47/YPAP/IT/PC/09/2014', 'PC Rakitan - 1 Set dgn LCD, Keyboard & Mouse', 1, 13, 17, '', '-', 'default.jpg', '', '', '2024-07-25 15:38:45', 2, '2024-07-25 15:38:45', 2),
(207, 'PC', 30, '48/YPAP/IT/PC/09/2014', 'PC Rakitan - 1 Set dgn LCD, Keyboard & Mouse', 1, 13, 17, '', '-', 'default.jpg', '', '', '2024-07-25 15:38:45', 2, '2024-07-25 15:38:45', 2),
(208, 'PC', 30, '49/YPAP/IT/PC/10/2014', 'PC Rakitan - 1 Set dgn LCD, Keyboard & Mouse', 1, 13, 17, '', '-', 'default.jpg', '', '', '2024-07-25 15:38:45', 2, '2024-07-25 15:38:45', 2),
(209, 'PC', 30, '50/YPAP/IT/PC/10/2014', 'PC Rakitan - 1 Set dgn LCD, Keyboard & Mouse', 1, 13, 17, '', '-', 'default.jpg', '', '', '2024-07-25 15:38:45', 2, '2024-07-25 15:38:45', 2),
(210, 'PC', 30, '51/YPAP/IT/PC/06/2015', 'PC Rakitan - 1 Set dgn LCD, Keyboard & Mouse', 1, 13, 17, '', '-', 'default.jpg', '', '', '2024-07-25 15:38:45', 2, '2024-07-25 15:38:45', 2),
(211, 'PC', 30, '52/YPAP/IT/PC/06/2015', 'PC Rakitan - 1 Set dgn LCD, Keyboard & Mouse', 1, 13, 17, '', '-', 'default.jpg', '', '', '2024-07-25 15:38:45', 2, '2024-07-25 15:38:45', 2),
(212, 'PC', 30, '53/YPAP/IT/PC/01/2015', 'PC Rakitan - 1 Set dgn LCD, Keyboard & Mouse', 1, 13, 17, '', '-', 'default.jpg', '', '', '2024-07-25 15:38:45', 2, '2024-07-25 15:38:45', 2),
(213, 'PC', 30, '54/YPAP/IT/PC/01/2015', 'PC Rakitan - 1 Set dgn LCD, Keyboard & Mouse', 1, 13, 17, '', '-', 'default.jpg', '', '', '2024-07-25 15:38:45', 2, '2024-07-25 15:38:45', 2),
(214, 'PC', 30, '55/YPAP/IT/PC/01/2015', 'PC Rakitan - 1 Set dgn LCD, Keyboard & Mouse', 1, 13, 17, '', '-', 'default.jpg', '', '', '2024-07-25 15:38:45', 2, '2024-07-25 15:38:45', 2),
(215, 'PC', 30, '56/YPAP/IT/PC/01/2015', 'PC Rakitan - 1 Set dgn LCD, Keyboard & Mouse', 1, 13, 17, '', '-', 'default.jpg', '', '', '2024-07-25 15:38:45', 2, '2024-07-25 15:38:45', 2),
(216, 'PC', 30, '57/YPAP/IT/PC/01/2015', 'PC Rakitan - 1 Set dgn LCD, Keyboard & Mouse', 1, 13, 17, '', '-', 'default.jpg', '', '', '2024-07-25 15:38:45', 2, '2024-07-25 15:38:45', 2),
(217, 'PC', 30, '58/YPAP/IT/PC/01/2015', 'PC Rakitan - 1 Set dgn LCD, Keyboard & Mouse', 1, 13, 17, '', '-', 'default.jpg', '', '', '2024-07-25 15:38:45', 2, '2024-07-25 15:38:45', 2),
(218, 'PC', 30, '59/YPAP/IT/PC/01/2015', 'PC Rakitan - 1 Set dgn LCD, Keyboard & Mouse', 1, 13, 17, '', '-', 'default.jpg', '', '', '2024-07-25 15:38:45', 2, '2024-07-25 15:38:45', 2),
(219, 'PC', 30, '60/YPAP/IT/PC/01/2015', 'PC Rakitan - 1 Set dgn LCD, Keyboard & Mouse', 1, 13, 17, '', '-', 'default.jpg', '', '', '2024-07-25 15:38:45', 2, '2024-07-25 15:38:45', 2),
(220, 'PC', 30, '61/YPAP/IT/PC/01/2015', 'PC Rakitan - 1 Set dgn LCD, Keyboard & Mouse', 1, 13, 17, '', '-', 'default.jpg', '', '', '2024-07-25 15:38:45', 2, '2024-07-25 15:38:45', 2),
(221, 'PC', 30, '62/YPAP/IT/PC/01/2015', 'PC Rakitan - 1 Set dgn LCD, Keyboard & Mouse', 1, 13, 17, '', '-', 'default.jpg', '', '', '2024-07-25 15:38:45', 2, '2024-07-25 15:38:45', 2),
(222, 'PC', 30, '63/YPAP/IT/PC/11/2015', 'PC Rakitan - 1 Set dgn LCD, Keyboard & Mouse', 1, 13, 17, '', '-', 'default.jpg', '', '', '2024-07-25 15:38:45', 2, '2024-07-25 15:38:45', 2),
(223, 'PC', 30, '64/YPAP/IT/PC/11/2015', 'PC Rakitan - 1 Set dgn LCD, Keyboard & Mouse', 1, 13, 17, '', '-', 'default.jpg', '', '', '2024-07-25 15:38:45', 2, '2024-07-25 15:38:45', 2),
(224, 'PC', 30, '65/YPAP/IT/PC/11/2015', 'PC Rakitan - 1 Set dgn LCD, Keyboard & Mouse', 1, 13, 17, '', '-', 'default.jpg', '', '', '2024-07-25 15:38:45', 2, '2024-07-25 15:38:45', 2),
(225, 'PC', 30, '66/YPAP/IT/PC/11/2015', 'PC Rakitan - 1 Set dgn LCD, Keyboard & Mouse', 1, 13, 17, '', '-', 'default.jpg', '', '', '2024-07-25 15:38:45', 2, '2024-07-25 15:38:45', 2),
(226, 'PC', 30, '67/YPAP/IT/PC/11/2015', 'PC Rakitan - 1 Set dgn LCD, Keyboard & Mouse', 1, 13, 17, '', '-', 'default.jpg', '', '', '2024-07-25 15:38:45', 2, '2024-07-25 15:38:45', 2),
(227, 'PC', 30, '68/YPAP/IT/PC/11/2015', 'PC Rakitan - 1 Set dgn LCD, Keyboard & Mouse', 1, 13, 17, '', '-', 'default.jpg', '', '', '2024-07-25 15:38:45', 2, '2024-07-25 15:38:45', 2),
(228, 'PC', 30, '69/YPAP/IT/PC/11/2015', 'PC Rakitan - 1 Set dgn LCD, Keyboard & Mouse', 1, 13, 17, '', '-', 'default.jpg', '', '', '2024-07-25 15:38:45', 2, '2024-07-25 15:38:45', 2),
(229, 'PC', 30, '70/YPAP/IT/PC/11/2015', 'PC Rakitan - 1 Set dgn LCD, Keyboard & Mouse', 1, 13, 17, '', '-', 'default.jpg', '', '', '2024-07-25 15:38:45', 2, '2024-07-25 15:38:45', 2),
(230, 'PC', 30, '71/YPAP/IT/PC/11/2015', 'PC Rakitan - 1 Set dgn LCD, Keyboard & Mouse', 1, 13, 17, '', '-', 'default.jpg', '', '', '2024-07-25 15:38:45', 2, '2024-07-25 15:38:45', 2),
(231, 'PC', 30, '72/YPAP/IT/PC/11/2015', 'PC Rakitan - 1 Set dgn LCD, Keyboard & Mouse', 1, 13, 17, '', '-', 'default.jpg', '', '', '2024-07-25 15:38:45', 2, '2024-07-25 15:38:45', 2),
(232, 'PC', 30, '73/YPAP/IT/PC/11/2015', 'PC Rakitan - 1 Set dgn LCD, Keyboard & Mouse', 1, 13, 17, '', '-', 'default.jpg', '', '', '2024-07-25 15:38:45', 2, '2024-07-25 15:38:45', 2),
(233, 'PC', 30, '74/YPAP/IT/PC/01/2016', 'PC Rakitan - 1 Set dgn LCD, Keyboard & Mouse [Design]', 1, 13, 17, '', '-', 'default.jpg', '', '', '2024-07-25 15:38:45', 2, '2024-07-25 15:38:45', 2),
(234, 'PC', 30, '75/YPAP/IT/PC/02/2016', 'PC Rakitan - 1 Set dgn LCD, Keyboard & Mouse', 1, 13, 17, '', '-', 'default.jpg', '', '', '2024-07-25 15:38:45', 2, '2024-07-25 15:38:45', 2),
(235, 'PC', 30, '76/YPAP/IT/PC/02/2016', 'PC Rakitan - 1 Set dgn LCD, Keyboard & Mouse', 1, 13, 17, '', '-', 'default.jpg', '', '', '2024-07-25 15:38:45', 2, '2024-07-25 15:38:45', 2),
(236, 'PC', 30, '77/YPAP/IT/PC/02/2016', 'PC Rakitan - 1 Set dgn LCD, Keyboard & Mouse', 1, 13, 17, '', '-', 'default.jpg', '', '', '2024-07-25 15:38:45', 2, '2024-07-25 15:38:45', 2),
(237, 'PC (Graphic Design)', 30, '78/YPAP/IT/PC/02/2016', 'PC Rakitan - 1 Set dgn LCD, Keyboard & Mouse [Design]', 1, 13, 17, '', '-', 'default.jpg', '', '', '2024-07-25 15:38:45', 2, '2024-07-25 15:38:45', 2),
(238, 'PC (Graphic Design)', 30, '79/YPAP/IT/PC/02/2016', 'PC Rakitan - 1 Set dgn LCD, Keyboard & Mouse [Design]', 1, 13, 17, '', '-', 'default.jpg', '', '', '2024-07-25 15:38:45', 2, '2024-07-25 15:38:45', 2),
(239, 'PC', 30, '80/YPAP/IT/PC/02/2016', 'PC Rakitan - 1 Set dgn LCD, Keyboard & Mouse', 1, 13, 17, '', '-', 'default.jpg', '', '', '2024-07-25 15:38:45', 2, '2024-07-25 15:38:45', 2),
(240, 'PC', 30, '81/YPAP/IT/PC/09/2016', 'PC Rakitan - 1 Set dgn LCD, Keyboard & Mouse', 1, 13, 17, '', '-', 'default.jpg', '', '', '2024-07-25 15:38:45', 2, '2024-07-25 15:38:45', 2),
(241, 'PC', 30, '82/YPAP/IT/PC/11/2016', 'PC Rakitan - 1 Set dgn LCD, Keyboard & Mouse', 1, 13, 17, '', '-', 'default.jpg', '', '', '2024-07-25 15:38:45', 2, '2024-07-25 15:38:45', 2),
(242, 'PC', 30, '83/YPAP/IT/PC/12/2016', 'PC Rakitan - 1 Set dgn LCD, Keyboard & Mouse', 1, 13, 17, '', '-', 'default.jpg', '', '', '2024-07-25 15:38:45', 2, '2024-07-25 15:38:45', 2),
(243, 'PC (Graphic Design)', 30, '84/YPAP/IT/PC/12/2016', 'PC Rakitan - 1 Set dgn LCD, Keyboard & Mouse [Design]', 1, 13, 17, '', '-', 'default.jpg', '', '', '2024-07-25 15:38:45', 2, '2024-07-25 15:38:45', 2),
(244, 'PC (Graphic Design)', 30, '85/YPAP/IT/PC/12/2016', 'PC Rakitan - 1 Set dgn LCD, Keyboard & Mouse [Design]', 1, 13, 17, '', '-', 'default.jpg', '', '', '2024-07-25 15:38:45', 2, '2024-07-25 15:38:45', 2),
(245, 'PC', 30, '86/YPAP/IT/PC/12/2016', 'PC Rakitan - 1 Set dgn LCD, Keyboard & Mouse', 1, 13, 17, '', '-', 'default.jpg', '', '', '2024-07-25 15:38:45', 2, '2024-07-25 15:38:45', 2),
(246, 'PC', 30, '87/YPAP/IT/PC/12/2016', 'PC Rakitan - 1 Set dgn LCD, Keyboard & Mouse', 1, 13, 17, '', '-', 'default.jpg', '', '', '2024-07-25 15:38:45', 2, '2024-07-25 15:38:45', 2),
(247, 'PC', 30, '88/YPAP/IT/PC/12/2016', 'PC Rakitan - 1 Set dgn LCD, Keyboard & Mouse', 1, 13, 17, '', '-', 'default.jpg', '', '', '2024-07-25 15:38:45', 2, '2024-07-25 15:38:45', 2),
(248, 'PC', 30, '89/YPAP/IT/PC/12/2016', 'PC Rakitan - 1 Set dgn LCD, Keyboard & Mouse', 1, 13, 17, '', '-', 'default.jpg', '', '', '2024-07-25 15:38:45', 2, '2024-07-25 15:38:45', 2),
(249, 'PC', 30, '90/YPAP/IT/PC/01/2017', 'PC Rakitan - 1 Set dgn LCD, Keyboard & Mouse', 1, 13, 17, '', '-', 'default.jpg', '', '', '2024-07-25 15:38:45', 2, '2024-07-25 15:38:45', 2),
(250, 'PC', 30, '91/YPAP/IT/PC/02/2017', 'PC Rakitan - 1 Set dgn LCD, Keyboard & Mouse', 1, 13, 17, '', '-', 'default.jpg', '', '', '2024-07-25 15:38:45', 2, '2024-07-25 15:38:45', 2),
(251, 'PC', 30, '92/YPAP/IT/PC/02/2017', 'PC Rakitan - 1 Set dgn LCD, Keyboard & Mouse', 1, 13, 17, '', '-', 'default.jpg', '', '', '2024-07-25 15:38:45', 2, '2024-07-25 15:38:45', 2),
(252, 'PC', 30, '93/YPAP/IT/PC/04/2017', 'PC Rakitan - 1 Set dgn LCD, Keyboard & Mouse', 1, 13, 17, '', '-', 'default.jpg', '', '', '2024-07-25 15:38:45', 2, '2024-07-25 15:38:45', 2),
(253, 'PC', 30, '94/YPAP/IT/PC/04/2017', 'PC Rakitan - 1 Set dgn LCD, Keyboard & Mouse', 1, 13, 17, '', '-', 'default.jpg', '', '', '2024-07-25 15:38:45', 2, '2024-07-25 15:38:45', 2),
(254, 'PC', 30, '95/YPAP/IT/PC/04/2017', 'PC Rakitan - 1 Set dgn LCD, Keyboard & Mouse', 1, 13, 17, '', '-', 'default.jpg', '', '', '2024-07-25 15:38:45', 2, '2024-07-25 15:38:45', 2),
(255, 'PC', 30, '96/YPAP/IT/PC/06/2017', 'PC Rakitan - 1 Set dgn LCD, Keyboard & Mouse', 1, 13, 17, '', '-', 'default.jpg', '', '', '2024-07-25 15:38:45', 2, '2024-07-25 15:38:45', 2),
(256, 'PC (Graphic Design)', 30, '97/YPAP/IT/PC/06/2017', 'PC Rakitan - 1 Set dgn LCD, Keyboard & Mouse [Design]', 1, 13, 17, '', '-', 'default.jpg', '', '', '2024-07-25 15:38:45', 2, '2024-07-25 15:38:45', 2),
(257, 'PC', 30, '98/YPAP/IT/PC/08/2017', 'PC Rakitan - 1 Set dgn LCD, Keyboard & Mouse', 1, 13, 17, '', '-', 'default.jpg', '', '', '2024-07-25 15:38:45', 2, '2024-07-25 15:38:45', 2),
(258, 'PC', 30, '99/YPAP/IT/PC/08/2017', 'PC Rakitan - 1 Set dgn LCD, Keyboard & Mouse', 1, 13, 17, '', '-', 'default.jpg', '', '', '2024-07-25 15:38:45', 2, '2024-07-25 15:38:45', 2),
(259, 'PC', 30, '100/YPAP/IT/PC/08/2017', 'PC Rakitan - 1 Set dgn LCD, Keyboard & Mouse', 1, 13, 17, '', '-', 'default.jpg', '', '', '2024-07-25 15:38:45', 2, '2024-07-25 15:38:45', 2),
(260, 'PC', 30, '101/YPAP/IT/PC/08/2017', 'PC Rakitan - 1 Set dgn LCD, Keyboard & Mouse', 1, 13, 17, '', '-', 'default.jpg', '', '', '2024-07-25 15:38:45', 2, '2024-07-25 15:38:45', 2),
(261, 'PC', 30, '102/YPAP/IT/PC/08/2017', 'PC Rakitan - 1 Set dgn LCD, Keyboard & Mouse', 1, 13, 17, '', '-', 'default.jpg', '', '', '2024-07-25 15:38:45', 2, '2024-07-25 15:38:45', 2),
(262, 'PC', 30, '103/YPAP/IT/PC/10/2017', 'PC Rakitan - 1 Set dgn LCD, Keyboard & Mouse', 1, 13, 17, '', '-', 'default.jpg', '', '', '2024-07-25 15:38:45', 2, '2024-07-25 15:38:45', 2),
(263, 'PC', 30, '104/YPAP/IT/PC/10/2017', 'PC Rakitan - 1 Set dgn LCD, Keyboard & Mouse', 1, 13, 17, '', '-', 'default.jpg', '', '', '2024-07-25 15:38:45', 2, '2024-07-25 15:38:45', 2),
(264, 'PC', 30, '105/YPAP/IT/PC/10/2017', 'PC Rakitan - 1 Set dgn LCD, Keyboard & Mouse', 1, 13, 17, '', '-', 'default.jpg', '', '', '2024-07-25 15:38:45', 2, '2024-07-25 15:38:45', 2),
(265, 'PC (Graphic Design)', 30, '106/YPAP/IT/PC/02/2018', 'PC Rakitan - 1 Set dgn LCD, Keyboard & Mouse [Design]', 1, 13, 17, '', '-', 'default.jpg', '', '', '2024-07-25 15:38:45', 2, '2024-07-25 15:38:45', 2),
(266, 'PC', 30, '107/YPAP/IT/PC/02/2018', '1 Set dgn LCD, Keyboard & Mouse', 1, 13, 17, '', '-', 'default.jpg', '', '', '2024-07-25 15:38:45', 2, '2024-07-25 15:38:45', 2),
(267, 'PC', 30, '108/YPAP/IT/PC/02/2018', '1 Set dgn LCD, Keyboard & Mouse', 1, 13, 17, '', '-', 'default.jpg', '', '', '2024-07-25 15:38:45', 2, '2024-07-25 15:38:45', 2),
(268, 'PC', 30, '109/YPAP/IT/PC/04/2018', '1 Set dgn LCD, Keyboard & Mouse', 1, 13, 17, '', '-', 'default.jpg', '', '', '2024-07-25 15:38:45', 2, '2024-07-25 15:38:45', 2),
(269, 'PC', 30, '110/YPAP/IT/PC/04/2018', '1 Set dgn LCD, Keyboard & Mouse', 1, 13, 17, '', '-', 'default.jpg', '', '', '2024-07-25 15:38:45', 2, '2024-07-25 15:38:45', 2),
(270, 'PC', 30, '111/YPAP/IT/PC/04/2018', '1 Set dgn LCD, Keyboard & Mouse', 1, 13, 17, '', '-', 'default.jpg', '', '', '2024-07-25 15:38:45', 2, '2024-07-25 15:38:45', 2),
(271, 'PC', 30, '112/YPAP/IT/PC/04/2018', '1 Set dgn LCD, Keyboard & Mouse', 1, 13, 17, '', '-', 'default.jpg', '', '', '2024-07-25 15:38:45', 2, '2024-07-25 15:38:45', 2),
(272, 'PC', 30, '113/YPAP/IT/PC/06/2018', '1 Set dgn LCD, Keyboard & Mouse', 1, 13, 17, '', '-', 'default.jpg', '', '', '2024-07-25 15:38:45', 2, '2024-07-25 15:38:45', 2),
(273, 'PC', 30, '114/YPAP/IT/PC/07/2018', '1 Set dgn LCD, Keyboard & Mouse', 1, 13, 17, '', '-', 'default.jpg', '', '', '2024-07-25 15:38:45', 2, '2024-07-25 15:38:45', 2),
(274, 'PC', 30, '115/YPAP/IT/PC/07/2018', '1 Set dgn LCD, Keyboard & Mouse', 1, 13, 17, '', '-', 'default.jpg', '', '', '2024-07-25 15:38:45', 2, '2024-07-25 15:38:45', 2),
(275, 'PC', 30, '116/YPAP/IT/PC/08/2018', '1 Set dgn LCD, Keyboard & Mouse', 1, 13, 17, '', '-', 'default.jpg', '', '', '2024-07-25 15:38:45', 2, '2024-07-25 15:38:45', 2),
(276, 'PC', 30, '117/YPAP/IT/PC/08/2018', '1 Set dgn LCD, Keyboard & Mouse', 1, 13, 17, '', '-', 'default.jpg', '', '', '2024-07-25 15:38:45', 2, '2024-07-25 15:38:45', 2),
(277, 'PC', 30, '118/YPAP/IT/PC/08/2018', '1 Set dgn LCD, Keyboard & Mouse', 1, 13, 17, '', '-', 'default.jpg', '', '', '2024-07-25 15:38:45', 2, '2024-07-25 15:38:45', 2),
(278, 'PC', 30, '119/YPAP/IT/PC/08/2018', '1 Set dgn LCD, Keyboard & Mouse', 1, 13, 17, '', '-', 'default.jpg', '', '', '2024-07-25 15:38:45', 2, '2024-07-25 15:38:45', 2),
(279, 'PC', 30, '120/YPAP/IT/PC/08/2018', '1 Set dgn LCD, Keyboard & Mouse', 1, 13, 17, '', '-', 'default.jpg', '', '', '2024-07-25 15:38:45', 2, '2024-07-25 15:38:45', 2),
(280, 'PC', 30, '121/YPAP/IT/PC/12/2018', '1 Set dgn LCD, Keyboard & Mouse', 1, 13, 17, '', '-', 'default.jpg', '', '', '2024-07-25 15:38:45', 2, '2024-07-25 15:38:45', 2);
INSERT INTO `m_item` (`id`, `name`, `id_category`, `asset_no`, `description`, `id_status`, `id_brand`, `id_vendor`, `warranty`, `serial_number`, `photo`, `no_po`, `no_pr`, `created_at`, `created_by`, `updated_at`, `updated_by`) VALUES
(281, 'PC', 30, '122/YPAP/IT/PC/12/2018', '1 Set dgn LCD, Keyboard & Mouse', 1, 13, 17, '', '-', 'default.jpg', '', '', '2024-07-25 15:38:45', 2, '2024-07-25 15:38:45', 2),
(282, 'PC', 30, '123/YPAP/IT/PC/12/2018', '1 Set dgn LCD, Keyboard & Mouse', 1, 13, 17, '', '-', 'default.jpg', '', '', '2024-07-25 15:38:45', 2, '2024-07-25 15:38:45', 2),
(283, 'PC', 30, '124/YPAP/IT/PC/12/2018', '1 Set dgn LCD, Keyboard & Mouse', 1, 13, 17, '', '-', 'default.jpg', '', '', '2024-07-25 15:38:45', 2, '2024-07-25 15:38:45', 2),
(284, 'PC', 30, '125/YPAP/IT/PC/12/2018', '1 Set dgn LCD, Keyboard & Mouse', 1, 13, 17, '', '-', 'default.jpg', '', '', '2024-07-25 15:38:45', 2, '2024-07-25 15:38:45', 2),
(285, 'PC', 30, '126/YPAP/IT/PC/12/2018', '1 Set dgn LCD, Keyboard & Mouse', 1, 13, 17, '', '-', 'default.jpg', '', '', '2024-07-25 15:38:45', 2, '2024-07-25 15:38:45', 2),
(286, 'PC', 30, '127/YPAP/IT/PC/12/2018', '1 Set dgn LCD, Keyboard & Mouse', 1, 13, 17, '', '-', 'default.jpg', '', '', '2024-07-25 15:38:45', 2, '2024-07-25 15:38:45', 2),
(287, 'PC', 30, '128/YPAP/IT/PC/12/2018', '1 Set dgn LCD, Keyboard & Mouse', 1, 13, 17, '', '-', 'default.jpg', '', '', '2024-07-25 15:38:45', 2, '2024-07-25 15:38:45', 2),
(288, 'PC', 30, '129/YPAP/IT/PC/12/2018', '1 Set dgn LCD, Keyboard & Mouse', 1, 13, 17, '', '-', 'default.jpg', '', '', '2024-07-25 15:38:45', 2, '2024-07-25 15:38:45', 2),
(289, 'PC', 30, '130/YPAP/IT/PC/12/2018', '1 Set dgn LCD, Keyboard & Mouse', 1, 13, 17, '', '-', 'default.jpg', '', '', '2024-07-25 15:38:45', 2, '2024-07-25 15:38:45', 2),
(290, 'Mini PC', 30, '131/YPAP/IT/PC/03/2019', '1 Set dgn LCD, Keyboard & Mouse', 1, 13, 17, '', '-', 'default.jpg', '', '', '2024-07-25 15:38:45', 2, '2024-07-25 15:38:45', 2),
(291, 'Mini PC', 30, '132/YPAP/IT/PC/03/2019', '1 Set dgn LCD, Keyboard & Mouse', 1, 13, 17, '', '-', 'default.jpg', '', '', '2024-07-25 15:38:45', 2, '2024-07-25 15:38:45', 2),
(292, 'Mini PC', 30, '133/YPAP/IT/PC/03/2019', '1 Set dgn LCD, Keyboard & Mouse', 1, 13, 17, '', '-', 'default.jpg', '', '', '2024-07-25 15:38:45', 2, '2024-07-25 15:38:45', 2),
(293, 'Mini PC', 30, '134/YPAP/IT/PC/06/2019', '1 Set dgn LCD, keyboard & Mouse', 1, 13, 17, '', '-', 'default.jpg', '', '', '2024-07-25 15:38:45', 2, '2024-07-25 15:38:45', 2),
(294, 'Mini PC', 30, '135/YPAP/IT/PC/06/2019', '1 Set dgn LCD, keyboard & Mouse', 1, 13, 17, '', '-', 'default.jpg', '', '', '2024-07-25 15:38:45', 2, '2024-07-25 15:38:45', 2),
(295, 'Mini PC', 30, '136/YPAP/IT/PC/06/2019', '1 Set dgn LCD, keyboard & Mouse', 1, 13, 17, '', '-', 'default.jpg', '', '', '2024-07-25 15:38:45', 2, '2024-07-25 15:38:45', 2),
(296, 'Mini PC', 30, '137/YPAP/IT/PC/06/2019', '1 Set dgn LCD, keyboard & Mouse', 1, 13, 17, '', '-', 'default.jpg', '', '', '2024-07-25 15:38:45', 2, '2024-07-25 15:38:45', 2),
(297, 'Mini PC', 30, '138/YPAP/IT/PC/06/2019', '1 Set dgn LCD, keyboard & Mouse', 1, 13, 17, '', '-', 'default.jpg', '', '', '2024-07-25 15:38:45', 2, '2024-07-25 15:38:45', 2),
(298, 'PC (Graphic Design)', 30, '139/YPAP/IT/PC/10/2019', 'PC Rakitan - 1 set LCD, Keyboard & Mouse', 1, 13, 17, '', '-', 'default.jpg', '', '', '2024-07-25 15:38:45', 2, '2024-07-25 15:38:45', 2),
(299, 'Lenovo Desktop', 30, '140/YPAP/IT/PC/12/2019', 'Tiny PC with VGA Graphic Nvidia (Monitor, Wire Keyboard + Mouse)', 1, 13, 17, '', '-', 'default.jpg', '', '', '2024-07-25 15:38:45', 2, '2024-07-25 15:38:45', 2),
(300, 'Mini PC', 30, '141/YPAP/IT/PC/10/2018', 'Oracle micros compact work station 3 and 6 series + small profile cas drawer', 1, 13, 17, '', '-', 'default.jpg', '', '', '2024-07-25 15:38:45', 2, '2024-07-25 15:38:45', 2),
(301, 'PC-All in One HP Pavilion 23', 31, '01/YPAP/IT/PCA/08/2014', '1 Set dgn Keyboard & Mouse', 1, 13, 17, '', '-', 'default.jpg', '', '', '2024-07-25 15:38:51', 2, '2024-07-25 15:38:51', 2),
(302, 'PC-All in One HP Pavilion 23', 31, '02/YPAP/IT/PCA/08/2014', '1 Set dgn Keyboard & Mouse', 1, 13, 17, '', '-', 'default.jpg', '', '', '2024-07-25 15:38:51', 2, '2024-07-25 15:38:51', 2),
(303, 'PC-All in One HP Pavilion 23', 31, '03/YPAP/IT/PCA/08/2014', '1 Set dgn Keyboard & Mouse', 1, 13, 17, '', '-', 'default.jpg', '', '', '2024-07-25 15:38:51', 2, '2024-07-25 15:38:51', 2),
(304, 'PC-All in One HP Pavilion 23', 31, '04/YPAP/IT/PCA/08/2014', '1 Set dgn Keyboard & Mouse', 1, 13, 17, '', '-', 'default.jpg', '', '', '2024-07-25 15:38:51', 2, '2024-07-25 15:38:51', 2),
(305, 'PC-All in One HP Pavilion 23', 31, '05/YPAP/IT/PCA/08/2014', '1 Set dgn Keyboard & Mouse', 1, 13, 17, '', '-', 'default.jpg', '', '', '2024-07-25 15:38:51', 2, '2024-07-25 15:38:51', 2),
(306, 'PC-All in One HP Pavilion 23', 31, '06/YPAP/IT/PCA/08/2014', '1 Set dgn Keyboard & Mouse', 1, 13, 17, '', '-', 'default.jpg', '', '', '2024-07-25 15:38:51', 2, '2024-07-25 15:38:51', 2),
(307, 'PC-All in One HP Pavilion 23', 31, '07/YPAP/IT/PCA/08/2014', '1 Set dgn Keyboard & Mouse', 1, 13, 17, '', '-', 'default.jpg', '', '', '2024-07-25 15:38:51', 2, '2024-07-25 15:38:51', 2),
(308, 'PC-All in One HP Pavilion 23', 31, '08/YPAP/IT/PCA/08/2014', '1 Set dgn Keyboard & Mouse', 1, 13, 17, '', '-', 'default.jpg', '', '', '2024-07-25 15:38:51', 2, '2024-07-25 15:38:51', 2),
(309, 'PC-All in One HP Pavilion 23', 31, '09/YPAP/IT/PCA/08/2014', '1 Set dgn Keyboard & Mouse', 1, 13, 17, '', '-', 'default.jpg', '', '', '2024-07-25 15:38:51', 2, '2024-07-25 15:38:51', 2),
(310, 'PC-All in One HP Pavilion 23', 31, '10/YPAP/IT/PCA/08/2014', '1 Set dgn Keyboard & Mouse', 1, 13, 17, '', '-', 'default.jpg', '', '', '2024-07-25 15:38:51', 2, '2024-07-25 15:38:51', 2),
(311, 'PC-All in One HP Pavilion 23', 31, '11/YPAP/IT/PCA/08/2014', '1 Set dgn Keyboard & Mouse', 1, 13, 17, '', '-', 'default.jpg', '', '', '2024-07-25 15:38:51', 2, '2024-07-25 15:38:51', 2),
(312, 'PC-All in One HP Pavilion 23', 31, '12/YPAP/IT/PCA/08/2014', '1 Set dgn Keyboard & Mouse', 1, 13, 17, '', '-', 'default.jpg', '', '', '2024-07-25 15:38:51', 2, '2024-07-25 15:38:51', 2),
(313, 'PC-All in One HP Pavilion 23', 31, '13/YPAP/IT/PCA/08/2014', '1 Set dgn Keyboard & Mouse', 1, 13, 17, '', '-', 'default.jpg', '', '', '2024-07-25 15:38:51', 2, '2024-07-25 15:38:51', 2),
(314, 'PC-All in One HP Pavilion 23', 31, '14/YPAP/IT/PCA/08/2014', '1 Set dgn Keyboard & Mouse', 1, 13, 17, '', '-', 'default.jpg', '', '', '2024-07-25 15:38:51', 2, '2024-07-25 15:38:51', 2),
(315, 'PC-All in One HP Pavilion 23', 31, '15/YPAP/IT/PCA/08/2014', '1 Set dgn Keyboard & Mouse', 1, 13, 17, '', '-', 'default.jpg', '', '', '2024-07-25 15:38:51', 2, '2024-07-25 15:38:51', 2),
(316, 'PC-All in One HP Pavilion 23', 31, '16/YPAP/IT/PCA/08/2014', '1 Set dgn Keyboard & Mouse', 1, 13, 17, '', '-', 'default.jpg', '', '', '2024-07-25 15:38:51', 2, '2024-07-25 15:38:51', 2),
(317, 'PC-All in One HP Pavilion 23', 31, '17/YPAP/IT/PCA/08/2014', '1 Set dgn Keyboard & Mouse', 1, 13, 17, '', '-', 'default.jpg', '', '', '2024-07-25 15:38:51', 2, '2024-07-25 15:38:51', 2),
(318, 'PC-All in One HP Pavilion 23', 31, '18/YPAP/IT/PCA/08/2014', '1 Set dgn Keyboard & Mouse', 1, 13, 17, '', '-', 'default.jpg', '', '', '2024-07-25 15:38:51', 2, '2024-07-25 15:38:51', 2),
(319, 'PC-All in One HP Pavilion 23', 31, '19/YPAP/IT/PCA/08/2014', '1 Set dgn Keyboard & Mouse', 1, 13, 17, '', '-', 'default.jpg', '', '', '2024-07-25 15:38:51', 2, '2024-07-25 15:38:51', 2),
(320, 'PC-All in One HP Pavilion 23', 31, '20/YPAP/IT/PCA/08/2014', '1 Set dgn Keyboard & Mouse', 1, 13, 17, '', '-', 'default.jpg', '', '', '2024-07-25 15:38:51', 2, '2024-07-25 15:38:51', 2),
(321, 'PC-All in One HP Pavilion 23', 31, '21/YPAP/IT/PCA/08/2014', '1 Set dgn Keyboard & Mouse', 1, 13, 17, '', '-', 'default.jpg', '', '', '2024-07-25 15:38:51', 2, '2024-07-25 15:38:51', 2),
(322, 'PC-All in One HP Pavilion 23', 31, '22/YPAP/IT/PCA/08/2014', '1 Set dgn Keyboard & Mouse', 1, 13, 17, '', '-', 'default.jpg', '', '', '2024-07-25 15:38:51', 2, '2024-07-25 15:38:51', 2),
(323, 'PC-All in One HP Pavilion 23', 31, '23/YPAP/IT/PCA/08/2014', '1 Set dgn Keyboard & Mouse', 1, 13, 17, '', '-', 'default.jpg', '', '', '2024-07-25 15:38:51', 2, '2024-07-25 15:38:51', 2),
(324, 'PC-All in One HP Pavilion 23', 31, '24/YPAP/IT/PCA/08/2014', '1 Set dgn Keyboard & Mouse', 1, 13, 17, '', '-', 'default.jpg', '', '', '2024-07-25 15:38:51', 2, '2024-07-25 15:38:51', 2),
(325, 'PC-All in One HP Pavilion 23', 31, '25/YPAP/IT/PCA/08/2014', '1 Set dgn Keyboard & Mouse', 1, 13, 17, '', '-', 'default.jpg', '', '', '2024-07-25 15:38:51', 2, '2024-07-25 15:38:51', 2),
(326, 'PC-All in One HP Pavilion 23', 31, '26/YPAP/IT/PCA/08/2014', '1 Set dgn Keyboard & Mouse', 1, 13, 17, '', '-', 'default.jpg', '', '', '2024-07-25 15:38:51', 2, '2024-07-25 15:38:51', 2),
(327, 'PC-All in One HP Pavilion 23', 31, '27/YPAP/IT/PCA/08/2014', '1 Set dgn Keyboard & Mouse', 1, 13, 17, '', '-', 'default.jpg', '', '', '2024-07-25 15:38:51', 2, '2024-07-25 15:38:51', 2),
(328, 'PC-All in One HP Pavilion 23', 31, '28/YPAP/IT/PCA/08/2014', '1 Set dgn Keyboard & Mouse', 1, 13, 17, '', '-', 'default.jpg', '', '', '2024-07-25 15:38:51', 2, '2024-07-25 15:38:51', 2),
(329, 'PC-All in One HP Pavilion 23', 31, '29/YPAP/IT/PCA/08/2014', '1 Set dgn Keyboard & Mouse', 1, 13, 17, '', '-', 'default.jpg', '', '', '2024-07-25 15:38:51', 2, '2024-07-25 15:38:51', 2),
(330, 'PC-All in One HP Pavilion 23', 31, '30/YPAP/IT/PCA/08/2014', '1 Set dgn Keyboard & Mouse', 1, 13, 17, '', '-', 'default.jpg', '', '', '2024-07-25 15:38:51', 2, '2024-07-25 15:38:51', 2),
(331, 'PC-All in One HP Pavilion 23', 31, '31/YPAP/IT/PCA/08/2014', '1 Set dgn Keyboard & Mouse', 1, 13, 17, '', '-', 'default.jpg', '', '', '2024-07-25 15:38:51', 2, '2024-07-25 15:38:51', 2),
(332, 'PC-All in One HP Pavilion 23', 31, '32/YPAP/IT/PCA/08/2014', '1 Set dgn Keyboard & Mouse', 1, 13, 17, '', '-', 'default.jpg', '', '', '2024-07-25 15:38:51', 2, '2024-07-25 15:38:51', 2),
(333, 'PC-All in One HP Pavilion 23', 31, '33/YPAP/IT/PCA/08/2014', '1 Set dgn Keyboard & Mouse', 1, 13, 17, '', '-', 'default.jpg', '', '', '2024-07-25 15:38:51', 2, '2024-07-25 15:38:51', 2),
(334, 'PC-All in One HP Pavilion 23', 31, '34/YPAP/IT/PCA/08/2014', '1 Set dgn Keyboard & Mouse', 1, 13, 17, '', '-', 'default.jpg', '', '', '2024-07-25 15:38:51', 2, '2024-07-25 15:38:51', 2),
(335, 'PC-All in One HP Pavilion 23', 31, '35/YPAP/IT/PCA/08/2014', '1 Set dgn Keyboard & Mouse', 1, 13, 17, '', '-', 'default.jpg', '', '', '2024-07-25 15:38:51', 2, '2024-07-25 15:38:51', 2),
(336, 'PC-All in One HP Pavilion 23', 31, '36/YPAP/IT/PCA/08/2014', '1 Set dgn Keyboard & Mouse', 1, 13, 17, '', '-', 'default.jpg', '', '', '2024-07-25 15:38:51', 2, '2024-07-25 15:38:51', 2),
(337, 'PC-All in One HP Pavilion 23', 31, '37/YPAP/IT/PCA/08/2014', '1 Set dgn Keyboard & Mouse', 1, 13, 17, '', '-', 'default.jpg', '', '', '2024-07-25 15:38:51', 2, '2024-07-25 15:38:51', 2),
(338, 'PC-All in One HP Pavilion 23', 31, '38/YPAP/IT/PCA/08/2014', '1 Set dgn Keyboard & Mouse', 1, 13, 17, '', '-', 'default.jpg', '', '', '2024-07-25 15:38:51', 2, '2024-07-25 15:38:51', 2),
(339, 'PC-All in One HP Pavilion 23', 31, '39/YPAP/IT/PCA/08/2014', '1 Set dgn Keyboard & Mouse', 1, 13, 17, '', '-', 'default.jpg', '', '', '2024-07-25 15:38:51', 2, '2024-07-25 15:38:51', 2),
(340, 'PC-All in One HP Pavilion 23', 31, '40/YPAP/IT/PCA/08/2014', '1 Set dgn Keyboard & Mouse', 1, 13, 17, '', '-', 'default.jpg', '', '', '2024-07-25 15:38:51', 2, '2024-07-25 15:38:51', 2),
(341, 'PC All in One Pavilion 24  (HP24-G027L AIO PC)', 31, '41/YPAP/IT/PCA/09/2016', '1 Set dgn Keyboard & Mouse WHITE', 1, 13, 17, '', '-', 'default.jpg', '', '', '2024-07-25 15:38:51', 2, '2024-07-25 15:38:51', 2),
(342, 'PC All in One Pavilion 24  (HP24-G027L AIO PC)', 31, '42/YPAP/IT/PCA/09/2016', '1 Set dgn Keyboard & Mouse WHITE', 1, 13, 17, '', '-', 'default.jpg', '', '', '2024-07-25 15:38:51', 2, '2024-07-25 15:38:51', 2),
(343, 'PC All in One Pavilion 24  (HP24-G027L AIO PC)', 31, '43/YPAP/IT/PCA/09/2016', '1 Set dgn Keyboard & Mouse WHITE', 1, 13, 17, '', '-', 'default.jpg', '', '', '2024-07-25 15:38:51', 2, '2024-07-25 15:38:51', 2),
(344, 'PC All in One Pavilion 24  (HP24-G027L AIO PC)', 31, '44/YPAP/IT/PCA/09/2016', '1 Set dgn Keyboard & Mouse WHITE', 1, 13, 17, '', '-', 'default.jpg', '', '', '2024-07-25 15:38:51', 2, '2024-07-25 15:38:51', 2),
(345, 'PC All in One Pavilion 24  (HP24-G027L AIO PC)', 31, '45/YPAP/IT/PCA/09/2016', '1 Set dgn Keyboard & Mouse WHITE', 1, 13, 17, '', '-', 'default.jpg', '', '', '2024-07-25 15:38:51', 2, '2024-07-25 15:38:51', 2),
(346, 'PC All in One Pavilion 24  (HP24-G027L AIO PC)', 31, '46/YPAP/IT/PCA/09/2016', '1 Set dgn Keyboard & Mouse WHITE', 1, 13, 17, '', '-', 'default.jpg', '', '', '2024-07-25 15:38:51', 2, '2024-07-25 15:38:51', 2),
(347, 'PC All in One Pavilion 24  (HP24-G027L AIO PC)', 31, '47/YPAP/IT/PCA/09/2016', '1 Set dgn Keyboard & Mouse WHITE', 1, 13, 17, '', '-', 'default.jpg', '', '', '2024-07-25 15:38:51', 2, '2024-07-25 15:38:51', 2),
(348, 'PC All in One Pavilion 24  (HP24-G027L AIO PC)', 31, '48/YPAP/IT/PCA/09/2016', '1 Set dgn Keyboard & Mouse WHITE', 1, 13, 17, '', '-', 'default.jpg', '', '', '2024-07-25 15:38:51', 2, '2024-07-25 15:38:51', 2),
(349, 'PC All in One Pavilion 24  (HP24-G027L AIO PC)', 31, '49/YPAP/IT/PCA/09/2016', '1 Set dgn Keyboard & Mouse WHITE', 1, 13, 17, '', '-', 'default.jpg', '', '', '2024-07-25 15:38:51', 2, '2024-07-25 15:38:51', 2),
(350, 'PC All in One Pavilion 24  (HP24-G027L AIO PC)', 31, '50/YPAP/IT/PCA/09/2016', '1 Set dgn Keyboard & Mouse WHITE', 1, 13, 17, '', '-', 'default.jpg', '', '', '2024-07-25 15:38:51', 2, '2024-07-25 15:38:51', 2),
(351, 'PC All in One Pavilion 24  (HP24-G027L AIO PC)', 31, '51/YPAP/IT/PCA/09/2016', '1 Set dgn Keyboard & Mouse WHITE', 1, 13, 17, '', '-', 'default.jpg', '', '', '2024-07-25 15:38:51', 2, '2024-07-25 15:38:51', 2),
(352, 'PC All in One Pavilion 24  (HP24-G027L AIO PC)', 31, '52/YPAP/IT/PCA/09/2016', '1 Set dgn Keyboard & Mouse WHITE', 1, 13, 17, '', '-', 'default.jpg', '', '', '2024-07-25 15:38:51', 2, '2024-07-25 15:38:51', 2),
(353, 'PC All in One Pavilion 24  (HP24-G027L AIO PC)', 31, '53/YPAP/IT/PCA/09/2016', '1 Set dgn Keyboard & Mouse WHITE', 1, 13, 17, '', '-', 'default.jpg', '', '', '2024-07-25 15:38:51', 2, '2024-07-25 15:38:51', 2),
(354, 'PC All in One Pavilion 24  (HP24-G027L AIO PC)', 31, '54/YPAP/IT/PCA/09/2016', '1 Set dgn Keyboard & Mouse WHITE', 1, 13, 17, '', '-', 'default.jpg', '', '', '2024-07-25 15:38:51', 2, '2024-07-25 15:38:51', 2),
(355, 'PC All in One Pavilion 24  (HP24-G027L AIO PC)', 31, '55/YPAP/IT/PCA/09/2016', '1 Set dgn Keyboard & Mouse WHITE', 1, 13, 17, '', '-', 'default.jpg', '', '', '2024-07-25 15:38:51', 2, '2024-07-25 15:38:51', 2),
(356, 'PC All in One Pavilion 24  (HP24-G027L AIO PC)', 31, '56/YPAP/IT/PCA/09/2016', '1 Set dgn Keyboard & Mouse WHITE', 1, 13, 17, '', '-', 'default.jpg', '', '', '2024-07-25 15:38:51', 2, '2024-07-25 15:38:51', 2),
(357, 'PC All in One Pavilion 24  (HP24-G027L AIO PC)', 31, '57/YPAP/IT/PCA/09/2016', '1 Set dgn Keyboard & Mouse WHITE', 1, 13, 17, '', '-', 'default.jpg', '', '', '2024-07-25 15:38:51', 2, '2024-07-25 15:38:51', 2),
(358, 'PC All in One Pavilion 24  (HP24-G027L AIO PC)', 31, '58/YPAP/IT/PCA/09/2016', '1 Set dgn Keyboard & Mouse WHITE', 1, 13, 17, '', '-', 'default.jpg', '', '', '2024-07-25 15:38:51', 2, '2024-07-25 15:38:51', 2),
(359, 'PC All in One Pavilion 24  (HP24-G027L AIO PC)', 31, '59/YPAP/IT/PCA/09/2016', '1 Set dgn Keyboard & Mouse WHITE', 1, 13, 17, '', '-', 'default.jpg', '', '', '2024-07-25 15:38:51', 2, '2024-07-25 15:38:51', 2),
(360, 'PC All in One Pavilion 24  (HP24-G027L AIO PC)', 31, '60/YPAP/IT/PCA/09/2016', '1 Set dgn Keyboard & Mouse WHITE', 1, 13, 17, '', '-', 'default.jpg', '', '', '2024-07-25 15:38:51', 2, '2024-07-25 15:38:51', 2),
(361, 'PC-All in Lenovo (PC AIO V310z-1CIA)', 31, '61/YPAP/IT/PCA/08/2017', '1 Set dgn Keyboard & Mouse HITAM Lenovo', 1, 13, 17, '', '-', 'default.jpg', '', '', '2024-07-25 15:38:51', 2, '2024-07-25 15:38:51', 2),
(362, 'PC-All in Lenovo (PC AIO V310z-1CIA)', 31, '62/YPAP/IT/PCA/08/2017', '1 Set dgn Keyboard & Mouse HITAM Lenovo', 1, 13, 17, '', '-', 'default.jpg', '', '', '2024-07-25 15:38:51', 2, '2024-07-25 15:38:51', 2),
(363, 'PC-All in Lenovo (PC AIO V310z-1CIA)', 31, '63/YPAP/IT/PCA/08/2017', '1 Set dgn Keyboard & Mouse HITAM Lenovo', 1, 13, 17, '', '-', 'default.jpg', '', '', '2024-07-25 15:38:51', 2, '2024-07-25 15:38:51', 2),
(364, 'PC-All in Lenovo (PC AIO V310z-1CIA)', 31, '64/YPAP/IT/PCA/08/2017', '1 Set dgn Keyboard & Mouse HITAM Lenovo', 1, 13, 17, '', '-', 'default.jpg', '', '', '2024-07-25 15:38:51', 2, '2024-07-25 15:38:51', 2),
(365, 'PC-All in Lenovo (PC AIO V310z-1CIA)', 31, '65/YPAP/IT/PCA/08/2017', '1 Set dgn Keyboard & Mouse HITAM Lenovo', 1, 13, 17, '', '-', 'default.jpg', '', '', '2024-07-25 15:38:51', 2, '2024-07-25 15:38:51', 2),
(366, 'PC-All in Lenovo (PC AIO V310z-1CIA)', 31, '66/YPAP/IT/PCA/08/2017', '1 Set dgn Keyboard & Mouse HITAM Lenovo', 1, 13, 17, '', '-', 'default.jpg', '', '', '2024-07-25 15:38:51', 2, '2024-07-25 15:38:51', 2),
(367, 'HP All In One (20-C316d3JT14AA)', 31, '67/YPAP/IT/PCA/11/2018', '1 Set dgn Keyboard & Mouse HP putih', 1, 13, 17, '', '-', 'default.jpg', '', '', '2024-07-25 15:38:51', 2, '2024-07-25 15:38:51', 2),
(368, 'Laser Jet HP 1132', 32, '1/YPAP/IT/PR/03/2011', 'Laser Jet HP 1132', 1, 13, 17, '', '-', 'default.jpg', '', '', '2024-07-25 15:38:56', 2, '2024-07-25 15:38:56', 2),
(369, 'HP Deskjet Ink Advantage 2060', 32, '2/YPAP/IT/PR/09/2013', 'HP Deskjet Ink Advantage 2060', 1, 13, 17, '', '-', 'default.jpg', '', '', '2024-07-25 15:38:56', 2, '2024-07-25 15:38:56', 2),
(370, 'Epson LX310', 32, '3/YPAP/IT/PR/01/2014', 'Epson LX310', 1, 13, 17, '', '-', 'default.jpg', '', '', '2024-07-25 15:38:56', 2, '2024-07-25 15:38:56', 2),
(371, 'HP Jet 7610', 32, '4/YPAP/IT/PR/01/2014', 'HP Jet 7610', 1, 13, 17, '', '-', 'default.jpg', '', '', '2024-07-25 15:38:56', 2, '2024-07-25 15:38:56', 2),
(372, 'Laser jet pro P1102W', 32, '5/YPAP/IT/PR/03/2014', 'Laser jet pro P1102W', 1, 13, 17, '', '-', 'default.jpg', '', '', '2024-07-25 15:38:56', 2, '2024-07-25 15:38:56', 2),
(373, 'Laser jet pro P1102W', 32, '6/YPAP/IT/PR/03/2014', 'Laser jet pro P1102W', 1, 13, 17, '', '-', 'default.jpg', '', '', '2024-07-25 15:38:56', 2, '2024-07-25 15:38:56', 2),
(374, 'Laser jet pro P1102W', 32, '7/YPAP/IT/PR/03/2014', 'Laser jet pro P1102W', 1, 13, 17, '', '-', 'default.jpg', '', '', '2024-07-25 15:38:56', 2, '2024-07-25 15:38:56', 2),
(375, 'Laser jet pro P1102W', 32, '8/YPAP/IT/PR/03/2014', 'Laser jet pro P1102W', 1, 13, 17, '', '-', 'default.jpg', '', '', '2024-07-25 15:38:56', 2, '2024-07-25 15:38:56', 2),
(376, 'HP Officejet 7612', 32, '9/YPAP/IT/PR/05/2014', 'HP Officejet 7612', 1, 13, 17, '', '-', 'default.jpg', '', '', '2024-07-25 15:38:56', 2, '2024-07-25 15:38:56', 2),
(377, 'HP Officejet 7612', 32, '10/YPAP/IT/PR/05/2014', 'HP Officejet 7612', 1, 13, 17, '', '-', 'default.jpg', '', '', '2024-07-25 15:38:56', 2, '2024-07-25 15:38:56', 2),
(378, 'Laser jet pro P1102W', 32, '11/YPAP/IT/PR/06/2014', 'Laser jet pro P1102W', 1, 13, 17, '', '-', 'default.jpg', '', '', '2024-07-25 15:38:56', 2, '2024-07-25 15:38:56', 2),
(379, 'HP Officejet 7612', 32, '12/YPAP/IT/PR/07/2014', 'HP Officejet 7612', 1, 13, 17, '', '-', 'default.jpg', '', '', '2024-07-25 15:38:56', 2, '2024-07-25 15:38:56', 2),
(380, 'HP Deskjet Ink Advantage 4640', 32, '13/YPAP/IT/PR/09/2014', 'HP Deskjet Ink Advantage 4640', 1, 13, 17, '', '-', 'default.jpg', '', '', '2024-07-25 15:38:56', 2, '2024-07-25 15:38:56', 2),
(381, 'Laser jet pro P1102W White', 32, '14/YPAP/IT/PR/09/2014', 'Laser jet pro P1102W White', 1, 13, 17, '', '-', 'default.jpg', '', '', '2024-07-25 15:38:56', 2, '2024-07-25 15:38:56', 2),
(382, 'Thermal Printer Fargo DTC1250', 32, '15/YPAP/IT/PR/11/2014', 'Thermal Printer Fargo DTC1250', 1, 13, 17, '', '-', 'default.jpg', '', '', '2024-07-25 15:38:56', 2, '2024-07-25 15:38:56', 2),
(383, 'EPSON L210', 32, '16/YPAP/IT/PR/06/2015', 'EPSON L210', 1, 13, 17, '', '-', 'default.jpg', '', '', '2024-07-25 15:38:56', 2, '2024-07-25 15:38:56', 2),
(384, 'POS printer epson Ethernet', 32, '17/YPAP/IT/PR/01/2015', 'POS printer epson Ethernet', 1, 13, 17, '', '-', 'default.jpg', '', '', '2024-07-25 15:38:56', 2, '2024-07-25 15:38:56', 2),
(385, 'POS printer epson Ethernet', 32, '18/YPAP/IT/PR/01/2015', 'POS printer epson Ethernet', 1, 13, 17, '', '-', 'default.jpg', '', '', '2024-07-25 15:38:56', 2, '2024-07-25 15:38:56', 2),
(386, 'POS printer epson Serial', 32, '19/YPAP/IT/PR/01/2015', 'POS printer epson Serial', 1, 13, 17, '', '-', 'default.jpg', '', '', '2024-07-25 15:38:56', 2, '2024-07-25 15:38:56', 2),
(387, 'POS printer epson Serial', 32, '20/YPAP/IT/PR/01/2015', 'POS printer epson Serial', 1, 13, 17, '', '-', 'default.jpg', '', '', '2024-07-25 15:38:56', 2, '2024-07-25 15:38:56', 2),
(388, 'HP Designet T795', 32, '21/YPAP/IT/PR/02/2015', 'HP Designet T795', 1, 13, 17, '', '-', 'default.jpg', '', '', '2024-07-25 15:38:56', 2, '2024-07-25 15:38:56', 2),
(389, 'HP Officejet 7612', 32, '22/YPAP/IT/PR/10/2015', 'HP Officejet 7612', 1, 13, 17, '', '-', 'default.jpg', '', '', '2024-07-25 15:38:56', 2, '2024-07-25 15:38:56', 2),
(390, 'HP Officejet 7612', 32, '23/YPAP/IT/PR/03/2016', 'HP Officejet 7612', 1, 13, 17, '', '-', 'default.jpg', '', '', '2024-07-25 15:38:56', 2, '2024-07-25 15:38:56', 2),
(391, 'Epson LX310', 32, '24/YPAP/IT/PR/03/2016', 'Epson LX310', 1, 13, 17, '', '-', 'default.jpg', '', '', '2024-07-25 15:38:56', 2, '2024-07-25 15:38:56', 2),
(392, 'HP Officejet 7612', 32, '25/YPAP/IT/PR/03/2016', 'HP Officejet 7612', 1, 13, 17, '', '-', 'default.jpg', '', '', '2024-07-25 15:38:56', 2, '2024-07-25 15:38:56', 2),
(393, 'HP Officejet 7612', 32, '26/YPAP/IT/PR/01/2017', 'HP Officejet 7612', 1, 13, 17, '', '-', 'default.jpg', '', '', '2024-07-25 15:38:56', 2, '2024-07-25 15:38:56', 2),
(394, 'HP Officejet 7612', 32, '27/YPAP/IT/PR/01/2017', 'HP Officejet 7612', 1, 13, 17, '', '-', 'default.jpg', '', '', '2024-07-25 15:38:56', 2, '2024-07-25 15:38:56', 2),
(395, 'Maker Bot Printer 3d', 32, '28/YPAP/IT/PR/06/2017', 'Maker Bot Printer 3d', 1, 13, 17, '', '-', 'default.jpg', '', '', '2024-07-25 15:38:56', 2, '2024-07-25 15:38:56', 2),
(396, 'HP Office Jet 7612', 32, '29/YPAP/IT/PR/08/2017', 'HP Office Jet 7612', 1, 13, 17, '', '-', 'default.jpg', '', '', '2024-07-25 15:38:56', 2, '2024-07-25 15:38:56', 2),
(397, 'Canon Pixma iX6870/sn ADHS12186', 32, '30/YPAP/IT/PR/02/2019', 'Canon Pixma iX6870/sn ADHS12186', 1, 13, 17, '', '-', 'default.jpg', '', '', '2024-07-25 15:38:56', 2, '2024-07-25 15:38:56', 2),
(398, 'Thermal Printer Fargo DTC1250', 32, '31/YPAP/IT/PR/07/2019', 'Thermal Printer Fargo DTC1250', 1, 13, 17, '', '-', 'default.jpg', '', '', '2024-07-25 15:38:56', 2, '2024-07-25 15:38:56', 2),
(399, 'Epson L1300', 32, '32/YPAP/IT/PR/12/2019', 'Epson L1300', 1, 13, 17, '', '-', 'default.jpg', '', '', '2024-07-25 15:38:56', 2, '2024-07-25 15:38:56', 2),
(400, 'Epson TM U220B', 32, '33/YPAP/IT/PR/10/2018', 'Epson TM U220B', 1, 13, 17, '', '-', 'default.jpg', '', '', '2024-07-25 15:38:56', 2, '2024-07-25 15:38:56', 2),
(401, 'Epson TM U220B', 32, '34/YPAP/IT/PR/10/2018', 'Epson TM U220B', 1, 13, 17, '', '-', 'default.jpg', '', '', '2024-07-25 15:38:56', 2, '2024-07-25 15:38:56', 2),
(402, 'Epson TM U220B', 32, '35/YPAP/IT/PR/10/2018', 'Epson TM U220B', 1, 13, 17, '', '-', 'default.jpg', '', '', '2024-07-25 15:38:56', 2, '2024-07-25 15:38:56', 2),
(403, 'Epson TM U220B', 32, '36/YPAP/IT/PR/10/2018', 'Epson TM U220B', 1, 13, 17, '', '-', 'default.jpg', '', '', '2024-07-25 15:38:56', 2, '2024-07-25 15:38:56', 2),
(404, 'Core switch', 33, '01/YPAP/NW/02/2014', 'Cisco catalyst 3750x', 1, 13, 17, '', '-', 'default.jpg', '', '', '2024-07-25 15:39:01', 2, '2024-07-25 15:39:01', 2),
(405, 'Switch 24 port', 33, '02/YPAP/NW/02/2014', 'Cisco catalyst 2960s 24', 1, 13, 17, '', '-', 'default.jpg', '', '', '2024-07-25 15:39:01', 2, '2024-07-25 15:39:01', 2),
(406, 'Switch 24 port', 33, '03/YPAP/NW/02/2014', 'Cisco catalyst 2960s 24', 1, 13, 17, '', '-', 'default.jpg', '', '', '2024-07-25 15:39:01', 2, '2024-07-25 15:39:01', 2),
(407, 'Switch 24 port', 33, '04/YPAP/NW/02/2014', 'Cisco catalyst 2960s 24', 1, 13, 17, '', '-', 'default.jpg', '', '', '2024-07-25 15:39:01', 2, '2024-07-25 15:39:01', 2),
(408, 'Switch 24 port', 33, '05/YPAP/NW/02/2014', 'Cisco catalyst 2960s 24', 1, 13, 17, '', '-', 'default.jpg', '', '', '2024-07-25 15:39:01', 2, '2024-07-25 15:39:01', 2),
(409, 'Switch 48 port', 33, '06/YPAP/NW/02/2014', 'Cisco catalyst 2960s 48', 1, 13, 17, '', '-', 'default.jpg', '', '', '2024-07-25 15:39:01', 2, '2024-07-25 15:39:01', 2),
(410, 'Switch 48 port', 33, '07/YPAP/NW/02/2014', 'Cisco catalyst 2960s 48', 1, 13, 17, '', '-', 'default.jpg', '', '', '2024-07-25 15:39:01', 2, '2024-07-25 15:39:01', 2),
(411, 'Switch 48 port', 33, '08/YPAP/NW/02/2014', 'Cisco catalyst 2960s 48', 1, 13, 17, '', '-', 'default.jpg', '', '', '2024-07-25 15:39:01', 2, '2024-07-25 15:39:01', 2),
(412, 'Switch 48 port', 33, '09/YPAP/NW/02/2014', 'Cisco catalyst 2960s 48', 1, 13, 17, '', '-', 'default.jpg', '', '', '2024-07-25 15:39:01', 2, '2024-07-25 15:39:01', 2),
(413, 'WLC', 33, '10/YPAP/NW/02/2014', 'Cisco WLC 2504', 1, 13, 17, '', '-', 'default.jpg', '', '', '2024-07-25 15:39:01', 2, '2024-07-25 15:39:01', 2),
(414, 'Access Point', 33, '11/YPAP/NW/02/2014', 'CAP 1602', 1, 13, 17, '', '-', 'default.jpg', '', '', '2024-07-25 15:39:01', 2, '2024-07-25 15:39:01', 2),
(415, 'Access Point', 33, '12/YPAP/NW/02/2014', 'CAP 1602', 1, 13, 17, '', '-', 'default.jpg', '', '', '2024-07-25 15:39:01', 2, '2024-07-25 15:39:01', 2),
(416, 'Access Point', 33, '13/YPAP/NW/02/2014', 'CAP 1602', 1, 13, 17, '', '-', 'default.jpg', '', '', '2024-07-25 15:39:01', 2, '2024-07-25 15:39:01', 2),
(417, 'Access Point', 33, '14/YPAP/NW/02/2014', 'CAP 1602', 1, 13, 17, '', '-', 'default.jpg', '', '', '2024-07-25 15:39:01', 2, '2024-07-25 15:39:01', 2),
(418, 'Access Point', 33, '15/YPAP/NW/02/2014', 'CAP 1602', 1, 13, 17, '', '-', 'default.jpg', '', '', '2024-07-25 15:39:01', 2, '2024-07-25 15:39:01', 2),
(419, 'Access Point', 33, '16/YPAP/NW/02/2014', 'CAP 1602', 1, 13, 17, '', '-', 'default.jpg', '', '', '2024-07-25 15:39:01', 2, '2024-07-25 15:39:01', 2),
(420, 'Access Point', 33, '17/YPAP/NW/02/2014', 'CAP 1602', 1, 13, 17, '', '-', 'default.jpg', '', '', '2024-07-25 15:39:01', 2, '2024-07-25 15:39:01', 2),
(421, 'Access Point', 33, '18/YPAP/NW/02/2014', 'CAP 1602', 1, 13, 17, '', '-', 'default.jpg', '', '', '2024-07-25 15:39:01', 2, '2024-07-25 15:39:01', 2),
(422, 'Access Point', 33, '19/YPAP/NW/02/2014', 'CAP 1602', 1, 13, 17, '', '-', 'default.jpg', '', '', '2024-07-25 15:39:01', 2, '2024-07-25 15:39:01', 2),
(423, 'Access Point', 33, '20/YPAP/NW/02/2014', 'CAP 1602', 1, 13, 17, '', '-', 'default.jpg', '', '', '2024-07-25 15:39:01', 2, '2024-07-25 15:39:01', 2),
(424, 'Access Point', 33, '21/YPAP/NW/02/2014', 'CAP 1602', 1, 13, 17, '', '-', 'default.jpg', '', '', '2024-07-25 15:39:01', 2, '2024-07-25 15:39:01', 2),
(425, 'Access Point', 33, '22/YPAP/NW/02/2014', 'CAP 1602', 1, 13, 17, '', '-', 'default.jpg', '', '', '2024-07-25 15:39:01', 2, '2024-07-25 15:39:01', 2),
(426, 'Access Point', 33, '23/YPAP/NW/02/2014', 'CAP 1602', 1, 13, 17, '', '-', 'default.jpg', '', '', '2024-07-25 15:39:01', 2, '2024-07-25 15:39:01', 2),
(427, 'Firewall', 33, '24/YPAP/NW/02/2014', 'ASA 5515-X IPS Firewall', 1, 13, 17, '', '-', 'default.jpg', '', '', '2024-07-25 15:39:01', 2, '2024-07-25 15:39:01', 2),
(428, 'Mikrotik', 33, '25/YPAP/NW/02/2014', 'Mikrotik CCR1036-8G-25+', 1, 13, 17, '', '-', 'default.jpg', '', '', '2024-07-25 15:39:01', 2, '2024-07-25 15:39:01', 2),
(429, 'Switch 24 port', 33, 'Pinjaman NJIS', 'HP peminjaman dari NJIS', 1, 13, 17, '', '-', 'default.jpg', '', '', '2024-07-25 15:39:01', 2, '2024-07-25 15:39:01', 2),
(430, 'Access Point', 33, '26/YPAP/NW/06/2015', 'CAP 2602', 1, 13, 20, '', '-', 'default.jpg', '', '', '2024-07-25 15:39:01', 2, '2024-07-25 15:39:01', 2),
(431, 'Access Point', 33, '27/YPAP/NW/06/2015', 'CAP 2602', 1, 13, 20, '', '-', 'default.jpg', '', '', '2024-07-25 15:39:01', 2, '2024-07-25 15:39:01', 2),
(432, 'Access Point', 33, '28/YPAP/NW/06/2015', 'CAP 2602', 1, 13, 20, '', '-', 'default.jpg', '', '', '2024-07-25 15:39:01', 2, '2024-07-25 15:39:01', 2),
(433, 'Access Point', 33, '29/YPAP/NW/06/2015', 'CAP 2602', 1, 13, 20, '', '-', 'default.jpg', '', '', '2024-07-25 15:39:01', 2, '2024-07-25 15:39:01', 2),
(434, 'Switch 48 port', 33, '30/YPAP/NW/06/2015', 'hp 2920 - 48 port', 1, 13, 20, '', '-', 'default.jpg', '', '', '2024-07-25 15:39:01', 2, '2024-07-25 15:39:01', 2),
(435, 'Switch 48 port', 33, '31/YPAP/NW/06/2015', 'hp 2920 - 48 port', 1, 13, 20, '', '-', 'default.jpg', '', '', '2024-07-25 15:39:01', 2, '2024-07-25 15:39:01', 2),
(436, 'Analog Card 24 Port', 33, '32/YPAP/NW/06/2015', 'KT-TDA1178', 1, 13, 23, '', '-', 'default.jpg', '', '', '2024-07-25 15:39:01', 2, '2024-07-25 15:39:01', 2),
(437, 'Analog Card 24 Port', 33, '33/YPAP/NW/06/2015', 'KT-TDA1178', 1, 13, 23, '', '-', 'default.jpg', '', '', '2024-07-25 15:39:01', 2, '2024-07-25 15:39:01', 2),
(438, 'Access Point', 33, '34/YPAP/NW/05/2016', 'CAP 2602 + Cisco Antena 4', 1, 13, 20, '', '-', 'default.jpg', '', '', '2024-07-25 15:39:01', 2, '2024-07-25 15:39:01', 2),
(439, 'Access Point', 33, '35/YPAP/NW/05/2016', 'CAP 2602 + Cisco Antena 4', 1, 13, 20, '', '-', 'default.jpg', '', '', '2024-07-25 15:39:01', 2, '2024-07-25 15:39:01', 2),
(440, 'Access Point', 33, '36/YPAP/NW/05/2016', 'CAP 2602 + Cisco Antena 4', 1, 13, 20, '', '-', 'default.jpg', '', '', '2024-07-25 15:39:01', 2, '2024-07-25 15:39:01', 2),
(441, 'Analog Card 24 Port', 33, '37/YPAP/NW/01/2016', 'KT-TDA1178', 1, 13, 23, '', '-', 'default.jpg', '', '', '2024-07-25 15:39:01', 2, '2024-07-25 15:39:01', 2),
(442, 'Analog Card 24 Port', 33, '38/YPAP/NW/01/2016', 'KT-TDA1178', 1, 13, 23, '', '-', 'default.jpg', '', '', '2024-07-25 15:39:01', 2, '2024-07-25 15:39:01', 2),
(443, 'Wiffi Wireless Router', 33, '39/YPAP/NW/01/2016', 'Linksys WAP300N-AP Dual Band', 1, 13, 24, '', '-', 'default.jpg', '', '', '2024-07-25 15:39:01', 2, '2024-07-25 15:39:01', 2),
(444, 'Mikrotik Router', 33, '40/YPAP/NW/01/2017', 'Mikrotik Routerboard RO3011', 1, 13, 20, '', '-', 'default.jpg', '', '', '2024-07-25 15:39:01', 2, '2024-07-25 15:39:01', 2),
(445, 'Access Point', 33, '41/YPAP/NW/01/2017', 'CAP 2602 + Cisco Antena 4', 1, 13, 24, '', '-', 'default.jpg', '', '', '2024-07-25 15:39:01', 2, '2024-07-25 15:39:01', 2),
(446, 'Access Point', 33, '42/YPAP/NW/01/2017', 'CAP 2602 + Cisco Antena 4', 1, 13, 20, '', '-', 'default.jpg', '', '', '2024-07-25 15:39:01', 2, '2024-07-25 15:39:01', 2),
(447, 'Switch', 33, '43/YPAP/NW/02/2017', 'TP-LINK TLSF1008D', 1, 13, 20, '', '-', 'default.jpg', '', '', '2024-07-25 15:39:01', 2, '2024-07-25 15:39:01', 2),
(448, 'Switch 48 port', 33, '44/YPAP/NW/04/2017', 'CISCO # W5-C3850/CISCO Catalyst2960548', 1, 13, 25, '', '-', 'default.jpg', '', '', '2024-07-25 15:39:01', 2, '2024-07-25 15:39:01', 2),
(449, 'Mikrotik Router', 33, '45/YPAP/NW/07/2017', 'Microti Router CRS 326-24G 2S+RM', 1, 13, 22, '', '-', 'default.jpg', '', '', '2024-07-25 15:39:01', 2, '2024-07-25 15:39:01', 2),
(450, 'Mikrotik Router', 33, '46/YPAP/NW/07/2017', 'Mikrotik Router Wireless RB962UiGS', 1, 13, 26, '', '-', 'default.jpg', '', '', '2024-07-25 15:39:01', 2, '2024-07-25 15:39:01', 2),
(451, 'Mikrotik Router', 33, '47/YPAP/NW/07/2017', 'Mikrotik Router Wireless RB962UiGS', 1, 13, 26, '', '-', 'default.jpg', '', '', '2024-07-25 15:39:01', 2, '2024-07-25 15:39:01', 2),
(452, 'Switch', 33, '48/YPAP/NW/08/2017', 'Cisco WS c2960x 48port', 1, 13, 27, '', '-', 'default.jpg', '', '', '2024-07-25 15:39:01', 2, '2024-07-25 15:39:01', 2),
(453, 'Switch', 33, '49/YPAP/NW/01/2018', 'TP-LINK SG1008D', 1, 13, 22, '', '-', 'default.jpg', '', '', '2024-07-25 15:39:01', 2, '2024-07-25 15:39:01', 2),
(454, 'Switch', 33, '50/YPAP/NW/01/2018', 'TP-LINK SG1008D', 1, 13, 22, '', '-', 'default.jpg', '', '', '2024-07-25 15:39:01', 2, '2024-07-25 15:39:01', 2),
(455, 'Switch', 33, '51/YPAP/NW/01/2018', 'TP-LINK SG1008D', 1, 13, 22, '', '-', 'default.jpg', '', '', '2024-07-25 15:39:01', 2, '2024-07-25 15:39:01', 2),
(456, 'Switch', 33, '52/YPAP/NW/09/2018', 'TP-LINK SG1008D', 1, 13, 22, '', '-', 'default.jpg', '', '', '2024-07-25 15:39:01', 2, '2024-07-25 15:39:01', 2),
(457, 'Switch', 33, '53/YPAP/NW/09/2018', 'TP-LINK SG1008D', 1, 13, 22, '', '-', 'default.jpg', '', '', '2024-07-25 15:39:01', 2, '2024-07-25 15:39:01', 2),
(458, 'Switch', 33, '54/YPAP/NW/09/2018', 'TP-LINK SG1008D', 1, 13, 22, '', '-', 'default.jpg', '', '', '2024-07-25 15:39:01', 2, '2024-07-25 15:39:01', 2),
(459, 'Switch', 33, '55/YPAP/NW/12/2018', 'TP-LINK SG1008D', 1, 13, 20, '', '-', 'default.jpg', '', '', '2024-07-25 15:39:01', 2, '2024-07-25 15:39:01', 2),
(460, 'Switch', 33, '56/YPAP/NW/12/2018', 'TP-LINK SG1008D', 1, 13, 20, '', '-', 'default.jpg', '', '', '2024-07-25 15:39:01', 2, '2024-07-25 15:39:01', 2),
(461, 'Switch', 33, '57/YPAP/NW/12/2018', 'TP-LINK SG1008D', 1, 13, 20, '', '-', 'default.jpg', '', '', '2024-07-25 15:39:01', 2, '2024-07-25 15:39:01', 2),
(462, 'Access Point', 33, '58/YPAP/NW/IX/2018', 'AIR-AP2802E-F-K9', 1, 13, 28, '', '-', 'default.jpg', '', '', '2024-07-25 15:39:01', 2, '2024-07-25 15:39:01', 2),
(463, 'Access Point', 33, '59/YPAP/NW/IX/2018', 'AIR-AP2802E-F-K9', 1, 13, 28, '', '-', 'default.jpg', '', '', '2024-07-25 15:39:01', 2, '2024-07-25 15:39:01', 2),
(464, 'Access Point', 33, '60/YPAP/NW/IX/2018', 'AIR-AP2802E-F-K9', 1, 13, 28, '', '-', 'default.jpg', '', '', '2024-07-25 15:39:01', 2, '2024-07-25 15:39:01', 2),
(465, 'Access Point', 33, '61/YPAP/NW/IX/2018', 'AIR-AP2802E-F-K9', 1, 13, 28, '', '-', 'default.jpg', '', '', '2024-07-25 15:39:01', 2, '2024-07-25 15:39:01', 2),
(466, 'Access Point', 33, '62/YPAP/NW/IX/2018', 'AIR-AP2802E-F-K9', 1, 13, 28, '', '-', 'default.jpg', '', '', '2024-07-25 15:39:01', 2, '2024-07-25 15:39:01', 2),
(467, 'Switch', 33, '63/YPAP/NW/08/2019', 'Switch Unmanaged 48 Port 100 MB - TPLink TL-SF1048', 1, 13, 28, '', '-', 'default.jpg', '', '', '2024-07-25 15:39:01', 2, '2024-07-25 15:39:01', 2),
(468, 'Switch', 33, '64/YPAP/NW/08/2019', 'Switch Unmanaged 48 Port 100 MB - TPLink TL-SF1049', 1, 13, 28, '', '-', 'default.jpg', '', '', '2024-07-25 15:39:01', 2, '2024-07-25 15:39:01', 2),
(469, 'Firewall', 33, '65/YPAP/NW/08/2019', 'WatchGuard Firebox M470', 1, 13, 29, '', '-', 'default.jpg', '', '', '2024-07-25 15:39:01', 2, '2024-07-25 15:39:01', 2),
(470, 'Access Door', 34, '01/YPAP/IT/AD/08/2014', 'Nitro, 1 Microcontroller, 3 Drop Bolt Door, 1 Magnetic Door', 1, 13, 17, '', '-', 'default.jpg', '', '', '2024-07-25 15:39:11', 2, '2024-07-25 15:39:11', 2),
(471, 'Access Door', 34, '02/YPAP/IT/AD/03/2020', 'Bostex - 1 Micro Controller, 2 Drop Bolt Door, 1 Magnetic Door', 1, 13, 17, '', '-', 'default.jpg', '', '', '2024-07-25 15:39:11', 2, '2024-07-25 15:39:11', 2),
(472, 'Finger Print', 35, '01/YPAP/IT/SPE/09/2014', 'Logitech z313', 1, 13, 30, '', '-', 'default.jpg', '', '', '2024-07-25 15:39:16', 2, '2024-07-25 15:39:16', 2),
(473, 'Finger Print', 35, '02/YPAP/IT/SPE/09/2014', 'Logitech z313', 1, 13, 31, '', '-', 'default.jpg', '', '', '2024-07-25 15:39:16', 2, '2024-07-25 15:39:16', 2),
(474, 'Speaker', 36, '01/YPAP/IT/SPE/09/2014', 'Logitech z313', 1, 13, 32, '', '-', 'default.jpg', '', '', '2024-07-25 15:39:21', 2, '2024-07-25 15:39:21', 2),
(475, 'Speaker', 36, '02/YPAP/IT/SPE/09/2014', 'Logitech z313', 1, 13, 32, '', '-', 'default.jpg', '', '', '2024-07-25 15:39:21', 2, '2024-07-25 15:39:21', 2),
(476, 'Speaker', 36, '03/YPAP/IT/SPE/09/2014', 'Logitech z313', 1, 13, 32, '', '-', 'default.jpg', '', '', '2024-07-25 15:39:21', 2, '2024-07-25 15:39:21', 2),
(477, 'Speaker', 36, '04/YPAP/IT/SPE/09/2014', 'Logitech z313', 1, 13, 32, '', '-', 'default.jpg', '', '', '2024-07-25 15:39:21', 2, '2024-07-25 15:39:21', 2),
(478, 'Speaker', 36, '05/YPAP/IT/SPE/09/2014', 'Logitech z313', 1, 13, 32, '', '-', 'default.jpg', '', '', '2024-07-25 15:39:21', 2, '2024-07-25 15:39:21', 2),
(479, 'Speaker', 36, '06/YPAP/IT/SPE/09/2014', 'Logitech z313', 1, 13, 32, '', '-', 'default.jpg', '', '', '2024-07-25 15:39:21', 2, '2024-07-25 15:39:21', 2),
(480, 'Speaker', 36, '07/YPAP/IT/SPE/09/2014', 'Logitech z120', 1, 13, 32, '', '-', 'default.jpg', '', '', '2024-07-25 15:39:21', 2, '2024-07-25 15:39:21', 2),
(481, 'Speaker', 36, '08/YPAP/IT/SPE/08/2015', 'Logitech z313', 1, 13, 33, '', '-', 'default.jpg', '', '', '2024-07-25 15:39:21', 2, '2024-07-25 15:39:21', 2),
(482, 'Speaker', 36, '09/YPAP/IT/SPE/08/2015', 'Logitech z313', 1, 13, 33, '', '-', 'default.jpg', '', '', '2024-07-25 15:39:21', 2, '2024-07-25 15:39:21', 2),
(483, 'Speaker', 36, '10/YPAP/IT/SPE/08/2015', 'Logitech z313', 1, 13, 33, '', '-', 'default.jpg', '', '', '2024-07-25 15:39:21', 2, '2024-07-25 15:39:21', 2),
(484, 'Speaker', 36, '11/YPAP/IT/SPE/08/2015', 'Logitech z313', 1, 13, 33, '', '-', 'default.jpg', '', '', '2024-07-25 15:39:21', 2, '2024-07-25 15:39:21', 2),
(485, 'Speaker', 36, '12/YPAP/IT/SPE/08/2015', 'Logitech z313', 1, 13, 33, '', '-', 'default.jpg', '', '', '2024-07-25 15:39:21', 2, '2024-07-25 15:39:21', 2),
(486, 'Speaker', 36, '13/YPAP/IT/SPE/08/2015', 'Logitech z313', 1, 13, 33, '', '-', 'default.jpg', '', '', '2024-07-25 15:39:21', 2, '2024-07-25 15:39:21', 2),
(487, 'Speaker', 36, '14/YPAP/IT/SPE/08/2015', 'Logitech z313', 1, 13, 33, '', '-', 'default.jpg', '', '', '2024-07-25 15:39:21', 2, '2024-07-25 15:39:21', 2),
(488, 'Speaker', 36, '15/YPAP/IT/SPE/08/2016', 'Logitech z313', 1, 13, 20, '', '-', 'default.jpg', '', '', '2024-07-25 15:39:21', 2, '2024-07-25 15:39:21', 2),
(489, 'Speaker', 36, '16/YPAP/IT/SPE/08/2016', 'Logitech z313', 1, 13, 20, '', '-', 'default.jpg', '', '', '2024-07-25 15:39:21', 2, '2024-07-25 15:39:21', 2),
(490, 'Speaker', 36, '17/YPAP/IT/SPE/08/2016', 'Logitech z313', 1, 13, 20, '', '-', 'default.jpg', '', '', '2024-07-25 15:39:21', 2, '2024-07-25 15:39:21', 2),
(491, 'Speaker', 36, '18/YPAP/IT/SPE/08/2016', 'Logitech z313', 1, 13, 20, '', '-', 'default.jpg', '', '', '2024-07-25 15:39:21', 2, '2024-07-25 15:39:21', 2),
(492, 'Speaker', 36, '19/YPAP/IT/SPE/02/2017', 'Logitech z313', 1, 13, 22, '', '-', 'default.jpg', '', '', '2024-07-25 15:39:21', 2, '2024-07-25 15:39:21', 2),
(493, 'Speaker', 36, '20/YPAP/IT/SPE/08/2017', 'Logitech z313', 1, 13, 34, '', '-', 'default.jpg', '', '', '2024-07-25 15:39:21', 2, '2024-07-25 15:39:21', 2),
(494, 'Speaker', 36, '21/YPAP/IT/SPE/08/2017', 'Logitech z313', 1, 13, 34, '', '-', 'default.jpg', '', '', '2024-07-25 15:39:21', 2, '2024-07-25 15:39:21', 2),
(495, 'Speaker', 36, '22/YPAP/IT/SPE/08/2017', 'Logitech z313', 1, 13, 34, '', '-', 'default.jpg', '', '', '2024-07-25 15:39:21', 2, '2024-07-25 15:39:21', 2),
(496, 'Speaker', 36, '23/YPAP/IT/SPE/08/2017', 'Logitech z313', 1, 13, 34, '', '-', 'default.jpg', '', '', '2024-07-25 15:39:21', 2, '2024-07-25 15:39:21', 2),
(497, 'Speaker', 36, '24/YPAP/IT/SPE/08/2017', 'Logitech z313', 1, 13, 34, '', '-', 'default.jpg', '', '', '2024-07-25 15:39:21', 2, '2024-07-25 15:39:21', 2),
(498, 'Speaker', 36, '25/YPAP/IT/SPE/08/2017', 'Logitech z313', 1, 13, 34, '', '-', 'default.jpg', '', '', '2024-07-25 15:39:21', 2, '2024-07-25 15:39:21', 2),
(499, 'Speaker', 36, '26/YPAP/IT/SPE/08/2014', 'Logitech Z120', 1, 13, 35, '', '-', 'default.jpg', '', '', '2024-07-25 15:39:21', 2, '2024-07-25 15:39:21', 2),
(500, 'Speaker', 36, '27/YPAP/IT/SPE/08/2014', 'Logitech Z120', 1, 13, 35, '', '-', 'default.jpg', '', '', '2024-07-25 15:39:21', 2, '2024-07-25 15:39:21', 2),
(501, 'Speaker', 36, '28/YPAP/IT/SPE/08/2014', 'Logitech Z120', 1, 13, 35, '', '-', 'default.jpg', '', '', '2024-07-25 15:39:21', 2, '2024-07-25 15:39:21', 2),
(502, 'Speaker', 36, '29/YPAP/IT/SPE/08/2014', 'Logitech Z120', 1, 13, 35, '', '-', 'default.jpg', '', '', '2024-07-25 15:39:21', 2, '2024-07-25 15:39:21', 2),
(503, 'Speaker', 36, '30/YPAP/IT/SPE/08/2014', 'Logitech Z120', 1, 13, 35, '', '-', 'default.jpg', '', '', '2024-07-25 15:39:21', 2, '2024-07-25 15:39:21', 2),
(504, 'Speaker', 36, '31/YPAP/IT/SPE/08/2014', 'Logitech Z120', 1, 13, 35, '', '-', 'default.jpg', '', '', '2024-07-25 15:39:21', 2, '2024-07-25 15:39:21', 2),
(505, 'Speaker', 36, '32/YPAP/IT/SPE/11/2017', 'Logitech z313', 1, 13, 22, '', '-', 'default.jpg', '', '', '2024-07-25 15:39:21', 2, '2024-07-25 15:39:21', 2),
(506, 'Speaker', 36, '33/YPAP/IT/SPE/10/2018', 'Logitech Z313', 1, 13, 20, '', '-', 'default.jpg', '', '', '2024-07-25 15:39:21', 2, '2024-07-25 15:39:21', 2),
(507, 'Speaker', 36, '34/YPAP/IT/SPE/02/2022', 'Simbadda CST 3000 N+', 1, 13, 20, '', '-', 'default.jpg', '', '', '2024-07-25 15:39:21', 2, '2024-07-25 15:39:21', 2),
(508, 'Speaker', 36, '35/YPAP/IT/SPE/02/2022', 'Simbadda CST 3000 N+', 1, 13, 20, '', '-', 'default.jpg', '', '', '2024-07-25 15:39:21', 2, '2024-07-25 15:39:21', 2),
(509, 'Speaker', 36, '36/YPAP/IT/SPE/02/2022', 'Simbadda CST 3000 N+', 1, 13, 20, '', '-', 'default.jpg', '', '', '2024-07-25 15:39:21', 2, '2024-07-25 15:39:21', 2),
(510, 'VGA Splitter', 37, '01/YPAP/VS/08/2014', '1 Unit VGA Splitter VS0202 ', 1, 13, 18, '', '-', 'default.jpg', '', '', '2024-07-25 15:39:25', 2, '2024-07-25 15:39:25', 2),
(511, 'VGA Splitter', 37, '02/YPAP/VS/08/2014', '1 Unit VGA Splitter VS0102 ', 1, 13, 18, '', '-', 'default.jpg', '', '', '2024-07-25 15:39:25', 2, '2024-07-25 15:39:25', 2),
(512, 'VGA Splitter', 37, '03/YPAP/VS/08/2014', '1 Unit VGA Splitter VS0102 ', 1, 13, 18, '', '-', 'default.jpg', '', '', '2024-07-25 15:39:25', 2, '2024-07-25 15:39:25', 2),
(513, 'VGA Splitter', 37, '04/YPAP/VS/08/2014', '1 Unit VGA Splitter VS0102 ', 1, 13, 18, '', '-', 'default.jpg', '', '', '2024-07-25 15:39:25', 2, '2024-07-25 15:39:25', 2),
(514, 'VGA Splitter', 37, '05/YPAP/VS/08/2014', '1 Unit VGA Splitter VS0102 ', 1, 13, 18, '', '-', 'default.jpg', '', '', '2024-07-25 15:39:25', 2, '2024-07-25 15:39:25', 2),
(515, 'VGA Splitter', 37, '06/YPAP/VS/08/2014', '1 Unit VGA Splitter VS0102 ', 1, 13, 18, '', '-', 'default.jpg', '', '', '2024-07-25 15:39:25', 2, '2024-07-25 15:39:25', 2),
(516, 'VGA Splitter', 37, '07/YPAP/VS/07/2015', '1 Unit VGA Splitter VS0102 ', 1, 13, 19, '', '-', 'default.jpg', '', '', '2024-07-25 15:39:25', 2, '2024-07-25 15:39:25', 2),
(517, 'VGA Splitter', 37, '08/YPAP/VS/07/2015', '1 Unit VGA Splitter VS0102 ', 1, 13, 19, '', '-', 'default.jpg', '', '', '2024-07-25 15:39:25', 2, '2024-07-25 15:39:25', 2),
(518, 'Rak Server', 38, '02/YPAP/RS/03/2014', '1 Unit HP Server ProLiant DL 380p Gen8', 1, 13, 36, '', '-', 'default.jpg', '', '', '2024-07-25 15:39:30', 2, '2024-07-25 15:39:30', 2),
(519, 'Rak Server', 38, '03/YPAP/RS/10/2015', '1 Unit HP Server ProLiant DL 380p Gen8', 1, 13, 37, '', '-', 'default.jpg', '', '', '2024-07-25 15:39:30', 2, '2024-07-25 15:39:30', 2),
(520, 'Rak Server', 38, '04/YPAP/RS/10/2015', '1 Unit HP Server ProLiant DL 380p Gen8', 1, 13, 37, '', '-', 'default.jpg', '', '', '2024-07-25 15:39:30', 2, '2024-07-25 15:39:30', 2),
(521, 'Rak Server', 38, '05/YPAP/RS/07/2017', '1 Unit HP Server ProLiant DL 380p Gen8', 1, 13, 38, '', '-', 'default.jpg', '', '', '2024-07-25 15:39:30', 2, '2024-07-25 15:39:30', 2),
(522, 'SERVER', 39, '01/YPAP/SV/03/2014', '1 Unit HP Server ProLiant DL 380p Gen8', 1, 13, 36, '', '-', 'default.jpg', '', '', '2024-07-25 15:39:36', 2, '2024-07-25 15:39:36', 2),
(523, 'SERVER', 39, '02/YPAP/SV/03/2014', '1 Unit HP Server ProLiant DL 380p Gen8', 1, 13, 36, '', '-', 'default.jpg', '', '', '2024-07-25 15:39:36', 2, '2024-07-25 15:39:36', 2),
(524, 'SERVER', 39, '03/YPAP/SV/03/2014', '1 Unit HP Server ProLiant DL 380p Gen8', 1, 13, 36, '', '-', 'default.jpg', '', '', '2024-07-25 15:39:36', 2, '2024-07-25 15:39:36', 2),
(525, 'SERVER', 39, '04/YPAP/SV/03/2014', '1 Unit HP Server ProLiant DL 380p Gen8', 1, 13, 36, '', '-', 'default.jpg', '', '', '2024-07-25 15:39:36', 2, '2024-07-25 15:39:36', 2),
(526, 'SERVER', 39, '05/YPAP/SV/07/2014', '1 Unit HP Server ProLiant DL 380p Gen8', 1, 13, 36, '', '-', 'default.jpg', '', '', '2024-07-25 15:39:36', 2, '2024-07-25 15:39:36', 2),
(527, 'SERVER', 39, '06/YPAP/SV/05/2016', '1 Unit HP Server ProLiant DL 380p Gen8', 1, 13, 39, '', '-', 'default.jpg', '', '', '2024-07-25 15:39:36', 2, '2024-07-25 15:39:36', 2),
(528, 'SERVER', 39, '07/YPAP/SV/05/2016', '1 Unit HP Server ProLiant DL 380p Gen8', 1, 13, 39, '', '-', 'default.jpg', '', '', '2024-07-25 15:39:36', 2, '2024-07-25 15:39:36', 2),
(529, 'SERVER', 39, '08/YPAP/SV/04/2017', '1 Unit NAS Synology Rackstation', 1, 13, 20, '', '-', 'default.jpg', '', '', '2024-07-25 15:39:36', 2, '2024-07-25 15:39:36', 2);

-- --------------------------------------------------------

--
-- Table structure for table `m_location`
--

CREATE TABLE `m_location` (
  `id` int(11) NOT NULL,
  `label` varchar(255) NOT NULL,
  `floor` int(11) NOT NULL,
  `created_at` datetime NOT NULL DEFAULT current_timestamp(),
  `created_by` int(11) NOT NULL,
  `updated_at` datetime NOT NULL DEFAULT current_timestamp(),
  `updated_by` int(11) NOT NULL
) ENGINE=InnoDB DEFAULT CHARSET=utf8mb4;

--
-- Dumping data for table `m_location`
--

INSERT INTO `m_location` (`id`, `label`, `floor`, `created_at`, `created_by`, `updated_at`, `updated_by`) VALUES
(1, 'Kampus PU ', 5, '2024-01-31 10:24:59', 1, '2024-05-29 16:45:01', 3),
(4, 'Kampus PU', 6, '2024-05-29 17:45:15', 3, '2024-05-29 17:45:15', 3),
(5, 'Kampus PU', 3, '2024-05-29 17:45:25', 3, '2024-05-29 17:45:25', 3),
(6, 'Lab Madison', 1, '2024-05-29 17:45:34', 3, '2024-05-29 17:45:34', 3),
(7, 'Lab Madison', 2, '2024-05-29 17:45:45', 3, '2024-05-29 17:45:45', 3),
(8, 'NJIS', 0, '2024-07-25 15:38:34', 2, '2024-07-25 15:38:34', 2),
(9, 'User', 0, '2024-07-25 15:38:34', 2, '2024-07-25 15:38:34', 2),
(10, '-', 0, '2024-07-25 15:38:34', 2, '2024-07-25 15:38:34', 2),
(11, 'Class 503', 0, '2024-07-25 15:38:40', 2, '2024-07-25 15:38:40', 2),
(12, 'R.IT ', 0, '2024-07-25 15:38:40', 2, '2024-07-25 15:38:40', 2),
(13, 'Class 505', 0, '2024-07-25 15:38:40', 2, '2024-07-25 15:38:40', 2),
(14, 'Class 506', 0, '2024-07-25 15:38:40', 2, '2024-07-25 15:38:40', 2),
(15, 'Class 523', 0, '2024-07-25 15:38:40', 2, '2024-07-25 15:38:40', 2),
(16, 'Class 510', 0, '2024-07-25 15:38:40', 2, '2024-07-25 15:38:40', 2),
(17, 'Class 508', 0, '2024-07-25 15:38:40', 2, '2024-07-25 15:38:40', 2),
(18, 'Class 515', 0, '2024-07-25 15:38:40', 2, '2024-07-25 15:38:40', 2),
(19, 'Class 516', 0, '2024-07-25 15:38:40', 2, '2024-07-25 15:38:40', 2),
(20, 'Class 517', 0, '2024-07-25 15:38:40', 2, '2024-07-25 15:38:40', 2),
(21, 'LAB ACC LT5', 0, '2024-07-25 15:38:40', 2, '2024-07-25 15:38:40', 2),
(22, '507', 0, '2024-07-25 15:38:40', 2, '2024-07-25 15:38:40', 2),
(23, 'Backup Operasional/R.IT', 0, '2024-07-25 15:38:40', 2, '2024-07-25 15:38:40', 2),
(24, 'Class 511', 0, '2024-07-25 15:38:40', 2, '2024-07-25 15:38:40', 2),
(25, 'Class 520', 0, '2024-07-25 15:38:40', 2, '2024-07-25 15:38:40', 2),
(26, 'Class 521', 0, '2024-07-25 15:38:40', 2, '2024-07-25 15:38:40', 2),
(27, 'Class 522', 0, '2024-07-25 15:38:40', 2, '2024-07-25 15:38:40', 2),
(28, 'Class 602', 0, '2024-07-25 15:38:40', 2, '2024-07-25 15:38:40', 2),
(29, 'IT (Belum Deploy)', 0, '2024-07-25 15:38:40', 2, '2024-07-25 15:38:40', 2),
(30, 'MRK Room / Lantai 5', 0, '2024-07-25 15:38:45', 2, '2024-07-25 15:38:45', 2),
(31, 'Lecturer Room  / Lantai 5', 0, '2024-07-25 15:38:45', 2, '2024-07-25 15:38:45', 2),
(32, 'Pucel Room / Lantai 5', 0, '2024-07-25 15:38:45', 2, '2024-07-25 15:38:45', 2),
(33, 'Admisi / Lantai 3', 0, '2024-07-25 15:38:45', 2, '2024-07-25 15:38:45', 2),
(34, 'Ready/Ruang IT lantai 5', 0, '2024-07-25 15:38:45', 2, '2024-07-25 15:38:45', 2),
(35, 'Ruang IT lantai 6', 0, '2024-07-25 15:38:45', 2, '2024-07-25 15:38:45', 2),
(36, 'SAS /Lantai 5', 0, '2024-07-25 15:38:45', 2, '2024-07-25 15:38:45', 2),
(37, 'R.IT lt5', 0, '2024-07-25 15:38:45', 2, '2024-07-25 15:38:45', 2),
(38, 'Ruang BisDev lantai 6', 0, '2024-07-25 15:38:45', 2, '2024-07-25 15:38:45', 2),
(39, 'Ruang Marketing lantai 3', 0, '2024-07-25 15:38:45', 2, '2024-07-25 15:38:45', 2),
(40, 'Lantai 5', 0, '2024-07-25 15:38:45', 2, '2024-07-25 15:38:45', 2),
(41, 'Ruang ASC /Lantai 6', 0, '2024-07-25 15:38:45', 2, '2024-07-25 15:38:45', 2),
(42, 'Ruang Kelas/Lantai 5', 0, '2024-07-25 15:38:45', 2, '2024-07-25 15:38:45', 2),
(43, 'Ruang Sekretariat lantai 6', 0, '2024-07-25 15:38:45', 2, '2024-07-25 15:38:45', 2),
(44, 'Ruang IT lantai 5', 0, '2024-07-25 15:38:45', 2, '2024-07-25 15:38:45', 2),
(45, 'Ruang HRD lantai 6', 0, '2024-07-25 15:38:45', 2, '2024-07-25 15:38:45', 2),
(46, 'LAB HBP/Lantai 6', 0, '2024-07-25 15:38:45', 2, '2024-07-25 15:38:45', 2),
(47, 'PUCEL Room /Lantai 5', 0, '2024-07-25 15:38:45', 2, '2024-07-25 15:38:45', 2),
(48, 'Ruang Finance lantai 6', 0, '2024-07-25 15:38:45', 2, '2024-07-25 15:38:45', 2),
(49, 'Ruang Adum/GA lantai 5', 0, '2024-07-25 15:38:45', 2, '2024-07-25 15:38:45', 2),
(50, 'SAS / Lantai 5', 0, '2024-07-25 15:38:45', 2, '2024-07-25 15:38:45', 2),
(51, 'Admission Room / Lantai 3', 0, '2024-07-25 15:38:45', 2, '2024-07-25 15:38:45', 2),
(52, 'Kerjasama/Lantai 6', 0, '2024-07-25 15:38:45', 2, '2024-07-25 15:38:45', 2),
(53, 'Ruang IT Lt5', 0, '2024-07-25 15:38:45', 2, '2024-07-25 15:38:45', 2),
(54, 'Library / Lantai 5', 0, '2024-07-25 15:38:45', 2, '2024-07-25 15:38:45', 2),
(55, 'Lantai 6', 0, '2024-07-25 15:38:45', 2, '2024-07-25 15:38:45', 2),
(56, 'Ruang HBP lantai 5', 0, '2024-07-25 15:38:45', 2, '2024-07-25 15:38:45', 2),
(57, 'Lab HBP / Lantai 6', 0, '2024-07-25 15:38:45', 2, '2024-07-25 15:38:45', 2),
(58, 'Ruang BLP lantai 5', 0, '2024-07-25 15:38:45', 2, '2024-07-25 15:38:45', 2),
(59, 'Lab Arsitektur/Lantai 6', 0, '2024-07-25 15:38:45', 2, '2024-07-25 15:38:45', 2),
(60, 'Lab ACC lantai 5', 0, '2024-07-25 15:38:45', 2, '2024-07-25 15:38:45', 2),
(61, 'Ruang Sekretariat/Rektorat lantai 6', 0, '2024-07-25 15:38:45', 2, '2024-07-25 15:38:45', 2),
(62, ' Ruang Markom / Lantai 6', 0, '2024-07-25 15:38:45', 2, '2024-07-25 15:38:45', 2),
(63, 'Perpustakaan/Lantai 5', 0, '2024-07-25 15:38:45', 2, '2024-07-25 15:38:45', 2),
(64, 'Lab Accounting/lantai 5', 0, '2024-07-25 15:38:45', 2, '2024-07-25 15:38:45', 2),
(65, 'Lab Accounting / Lantai 5', 0, '2024-07-25 15:38:45', 2, '2024-07-25 15:38:45', 2),
(66, 'Ruang LPPM lantai 6', 0, '2024-07-25 15:38:45', 2, '2024-07-25 15:38:45', 2),
(67, 'Ruang Markom lantai 6', 0, '2024-07-25 15:38:45', 2, '2024-07-25 15:38:45', 2),
(68, 'Eco Space / Lantai 5', 0, '2024-07-25 15:38:45', 2, '2024-07-25 15:38:45', 2),
(69, 'R.Kemahasiswaan lantai 5', 0, '2024-07-25 15:38:45', 2, '2024-07-25 15:38:45', 2),
(70, 'Ruang Kelas /Lantai 5', 0, '2024-07-25 15:38:45', 2, '2024-07-25 15:38:45', 2),
(71, 'Workshop Architecture / Lantai 6', 0, '2024-07-25 15:38:45', 2, '2024-07-25 15:38:45', 2),
(72, 'Ruang SPMI lantai 5', 0, '2024-07-25 15:38:45', 2, '2024-07-25 15:38:45', 2),
(73, ' Lantai 5', 0, '2024-07-25 15:38:45', 2, '2024-07-25 15:38:45', 2),
(74, 'Ruang Finance/ Lantai 6', 0, '2024-07-25 15:38:45', 2, '2024-07-25 15:38:45', 2),
(75, 'Ruang kelas lantai 5', 0, '2024-07-25 15:38:45', 2, '2024-07-25 15:38:45', 2),
(76, 'Operasional Room/Lantai 5', 0, '2024-07-25 15:38:45', 2, '2024-07-25 15:38:45', 2),
(77, 'Ruang kelas lantai 6', 0, '2024-07-25 15:38:45', 2, '2024-07-25 15:38:45', 2),
(78, 'Ruang HBP lantai 6', 0, '2024-07-25 15:38:45', 2, '2024-07-25 15:38:45', 2),
(79, 'Kemahasiswaan Room / Lantai 5', 0, '2024-07-25 15:38:45', 2, '2024-07-25 15:38:45', 2),
(80, 'Lab Teknik Madison Park', 0, '2024-07-25 15:38:45', 2, '2024-07-25 15:38:45', 2),
(81, 'Ruang Kelas / Lantai 5', 0, '2024-07-25 15:38:45', 2, '2024-07-25 15:38:45', 2),
(82, 'Ruang kemahasiswaan lantai 5', 0, '2024-07-25 15:38:45', 2, '2024-07-25 15:38:45', 2),
(83, 'Ruang PU-X lantai 5', 0, '2024-07-25 15:38:45', 2, '2024-07-25 15:38:45', 2),
(84, 'Ruang Despro lantai 5', 0, '2024-07-25 15:38:45', 2, '2024-07-25 15:38:45', 2),
(85, 'Ruang ADUM/ GA lantai 5', 0, '2024-07-25 15:38:45', 2, '2024-07-25 15:38:45', 2),
(86, 'Samping R ASC lantai 6', 0, '2024-07-25 15:38:45', 2, '2024-07-25 15:38:45', 2),
(87, 'R.Server IT lantai 5', 0, '2024-07-25 15:38:45', 2, '2024-07-25 15:38:45', 2),
(88, 'Lab 503 Lantai 5', 0, '2024-07-25 15:38:45', 2, '2024-07-25 15:38:45', 2),
(89, 'Resto baru lantai 6', 0, '2024-07-25 15:38:45', 2, '2024-07-25 15:38:45', 2),
(90, 'lab - lantai 5', 0, '2024-07-25 15:38:51', 2, '2024-07-25 15:38:51', 2),
(91, 'Lt6', 0, '2024-07-25 15:38:56', 2, '2024-07-25 15:38:56', 2),
(92, '3th Floor', 0, '2024-07-25 15:38:56', 2, '2024-07-25 15:38:56', 2),
(93, '27/11/16 ', 0, '2024-07-25 15:38:56', 2, '2024-07-25 15:38:56', 2),
(94, 'Finance Room', 0, '2024-07-25 15:38:56', 2, '2024-07-25 15:38:56', 2),
(95, '5th Floor', 0, '2024-07-25 15:38:56', 2, '2024-07-25 15:38:56', 2),
(96, 'Rektorat', 0, '2024-07-25 15:38:56', 2, '2024-07-25 15:38:56', 2),
(97, 'IT', 0, '2024-07-25 15:38:56', 2, '2024-07-25 15:38:56', 2),
(98, '6th Floor', 0, '2024-07-25 15:38:56', 2, '2024-07-25 15:38:56', 2),
(99, 'Receptionist', 0, '2024-07-25 15:38:56', 2, '2024-07-25 15:38:56', 2),
(100, 'Cheff Room - Kitchen', 0, '2024-07-25 15:38:56', 2, '2024-07-25 15:38:56', 2),
(101, 'Resto - Les Papion', 0, '2024-07-25 15:38:56', 2, '2024-07-25 15:38:56', 2),
(102, 'Workshop Arsitek', 0, '2024-07-25 15:38:56', 2, '2024-07-25 15:38:56', 2),
(103, 'Lt5', 0, '2024-07-25 15:38:56', 2, '2024-07-25 15:38:56', 2),
(104, 'Lt. 6', 0, '2024-07-25 15:38:56', 2, '2024-07-25 15:38:56', 2),
(105, 'Ecospace', 0, '2024-07-25 15:38:56', 2, '2024-07-25 15:38:56', 2),
(106, 'R.despro lt5', 0, '2024-07-25 15:38:56', 2, '2024-07-25 15:38:56', 2),
(107, 'Ruang Server IT/maintenance', 0, '2024-07-25 15:39:01', 2, '2024-07-25 15:39:01', 2),
(108, 'Ruang Server finance lt6', 0, '2024-07-25 15:39:01', 2, '2024-07-25 15:39:01', 2),
(109, 'Ruang Server IT', 0, '2024-07-25 15:39:01', 2, '2024-07-25 15:39:01', 2),
(110, 'R.Musholla lt.6', 0, '2024-07-25 15:39:01', 2, '2024-07-25 15:39:01', 2),
(111, 'R.IT lantai 5', 0, '2024-07-25 15:39:01', 2, '2024-07-25 15:39:01', 2),
(112, 'R. Markom', 0, '2024-07-25 15:39:01', 2, '2024-07-25 15:39:01', 2),
(113, 'Ruang Mushola lt5', 0, '2024-07-25 15:39:01', 2, '2024-07-25 15:39:01', 2),
(114, 'Ruang Server finance lt6/perbaikan', 0, '2024-07-25 15:39:01', 2, '2024-07-25 15:39:01', 2),
(115, 'Ruang Server IT / PABX', 0, '2024-07-25 15:39:01', 2, '2024-07-25 15:39:01', 2),
(116, 'Depan Class 519/R.IT lt5', 0, '2024-07-25 15:39:01', 2, '2024-07-25 15:39:01', 2),
(117, 'R.KaProdi Lt.5/R.It lt5', 0, '2024-07-25 15:39:01', 2, '2024-07-25 15:39:01', 2),
(118, 'Depan 501/R.IT lt5', 0, '2024-07-25 15:39:01', 2, '2024-07-25 15:39:01', 2),
(119, 'R.Server IT/PABX', 0, '2024-07-25 15:39:01', 2, '2024-07-25 15:39:01', 2),
(120, 'R.Server IT/ PABX', 0, '2024-07-25 15:39:01', 2, '2024-07-25 15:39:01', 2),
(121, 'R.IT lantai 5/ex hbp kitchen', 0, '2024-07-25 15:39:01', 2, '2024-07-25 15:39:01', 2),
(122, 'R.Server lantai 5/maintenance', 0, '2024-07-25 15:39:01', 2, '2024-07-25 15:39:01', 2),
(123, 'R.Adum/GA lt5', 0, '2024-07-25 15:39:01', 2, '2024-07-25 15:39:01', 2),
(124, 'Library', 0, '2024-07-25 15:39:01', 2, '2024-07-25 15:39:01', 2),
(125, 'Ruang LPPM ', 0, '2024-07-25 15:39:01', 2, '2024-07-25 15:39:01', 2),
(126, 'Ruang Kemahasiswaan', 0, '2024-07-25 15:39:01', 2, '2024-07-25 15:39:01', 2),
(127, 'Ruang Development IT lt6', 0, '2024-07-25 15:39:01', 2, '2024-07-25 15:39:01', 2),
(128, 'Front  Office HBP', 0, '2024-07-25 15:39:01', 2, '2024-07-25 15:39:01', 2),
(129, 'Ruang PU-X 2', 0, '2024-07-25 15:39:01', 2, '2024-07-25 15:39:01', 2),
(130, 'R.IT lt5/peminjaman', 0, '2024-07-25 15:39:01', 2, '2024-07-25 15:39:01', 2),
(131, '504', 0, '2024-07-25 15:39:01', 2, '2024-07-25 15:39:01', 2),
(132, 'Ruang admin prodi lt5', 0, '2024-07-25 15:39:01', 2, '2024-07-25 15:39:01', 2),
(133, 'Depan Ruang Rektorat/R.It lt5', 0, '2024-07-25 15:39:01', 2, '2024-07-25 15:39:01', 2),
(134, 'Depan Ruang IT/di R.IT lt5', 0, '2024-07-25 15:39:01', 2, '2024-07-25 15:39:01', 2),
(135, 'R.IT/ Lab 2 HBP perbaikan lt5', 0, '2024-07-25 15:39:01', 2, '2024-07-25 15:39:01', 2),
(136, ' Depan 512/R.It lt5', 0, '2024-07-25 15:39:01', 2, '2024-07-25 15:39:01', 2),
(137, 'Auditorium/R.It lt5', 0, '2024-07-25 15:39:01', 2, '2024-07-25 15:39:01', 2),
(138, 'IT Server', 0, '2024-07-25 15:39:11', 2, '2024-07-25 15:39:11', 2),
(139, 'Lantai 3', 0, '2024-07-25 15:39:16', 2, '2024-07-25 15:39:16', 2),
(140, '[Removal /Dimusnahkan - 11 Juni 2020]', 0, '2024-07-25 15:39:21', 2, '2024-07-25 15:39:21', 2),
(141, '512', 0, '2024-07-25 15:39:21', 2, '2024-07-25 15:39:21', 2),
(142, '[Removal / Dimusnahkan 27 November 2016]', 0, '2024-07-25 15:39:21', 2, '2024-07-25 15:39:21', 2),
(143, '510', 0, '2024-07-25 15:39:21', 2, '2024-07-25 15:39:21', 2),
(144, '520', 0, '2024-07-25 15:39:21', 2, '2024-07-25 15:39:21', 2),
(145, '602', 0, '2024-07-25 15:39:21', 2, '2024-07-25 15:39:21', 2),
(146, '505', 0, '2024-07-25 15:39:21', 2, '2024-07-25 15:39:21', 2),
(147, 'perbaikan di ruang IT lt5', 0, '2024-07-25 15:39:21', 2, '2024-07-25 15:39:21', 2),
(148, '516', 0, '2024-07-25 15:39:21', 2, '2024-07-25 15:39:21', 2),
(149, '506', 0, '2024-07-25 15:39:21', 2, '2024-07-25 15:39:21', 2),
(150, 'Removal /Dimusnahkan 16-Desember-2022', 0, '2024-07-25 15:39:21', 2, '2024-07-25 15:39:21', 2),
(151, 'R 508', 0, '2024-07-25 15:39:21', 2, '2024-07-25 15:39:21', 2),
(152, '514', 0, '2024-07-25 15:39:21', 2, '2024-07-25 15:39:21', 2),
(153, '522', 0, '2024-07-25 15:39:21', 2, '2024-07-25 15:39:21', 2),
(154, '517', 0, '2024-07-25 15:39:21', 2, '2024-07-25 15:39:21', 2),
(155, '606', 0, '2024-07-25 15:39:21', 2, '2024-07-25 15:39:21', 2),
(156, '604', 0, '2024-07-25 15:39:21', 2, '2024-07-25 15:39:21', 2),
(157, 'Marketing', 0, '2024-07-25 15:39:21', 2, '2024-07-25 15:39:21', 2),
(158, 'Kemahasiswaan /nadira', 0, '2024-07-25 15:39:21', 2, '2024-07-25 15:39:21', 2),
(159, 'Markom/Lulu', 0, '2024-07-25 15:39:21', 2, '2024-07-25 15:39:21', 2),
(160, '511', 0, '2024-07-25 15:39:21', 2, '2024-07-25 15:39:21', 2),
(161, '608', 0, '2024-07-25 15:39:21', 2, '2024-07-25 15:39:21', 2),
(162, '513 new', 0, '2024-07-25 15:39:21', 2, '2024-07-25 15:39:21', 2),
(163, '521new', 0, '2024-07-25 15:39:21', 2, '2024-07-25 15:39:21', 2),
(164, ' 523new', 0, '2024-07-25 15:39:21', 2, '2024-07-25 15:39:21', 2),
(165, 'R.IT Lt 5', 0, '2024-07-25 15:39:30', 2, '2024-07-25 15:39:30', 2),
(166, 'Musholla lt5', 0, '2024-07-25 15:39:30', 2, '2024-07-25 15:39:30', 2),
(167, 'R.GA Lt.5', 0, '2024-07-25 15:39:30', 2, '2024-07-25 15:39:30', 2),
(168, 'R.finance lt.6', 0, '2024-07-25 15:39:30', 2, '2024-07-25 15:39:30', 2),
(169, 'Lantai 5/maintenance', 0, '2024-07-25 15:39:36', 2, '2024-07-25 15:39:36', 2);

-- --------------------------------------------------------

--
-- Table structure for table `m_log`
--

CREATE TABLE `m_log` (
  `id` int(11) NOT NULL,
  `id_item` int(11) NOT NULL,
  `id_warehouse` int(11) NOT NULL,
  `description` int(11) NOT NULL,
  `reason` text NOT NULL,
  `qty1` int(11) NOT NULL,
  `balance` int(11) NOT NULL,
  `back_date` datetime NOT NULL DEFAULT current_timestamp(),
  `qty2` int(11) NOT NULL,
  `file` varchar(255) NOT NULL,
  `created_at` timestamp NOT NULL DEFAULT current_timestamp(),
  `created_by` int(11) NOT NULL,
  `updated_at` datetime NOT NULL DEFAULT current_timestamp(),
  `updated_by` int(11) NOT NULL
) ENGINE=InnoDB DEFAULT CHARSET=utf8mb4;

--
-- Dumping data for table `m_log`
--

INSERT INTO `m_log` (`id`, `id_item`, `id_warehouse`, `description`, `reason`, `qty1`, `balance`, `back_date`, `qty2`, `file`, `created_at`, `created_by`, `updated_at`, `updated_by`) VALUES
(1, 2, 2, 0, '', 0, 4, '2023-08-15 00:00:00', 4, '', '2024-05-29 10:03:43', 3, '2024-05-29 17:03:43', 3),
(2, 2, 2, 0, 'Penggantian HDD 11/YPAP/IT/NB/03/2014 (Marlina:Marketing)', 4, 1, '2023-08-22 00:00:00', 3, '', '2024-05-29 10:05:02', 3, '2024-05-29 17:05:02', 3),
(3, 2, 2, 0, 'Penggantian HDD 14/YPAP/IT/NB/03/2014 (Sonny: Marketing)', 3, 1, '2023-08-22 00:00:00', 2, '', '2024-05-29 10:06:31', 3, '2024-05-29 17:06:31', 3),
(4, 2, 2, 0, 'Penggantian HDD 24/YPAP/IT/NB/12/2015 (Lenywaty)', 2, 1, '2023-09-12 00:00:00', 1, '', '2024-05-29 10:07:42', 3, '2024-05-29 17:07:42', 3),
(5, 3, 2, 0, '', 0, 3, '2023-04-04 00:00:00', 3, '', '2024-05-29 10:11:41', 3, '2024-05-29 17:11:41', 3),
(6, 3, 2, 0, 'Kebutuhan Pajak (Sandra: Finance)', 3, 1, '0000-00-00 00:00:00', 2, '', '2024-05-29 10:13:22', 3, '2024-05-29 17:13:22', 3),
(7, 3, 2, 0, 'Kebutuhan Maintenance (Ridwantoro: IT), (Agustian:IT)\r\n', 2, 2, '2023-04-19 00:00:00', 0, '', '2024-05-29 10:17:31', 3, '2024-05-29 17:17:31', 3),
(8, 4, 2, 0, '', 0, 3, '2020-01-16 00:00:00', 3, '', '2024-05-29 10:31:10', 3, '2024-05-29 17:31:10', 3),
(9, 4, 2, 0, 'Operasional', 3, 1, '2020-01-20 00:00:00', 2, '', '2024-05-29 10:31:49', 3, '2024-05-29 17:31:49', 3),
(10, 4, 2, 0, 'operational', 2, 1, '2020-04-14 00:00:00', 1, '', '2024-05-29 10:32:23', 3, '2024-05-29 17:32:23', 3),
(11, 4, 2, 0, 'operasional', 1, 1, '2020-08-10 00:00:00', 0, '', '2024-05-29 10:33:00', 3, '2024-05-29 17:33:00', 3),
(12, 4, 2, 1, 'pembelian', 0, 4, '2020-12-22 00:00:00', 4, '', '2024-05-29 10:33:42', 3, '2024-05-29 17:33:42', 3),
(13, 4, 2, 0, 'operasional', 4, 2, '2021-04-05 00:00:00', 2, '', '2024-05-29 10:35:41', 3, '2024-05-29 17:35:41', 3),
(14, 4, 2, 0, 'operasional', 2, 2, '2022-02-07 00:00:00', 0, '', '2024-05-29 10:36:10', 3, '2024-05-29 17:36:10', 3),
(15, 4, 2, 1, 'pembelian', 0, 1, '2022-03-30 00:00:00', 1, '', '2024-05-29 10:36:42', 3, '2024-05-29 17:36:42', 3),
(16, 4, 2, 0, 'operasional', 1, 1, '2022-06-07 00:00:00', 0, '', '2024-05-29 10:37:10', 3, '2024-05-29 17:37:10', 3),
(17, 4, 2, 1, 'pembelian', 0, 6, '2023-04-04 00:00:00', 6, '', '2024-05-29 10:37:47', 3, '2024-05-29 17:37:47', 3),
(18, 4, 2, 0, 'operasional', 6, 1, '2023-04-04 00:00:00', 5, '', '2024-05-29 10:38:12', 3, '2024-05-29 17:38:12', 3),
(19, 5, 2, 0, '', 0, 1, '2022-02-23 00:00:00', 1, '', '2024-05-29 10:39:57', 3, '2024-05-29 17:39:57', 3),
(20, 5, 2, 0, 'Pergantian 12/YPAP', 1, 1, '2023-07-10 00:00:00', 0, '', '2024-05-29 10:40:31', 3, '2024-05-29 17:40:31', 3),
(21, 9, 2, 0, '', 0, 12, '2019-09-05 00:00:00', 12, '', '2024-05-30 09:11:28', 2, '2024-05-30 16:11:28', 2),
(22, 10, 2, 0, '', 0, 10, '2019-09-05 00:00:00', 10, '', '2024-05-30 09:24:47', 2, '2024-05-30 16:24:47', 2),
(23, 6, 2, 0, '', 0, 10, '2022-03-17 00:00:00', 10, '', '2024-05-30 09:28:15', 2, '2024-05-30 16:28:15', 2),
(24, 11, 2, 0, '', 0, 10, '2023-04-04 00:00:00', 10, '', '2024-05-30 09:32:00', 2, '2024-05-30 16:32:00', 2),
(25, 10, 2, 0, 'dgunakan alhadi rahman,pak sani H', 10, 2, '2019-09-06 00:00:00', 8, '', '2024-05-31 04:48:37', 2, '2024-05-31 11:48:37', 2),
(26, 10, 2, 0, 'digunakan class 512', 8, 2, '2019-09-25 00:00:00', 6, '', '2024-05-31 04:50:49', 2, '2024-05-31 11:50:49', 2),
(27, 10, 2, 0, 'digunakan lab 519', 6, 3, '2019-10-21 00:00:00', 3, '', '2024-05-31 04:52:19', 2, '2024-05-31 11:52:19', 2),
(28, 10, 2, 0, 'digunakan admision', 3, 3, '2020-03-01 00:00:00', 0, '', '2024-05-31 04:53:24', 2, '2024-05-31 11:53:24', 2),
(29, 6, 2, 0, 'digunakan rufiana h/purchasing', 10, 1, '2022-03-17 00:00:00', 9, '', '2024-05-31 04:56:33', 2, '2024-05-31 11:56:33', 2),
(30, 6, 2, 0, 'digunakan Dimas Akih/finance', 9, 1, '2022-04-04 00:00:00', 8, '', '2024-05-31 04:57:35', 2, '2024-05-31 11:57:35', 2),
(31, 6, 2, 0, 'digunakan Sunny /rektorat', 8, 1, '2022-04-14 00:00:00', 7, '', '2024-05-31 04:58:39', 2, '2024-05-31 11:58:39', 2),
(32, 6, 2, 0, 'digunakan ruang Lab 519', 7, 5, '2022-06-07 00:00:00', 2, '', '2024-05-31 05:00:03', 2, '2024-05-31 12:00:03', 2),
(33, 6, 2, 0, 'digunakan Merry/finance lt6', 2, 1, '2022-07-04 00:00:00', 1, '', '2024-05-31 05:01:19', 2, '2024-05-31 12:01:19', 2),
(34, 6, 2, 0, 'digunakan Olivia/finance', 1, 1, '2022-09-29 00:00:00', 0, '', '2024-05-31 05:02:10', 2, '2024-05-31 12:02:10', 2),
(35, 11, 2, 0, 'digunakan Sheila/finance', 10, 1, '2023-05-03 00:00:00', 9, '', '2024-05-31 05:03:27', 2, '2024-05-31 12:03:27', 2),
(36, 11, 2, 0, 'digunakan Sandra dewi/Finance', 9, 1, '2023-05-03 00:00:00', 8, '', '2024-05-31 05:04:28', 2, '2024-05-31 12:04:28', 2),
(37, 11, 2, 0, 'digunakan Lab 503 meja dosen', 8, 1, '2023-06-22 00:00:00', 7, '', '2024-05-31 05:05:30', 2, '2024-05-31 12:05:30', 2),
(38, 11, 2, 0, 'Digunakan rahmi taufika/pwk', 7, 1, '2023-07-10 00:00:00', 6, '', '2024-05-31 05:08:10', 2, '2024-05-31 12:08:10', 2),
(39, 11, 2, 0, 'digunakan lab 503 pca no.7', 6, 1, '2023-09-19 00:00:00', 5, '', '2024-05-31 05:09:20', 2, '2024-05-31 12:09:20', 2),
(40, 11, 2, 0, 'digunakan lab 503 pca no.6', 5, 1, '2023-09-20 00:00:00', 4, '', '2024-05-31 05:11:38', 2, '2024-05-31 12:11:38', 2),
(41, 11, 2, 0, 'digunakan lab 503 pca no.25', 4, 1, '2023-01-27 00:00:00', 3, '', '2024-05-31 05:15:30', 2, '2024-05-31 12:15:30', 2),
(42, 11, 2, 0, 'digunakan lab 503 pca no.28', 3, 1, '2023-12-18 00:00:00', 2, '', '2024-05-31 05:16:51', 2, '2024-05-31 12:16:51', 2),
(43, 9, 2, 0, 'digunakan lab 519', 12, 2, '2019-09-06 00:00:00', 10, '', '2024-05-31 05:20:55', 2, '2024-05-31 12:20:55', 2),
(44, 9, 2, 0, 'digunakan lab 503', 10, 2, '2019-09-09 00:00:00', 8, '', '2024-05-31 05:22:26', 2, '2024-05-31 12:22:26', 2),
(45, 12, 6, 1, 'Data Stock per 9 Nov 23', 0, 1517, '2023-11-09 00:00:00', 1517, '', '2024-05-31 08:30:25', 4, '2024-05-31 15:30:25', 4),
(46, 12, 6, 1, 'Barang Datang (PO: 052/PO/YPAP/X/2023)', 1517, 5000, '2023-11-09 00:00:00', 6517, '', '2024-05-31 08:34:00', 4, '2024-05-31 15:34:00', 4),
(47, 12, 6, 1, 'Barang Datang (PO: 052/PO/YPAP/X/2023)', 6517, 12000, '2023-11-15 00:00:00', 18517, '', '2024-05-31 08:34:55', 4, '2024-05-31 15:34:55', 4),
(48, 12, 6, 0, 'Marketing', 18517, 6000, '2023-11-16 00:00:00', 12517, '', '2024-05-31 08:37:33', 4, '2024-05-31 15:37:33', 4),
(49, 12, 6, 0, 'Kegiatan Wisuda', 12517, 21, '2023-11-17 00:00:00', 12496, '', '2024-05-31 07:42:48', 8, '2024-06-05 08:40:17', 3),
(50, 9, 2, 0, 'digunakan lab 503 dan 519', 8, 3, '2019-10-21 00:00:00', 5, '', '2024-06-03 03:39:06', 2, '2024-06-03 10:39:06', 2),
(51, 9, 2, 0, 'digunakan lab 503', 5, 1, '2020-02-27 00:00:00', 4, '', '2024-06-03 03:44:23', 2, '2024-06-03 10:44:23', 2),
(52, 12, 6, 0, 'Pesona Soto Nusantara', 12496, 30, '2023-11-20 00:00:00', 12466, '', '2024-06-03 07:08:07', 9, '2024-06-05 08:41:01', 3),
(53, 12, 6, 0, 'FPDB', 12466, 20, '2023-11-21 00:00:00', 12446, '', '2024-06-03 08:03:39', 16, '2024-06-05 08:41:48', 3),
(54, 12, 6, 0, 'Marketing', 12446, 2500, '2023-12-04 00:00:00', 9946, '', '2024-06-03 09:10:32', 4, '2024-06-03 16:10:32', 4),
(55, 12, 6, 0, 'LPPM', 9946, 1, '2023-12-07 00:00:00', 9945, '', '2024-06-03 08:12:45', 11, '2024-06-05 08:42:14', 3),
(56, 12, 6, 0, 'Marketing', 9945, 1500, '2023-12-13 00:00:00', 8445, '', '2024-06-03 09:15:47', 4, '2024-06-03 16:15:47', 4),
(57, 12, 6, 0, 'FKB', 8445, 4, '2023-12-13 00:00:00', 8441, '', '2024-06-03 08:21:00', 10, '2024-06-05 08:42:54', 3),
(58, 12, 6, 0, 'Eka', 8441, 1, '2023-12-15 00:00:00', 8440, '', '2024-06-03 08:22:46', 12, '2024-06-05 08:43:39', 3),
(59, 12, 6, 0, 'marketing', 8440, 500, '2024-01-08 00:00:00', 7940, '', '2024-06-04 02:41:57', 4, '2024-06-04 09:41:57', 4),
(60, 12, 6, 0, 'marketing', 7940, 1500, '2024-01-10 00:00:00', 6440, '', '2024-06-04 02:42:25', 4, '2024-06-04 09:42:25', 4),
(61, 12, 6, 0, 'pwk', 6440, 5, '2024-01-11 00:00:00', 6435, '', '2024-06-04 01:44:19', 13, '2024-06-05 08:44:38', 3),
(62, 12, 6, 0, 'Marketing', 6435, 1000, '2024-01-09 00:00:00', 5435, '', '2024-06-04 02:51:58', 4, '2024-06-04 09:51:58', 4),
(63, 12, 6, 0, 'marketing', 5435, 1500, '2024-01-10 00:00:00', 3935, '', '2024-06-04 02:54:15', 4, '2024-06-04 09:54:15', 4),
(64, 12, 6, 0, 'marketing', 3935, 3500, '2024-01-22 00:00:00', 435, '', '2024-06-04 02:54:42', 4, '2024-06-04 09:54:42', 4),
(65, 12, 6, 0, 'marketing', 435, 200, '2024-02-06 00:00:00', 235, '', '2024-06-04 02:55:09', 4, '2024-06-04 09:55:09', 4),
(66, 12, 6, 0, 'marketing', 235, 235, '2024-03-14 00:00:00', 0, '', '2024-06-04 02:55:42', 4, '2024-06-04 09:55:42', 4),
(67, 12, 6, 1, 'Pembelian baru 10 rim', 0, 5000, '2024-04-04 00:00:00', 5000, '', '2024-06-04 02:56:23', 4, '2024-06-04 09:56:23', 4),
(68, 12, 6, 0, 'Marketing', 5000, 1500, '2024-04-19 00:00:00', 3500, '', '2024-06-04 02:01:42', 17, '2024-06-05 08:45:35', 3),
(69, 12, 6, 0, 'HBP', 3500, 17, '2024-04-20 00:00:00', 3483, '', '2024-06-04 02:07:16', 19, '2024-06-05 08:47:11', 3),
(70, 12, 6, 0, 'PUX', 3483, 3, '2024-04-22 00:00:00', 3480, '', '2024-06-04 02:08:31', 20, '2024-06-05 08:47:31', 3),
(71, 12, 6, 0, 'Marketing', 3480, 10, '2024-04-22 00:00:00', 3470, '', '2024-06-04 02:10:17', 18, '2024-06-05 08:47:49', 3),
(72, 12, 6, 0, 'kerjasama', 3470, 5, '2024-04-29 00:00:00', 3465, '', '2024-06-04 02:11:26', 14, '2024-06-05 08:48:09', 3),
(73, 12, 6, 0, 'Graduation SMK Muhammadiyah 4', 3465, 500, '2024-05-24 00:00:00', 2965, '', '2024-06-04 02:18:04', 17, '2024-06-05 08:49:19', 3),
(74, 12, 6, 0, 'edufair STP Bandung', 2965, 500, '2024-05-27 00:00:00', 2465, '', '2024-06-04 02:19:28', 17, '2024-06-05 08:49:46', 3),
(75, 16, 6, 1, 'Barang Datang', 0, 1500, '2023-10-05 00:00:00', 1500, '', '2024-06-04 03:22:10', 4, '2024-06-04 10:22:10', 4),
(76, 16, 6, 0, 'Marketing', 1500, 500, '2023-10-09 00:00:00', 1000, '', '2024-06-04 03:22:45', 4, '2024-06-04 10:22:45', 4),
(77, 16, 6, 0, 'Marketing', 1000, 500, '2023-11-18 00:00:00', 500, '', '2024-06-04 03:23:07', 4, '2024-06-04 10:23:07', 4),
(78, 16, 6, 0, 'Marketing', 500, 500, '2023-12-11 00:00:00', 0, '', '2024-06-04 03:23:31', 4, '2024-06-04 10:23:31', 4),
(79, 16, 6, 1, 'Barang Datang', 0, 2500, '2024-04-04 00:00:00', 2500, '', '2024-06-04 03:24:47', 7, '2024-06-04 10:24:47', 7),
(80, 16, 6, 0, 'Marketing', 2500, 1500, '2024-06-04 10:25:54', 1000, '', '2024-06-04 02:25:54', 17, '2024-06-04 09:25:54', 5),
(81, 17, 6, 1, 'Data Cut Off 5 Juni 2023', 0, 103, '2023-06-05 00:00:00', 103, '', '2024-06-04 03:38:59', 4, '2024-06-04 10:38:59', 4),
(82, 17, 6, 0, 'Fieldtrip ke: Anata Salon Spa Clinic', 103, 1, '2023-06-05 00:00:00', 102, '', '2024-06-04 02:52:11', 21, '2024-06-05 08:51:00', 3),
(83, 17, 6, 0, 'Workshop Korean Bento Cake With Martinee Patisserie', 102, 1, '2023-06-12 00:00:00', 101, '', '2024-06-04 02:52:25', 22, '2024-06-05 08:51:23', 3),
(84, 17, 6, 0, 'Seminar Link dan Match', 101, 1, '2023-08-01 00:00:00', 100, '', '2024-06-04 02:53:39', 13, '2024-06-05 08:51:41', 3),
(85, 17, 6, 0, 'IFI dan APL', 100, 4, '2023-08-08 00:00:00', 96, '', '2024-06-04 02:55:54', 22, '2024-06-05 08:51:57', 3),
(86, 17, 6, 0, 'Seminar Indikasi Geografis Indonesia oleh Chef Bara', 96, 2, '2023-08-14 00:00:00', 94, '', '2024-06-04 02:56:52', 10, '2024-06-05 08:52:14', 3),
(87, 17, 6, 0, 'Kerjasama MRK dengan Guru SMK', 94, 8, '2023-09-06 00:00:00', 86, '', '2024-06-04 02:57:49', 13, '2024-06-05 08:52:31', 3),
(88, 17, 6, 0, 'Perkumpulan pengacara dan prakrisi hukum pajak Indonesia', 86, 2, '2023-09-07 00:00:00', 84, '', '2024-06-04 02:58:42', 23, '2024-06-05 08:52:55', 3),
(89, 17, 6, 0, 'Penandatanganan MoU kerjasama dengan PemKab Manado', 84, 2, '2023-09-29 00:00:00', 82, '', '2024-06-04 03:00:23', 24, '2024-06-05 08:53:19', 3),
(90, 17, 6, 0, 'Hibah Program SMK PK Tahun 2023', 82, 2, '2023-10-04 00:00:00', 80, '', '2024-06-04 03:01:47', 16, '2024-06-05 08:53:39', 3),
(91, 17, 6, 0, 'Diskusi Kunjungan Evergren College', 80, 1, '2023-10-05 00:00:00', 79, '', '2024-06-04 03:06:06', 14, '2024-06-05 08:54:09', 3),
(92, 17, 6, 0, '2 Wadhwani Foundation (Meetul dan Rajeev) - Kegiatan Seminar Entrepreneur Hub Corner', 79, 2, '2023-10-05 00:00:00', 77, '', '2024-06-04 03:07:29', 10, '2024-06-05 08:54:26', 3),
(93, 17, 6, 0, 'Asessor Akreditasi BLP', 77, 3, '2023-10-09 00:00:00', 74, '', '2024-06-04 03:10:52', 27, '2024-06-05 08:54:46', 3),
(94, 17, 6, 0, 'Dosen Tamu: Prodi Arsitektur', 74, 1, '2023-10-10 00:00:00', 73, '', '2024-06-04 03:17:09', 6, '2024-06-05 08:55:04', 3),
(95, 17, 6, 0, 'Kunjungan SMKN 1 Cisarua', 73, 1, '2023-10-11 00:00:00', 72, '', '2024-06-04 03:37:27', 16, '2024-06-05 08:55:45', 3),
(96, 17, 6, 0, 'Cooking Demo with Chef Richard Gillet, kegiatan Pekan Gastronomi Prancis', 72, 1, '2023-10-11 00:00:00', 71, '', '2024-06-04 03:38:08', 9, '2024-06-05 08:56:49', 3),
(97, 17, 6, 0, 'Kegiatan Pengabdian Masyarakat - Program SMK PK Kunjungan SMKN 2 Lubuk Linggau, Sumatera Selatan', 71, 1, '2023-10-17 00:00:00', 70, '', '2024-06-04 03:38:52', 16, '2024-06-05 08:57:08', 3),
(98, 17, 6, 0, 'Kegiatan Live Cooking Demo From JRE Restaurant Netherlands oleh HRC International', 70, 4, '2023-10-23 00:00:00', 66, '', '2024-06-04 03:40:05', 9, '2024-06-05 08:57:46', 3),
(99, 17, 6, 0, 'Fieldtrip: ICAD ke hotel Grand Kemang', 66, 1, '2023-10-23 00:00:00', 65, '', '2024-06-04 03:40:38', 6, '2024-06-05 08:58:30', 3),
(100, 17, 6, 0, 'Kunjungan ke PT Danone', 65, 1, '2023-10-24 00:00:00', 64, '', '2024-06-04 03:41:05', 14, '2024-06-05 08:58:54', 3),
(101, 17, 6, 0, 'Kunjungan ke Kotak Hukum, ke Cabang BPJS Ketenagakerjaan Tangerang Batuceper, Digital Business Development Lead UOB', 64, 3, '2023-10-25 00:00:00', 61, '', '2024-06-04 03:43:47', 12, '2024-06-05 08:59:15', 3),
(102, 17, 6, 0, 'Studi Banding Universitas Teuku Umar - Meulaboh, Aceh Barat ke Podomoro University', 61, 1, '2023-10-25 00:00:00', 60, '', '2024-06-04 03:45:31', 10, '2024-06-05 08:59:33', 3),
(103, 17, 6, 0, 'Dosen tamu dari Regent Hongkong', 60, 2, '2023-10-25 00:00:00', 58, '', '2024-06-04 03:46:04', 9, '2024-06-05 08:59:53', 3),
(104, 17, 6, 0, 'Kunjungan Tim Rennes School Of Business', 58, 1, '2023-10-31 00:00:00', 57, '', '2024-06-04 03:46:35', 14, '2024-06-05 09:00:23', 3),
(105, 17, 6, 0, 'Kunjungan ke SMKN 1 Tangerang Selatan, SMKN 7 Tangerang Selatan, SMKS Wisata Indonesia', 57, 3, '2023-11-01 00:00:00', 54, '', '2024-06-04 03:47:08', 16, '2024-06-05 09:00:46', 3),
(106, 17, 6, 0, 'Kunjungan dengan pihak Pemda Gorontalo dan Warek 1 serta Warek 2', 54, 1, '2023-11-08 00:00:00', 53, '', '2024-06-04 03:47:36', 14, '2024-06-05 09:01:08', 3),
(107, 17, 6, 0, 'Kegiatan Inspire For Good', 53, 1, '2023-11-10 00:00:00', 52, '', '2024-06-04 03:48:07', 22, '2024-06-05 09:01:24', 3),
(108, 17, 6, 0, 'Monitoring Internship', 52, 2, '2023-11-10 00:00:00', 50, '', '2024-06-04 03:48:22', 25, '2024-06-05 09:01:41', 3),
(109, 17, 6, 0, 'Kegiatan Matching Fund Kedaireka Uji Coba Paket Wisata Desa Penadaran', 50, 1, '2023-12-07 00:00:00', 49, '', '2024-06-04 03:51:39', 11, '2024-06-05 09:01:58', 3),
(110, 17, 6, 0, 'Monitoring Magang di Elza Syarief Law Office', 49, 1, '2023-12-08 00:00:00', 48, '', '2024-06-04 03:52:01', 25, '2024-06-05 09:02:29', 3),
(111, 17, 6, 0, 'Diskusi Peninjauan Visi Misi Fakultas Perencanaan Desain dan Berkelanjutan', 48, 3, '2023-12-11 00:00:00', 45, '', '2024-06-04 03:53:02', 16, '2024-06-05 09:02:45', 3),
(112, 17, 6, 0, 'Kegiatan Monitoring Magang Internasional - Thailand Mahasiswa Prodi Bisnis Perhotelan Angkatan 2022', 45, 1, '2023-12-11 00:00:00', 44, '', '2024-06-04 03:53:29', 9, '2024-06-05 09:03:04', 3),
(113, 17, 6, 0, 'Kunjungan Institut Agama Kristen Negeri (IAKN) Tarutung ke Podomoro University', 44, 1, '2023-12-15 00:00:00', 43, '', '2024-06-04 03:53:53', 12, '2024-06-05 09:03:59', 3),
(114, 17, 6, 0, 'Kegiatan Podomoro Design Festival 2024', 43, 4, '2024-01-05 00:00:00', 39, '', '2024-06-04 03:56:00', 26, '2024-06-05 09:04:15', 3),
(115, 17, 6, 0, 'Kegiatan studi banding ke Penjamin Mutu (SPMI)- PPM School Management', 39, 1, '2024-01-17 00:00:00', 38, '', '2024-06-04 03:56:16', 8, '2024-06-05 09:04:30', 3),
(116, 17, 6, 0, 'Kuliah Umum, Etika dalam Akuntansi Keuangan dan Akuntansi Manajemen (Bimbingan Frayogo - Direktur PT. Sarana Mandiri Utama dan PT. Sarana Mandiri Resourrch)', 38, 1, '2024-01-29 00:00:00', 37, '', '2024-06-04 03:57:42', 25, '2024-06-05 09:04:52', 3),
(117, 17, 6, 0, 'Kuliah Umum \"Knife Groove:: Slicing Beats and Culinary Feats!\" HBP X Katto  Mastrada Group', 37, 2, '2024-01-30 00:00:00', 35, '', '2024-06-04 03:58:02', 9, '2024-06-05 09:05:06', 3),
(118, 17, 6, 0, 'a. Seminar perhitungan PPh 21 b. Perhitungan PPh UMKM tamu dari Perkoppi', 35, 2, '2024-05-03 00:00:00', 33, '', '2024-06-04 03:58:18', 25, '2024-06-05 09:05:23', 3),
(119, 17, 6, 0, 'Kunjungan Studi Banding dari Univ Hasanuddin ke Prodi Entre', 33, 1, '2024-05-30 00:00:00', 32, '', '2024-06-04 04:00:32', 12, '2024-06-05 09:07:20', 3),
(120, 18, 6, 1, 'Data Cut off ', 0, 151, '2023-02-07 00:00:00', 151, '', '2024-06-04 05:13:31', 4, '2024-06-04 12:13:31', 4),
(121, 18, 6, 0, 'Kunjungan UCSI University Malaysia ke UAP', 151, 1, '2023-02-07 00:00:00', 150, '', '2024-06-04 04:16:34', 28, '2024-06-05 09:09:02', 3),
(122, 18, 6, 0, 'MOU Signing Ceremony: Kadin', 150, 1, '2023-03-06 00:00:00', 149, '', '2024-06-04 04:16:46', 28, '2024-06-05 09:09:29', 3),
(123, 18, 6, 0, 'Entrepreneur Hub', 149, 5, '2023-05-12 00:00:00', 144, '', '2024-06-04 04:21:11', 12, '2024-06-05 09:09:48', 3),
(124, 18, 6, 0, 'Fieldtrip ke Technicoflor', 144, 8, '2023-06-23 00:00:00', 136, '', '2024-06-04 04:21:32', 31, '2024-06-05 09:10:08', 3),
(125, 18, 6, 0, 'Trip ke Manado (Wali Kota Manado)', 136, 1, '2023-07-21 00:00:00', 135, '', '2024-06-04 05:22:22', 4, '2024-06-04 12:22:22', 4),
(126, 18, 6, 0, 'Dubes Perancis dan BNN', 135, 2, '2023-07-21 00:00:00', 133, '', '2024-06-04 04:30:30', 22, '2024-06-05 09:10:35', 3),
(127, 18, 6, 0, 'Talkshow with Andy F Noya', 133, 1, '2023-08-15 00:00:00', 132, '', '2024-06-04 04:30:52', 22, '2024-06-05 09:10:51', 3),
(128, 18, 6, 0, 'Penandatanganan MoU kerjasama dengan PemKab Manado', 132, 3, '2023-09-29 00:00:00', 129, '', '2024-06-04 04:31:22', 24, '2024-06-05 09:11:19', 3),
(129, 18, 6, 0, 'Hibah Program SMK PK Tahun 2023', 129, 2, '2023-10-04 00:00:00', 127, '', '2024-06-04 04:31:41', 16, '2024-06-05 09:11:54', 3),
(130, 18, 6, 0, 'Asdep Kemekop UKM (Siti Azizah) - Kegiatan Seminar Entrepreneur Hub Corner', 127, 1, '2023-10-05 00:00:00', 126, '', '2024-06-04 04:32:06', 10, '2024-06-05 09:12:10', 3),
(131, 18, 6, 0, 'Studi banding Universitas Udayana - Bali ke Podomoro University', 126, 1, '2023-10-05 00:00:00', 125, '', '2024-06-04 04:33:18', 10, '2024-06-05 09:13:12', 3),
(132, 18, 6, 0, 'Kunjungan Dinas Pendidikan Jawa Barat', 125, 1, '2023-10-11 00:00:00', 124, '', '2024-06-04 04:33:35', 16, '2024-06-05 09:12:48', 3),
(133, 18, 6, 0, 'Kunjungan dari Kedutaan Besar Prancis \"Mr. Febian Penone\"', 124, 1, '2023-10-17 00:00:00', 123, '', '2024-06-04 04:40:14', 9, '2024-06-05 09:13:37', 3),
(134, 18, 6, 0, 'IPSA', 123, 14, '2023-10-27 00:00:00', 109, '', '2024-06-04 04:40:32', 14, '2024-06-05 09:14:27', 3),
(135, 18, 6, 0, 'Kunjungan ke Dinas Sumatera Selatan dan Dinas Banten', 109, 2, '2023-11-01 00:00:00', 107, '', '2024-06-04 04:40:57', 16, '2024-06-05 09:15:11', 3),
(136, 18, 6, 0, 'Audiensi Rektorat dengan Kepala LLDikti Wilayah III', 107, 1, '2023-11-09 00:00:00', 106, '', '2024-06-04 04:41:32', 29, '2024-06-05 09:15:31', 3),
(137, 18, 6, 0, 'Seminar Success Story bersama Mustofa Romdloni (Founder PT ABC Plastindo)', 106, 1, '2023-11-24 00:00:00', 105, '', '2024-06-04 04:41:57', 12, '2024-06-05 09:15:55', 3),
(138, 18, 6, 0, 'Kunjungan ke Kemendikbudristek untuk keperluan Simkatmawa', 105, 2, '2023-12-15 00:00:00', 103, '', '2024-06-04 04:42:24', 30, '2024-06-05 09:16:28', 3),
(139, 18, 6, 0, 'Kunjungan Universitas Pradita', 103, 1, '2024-01-26 00:00:00', 102, '', '2024-06-04 04:42:48', 14, '2024-06-05 09:16:46', 3),
(140, 18, 6, 0, 'Kunjungan ke DPR', 102, 1, '2024-03-19 00:00:00', 101, '', '2024-06-04 04:43:02', 25, '2024-06-05 09:17:00', 3),
(141, 18, 6, 0, 'Seminar Managers Talk dengan Bank DBS', 101, 1, '2024-04-26 00:00:00', 100, '', '2024-06-04 04:43:45', 25, '2024-06-05 09:17:15', 3),
(142, 18, 6, 0, 'Kunjungan dari Woosong University', 100, 1, '2024-04-29 00:00:00', 99, '', '2024-06-04 04:44:01', 14, '2024-06-05 09:17:31', 3),
(143, 18, 6, 0, 'Kunjungan ke Kementerian Hukum & HAM', 99, 1, '2024-05-02 00:00:00', 98, '', '2024-06-04 04:44:13', 25, '2024-06-05 09:17:43', 3),
(144, 18, 6, 0, 'Kunjungan ke Untar', 98, 1, '2024-05-20 00:00:00', 97, '', '2024-06-04 04:48:38', 14, '2024-06-05 09:18:07', 3),
(145, 18, 6, 0, 'Benchmarking UPN', 97, 1, '2023-05-27 00:00:00', 96, '', '2024-06-04 04:49:02', 25, '2024-06-05 09:18:34', 3),
(146, 19, 6, 1, 'Barang Datang', 0, 24, '2023-02-13 00:00:00', 24, '', '2024-06-04 06:05:35', 4, '2024-06-04 13:05:35', 4),
(147, 19, 6, 0, 'marketing', 24, 24, '2023-02-13 00:00:00', 0, '', '2024-06-04 05:06:31', 32, '2024-06-05 08:37:43', 3),
(148, 19, 6, 1, 'Barang Datang', 0, 50, '2023-05-10 00:00:00', 50, '', '2024-06-04 06:08:21', 4, '2024-06-04 13:08:21', 4),
(149, 19, 6, 0, 'marketing', 50, 6, '2023-05-10 00:00:00', 44, '', '2024-06-04 05:09:33', 33, '2024-06-05 08:38:05', 3),
(150, 19, 6, 0, 'marketing', 44, 10, '2023-06-07 00:00:00', 34, '', '2024-06-04 06:10:22', 4, '2024-06-04 13:10:22', 4),
(151, 19, 6, 0, 'marketing', 34, 34, '2023-07-03 00:00:00', 0, '', '2024-06-04 06:10:53', 4, '2024-06-04 13:10:53', 4),
(152, 19, 6, 1, 'barang datang', 0, 500, '2023-07-24 00:00:00', 500, '', '2024-06-04 06:11:29', 4, '2024-06-04 13:11:29', 4),
(153, 19, 6, 0, 'marketing', 500, 100, '2023-07-25 00:00:00', 400, '', '2024-06-04 06:11:50', 4, '2024-06-04 13:11:50', 4),
(154, 19, 6, 0, 'marketing', 400, 100, '2023-08-14 00:00:00', 300, '', '2024-06-04 06:12:11', 4, '2024-06-04 13:12:11', 4),
(155, 19, 6, 0, 'marketing', 300, 100, '2023-08-21 00:00:00', 200, '', '2024-06-04 06:12:38', 4, '2024-06-04 13:12:38', 4),
(156, 19, 6, 0, 'marketing', 200, 100, '2023-08-25 00:00:00', 100, '', '2024-06-04 06:12:55', 4, '2024-06-04 13:12:55', 4),
(157, 19, 6, 0, 'marketing', 100, 100, '2023-09-16 00:00:00', 0, '', '2024-06-04 06:13:20', 4, '2024-06-04 13:13:20', 4),
(158, 19, 6, 1, 'marketing', 0, 500, '2023-10-24 00:00:00', 500, '', '2024-06-04 06:13:43', 4, '2024-06-04 13:13:43', 4),
(159, 19, 6, 0, 'marketing', 500, 500, '2023-10-24 00:00:00', 0, '', '2024-06-04 05:14:38', 17, '2024-06-05 08:39:06', 3),
(160, 19, 6, 1, 'barang datang', 0, 100, '2024-03-15 00:00:00', 100, '', '2024-06-04 06:15:07', 4, '2024-06-04 13:15:07', 4),
(161, 20, 6, 1, 'Barang Datang', 0, 1000, '2023-10-24 00:00:00', 1000, '', '2024-06-04 06:18:17', 4, '2024-06-04 13:18:17', 4),
(162, 20, 6, 0, 'marketing', 1000, 1000, '2023-10-23 00:00:00', 0, '', '2024-06-04 05:19:09', 34, '2024-06-05 08:37:13', 3),
(163, 21, 6, 1, 'Data Cut off ', 0, 3851, '2024-04-03 00:00:00', 3851, '', '2024-06-04 06:23:00', 4, '2024-06-04 13:23:00', 4),
(164, 21, 6, 0, 'Marketing', 3851, 200, '2024-04-19 00:00:00', 3651, '', '2024-06-04 05:34:24', 17, '2024-06-05 08:28:15', 3),
(165, 21, 6, 0, 'Workshop masak di SMAK 4 Penabur', 3651, 17, '2024-04-20 00:00:00', 3634, '', '2024-06-04 05:34:43', 19, '2024-06-05 08:28:37', 3),
(166, 21, 6, 0, 'Kerjasama PU & SMK Santa Maria', 3634, 3, '2024-04-22 00:00:00', 3631, '', '2024-06-04 05:34:58', 20, '2024-06-05 08:29:05', 3),
(167, 21, 6, 0, 'Kunjungan ke sekolah-sekolah', 3631, 10, '2024-04-22 00:00:00', 3621, '', '2024-06-04 05:36:29', 18, '2024-06-05 08:29:29', 3),
(168, 21, 6, 0, 'Festival Rivalitas', 3621, 20, '2024-04-24 00:00:00', 3601, '', '2024-06-04 05:40:48', 30, '2024-06-05 08:29:52', 3),
(169, 21, 6, 0, 'Seminar Managers Talk dengan Bank DBS', 3601, 1, '2024-04-26 00:00:00', 3600, '', '2024-06-04 05:46:13', 25, '2024-06-05 08:30:12', 3),
(170, 21, 6, 0, 'Kunjungan dari Woosong University', 3600, 5, '2024-04-29 00:00:00', 3595, '', '2024-06-04 05:51:03', 14, '2024-06-05 08:30:31', 3),
(171, 21, 6, 0, 'Kunjungan ke Kementerian Hukum & HAM', 3595, 1, '2024-05-02 00:00:00', 3594, '', '2024-06-04 05:51:17', 25, '2024-06-05 08:31:04', 3),
(172, 21, 6, 0, 'a. Seminar perhitungan PPh 21 b. Perhitungan PPh UMKM tamu dari Perkoppi', 3594, 2, '2024-05-03 00:00:00', 3592, '', '2024-06-04 05:51:28', 25, '2024-06-05 08:31:29', 3),
(173, 21, 6, 0, 'Sponsor Rapat Kerja Guru SMAN 20 Jakarta', 3592, 50, '2024-05-16 00:00:00', 3542, '', '2024-06-04 06:02:25', 4, '2024-06-05 08:32:13', 3),
(174, 21, 6, 0, 'Seminar Auditor Perspective', 3542, 1, '2024-05-17 00:00:00', 3541, '', '2024-06-04 06:03:30', 25, '2024-06-05 08:32:36', 3),
(175, 21, 6, 0, 'Kunjungan ke Untar', 3541, 4, '2024-05-20 00:00:00', 3537, '', '2024-06-04 06:05:00', 14, '2024-06-05 08:34:54', 3),
(176, 21, 6, 0, 'Monitoring Magang', 3537, 30, '2024-05-20 00:00:00', 3507, '', '2024-06-04 06:06:18', 9, '2024-06-05 08:35:14', 3),
(177, 21, 6, 0, 'Kolaborasi Industri', 3507, 10, '2024-05-20 00:00:00', 3497, '', '2024-06-04 06:06:29', 9, '2024-06-05 08:35:32', 3),
(178, 21, 6, 0, 'Kegiatan Campus Visit SMK Santa Maria', 3497, 50, '2024-05-21 00:00:00', 3447, '', '2024-06-04 06:07:43', 4, '2024-06-05 08:33:50', 3),
(179, 21, 6, 0, 'Kunjungan ke Sanggar Anak Akar', 3447, 5, '2024-05-27 00:00:00', 3442, '', '2024-06-04 06:08:53', 12, '2024-06-05 08:33:31', 3),
(180, 21, 6, 0, 'Benchmarking UPN', 3442, 1, '2024-05-27 00:00:00', 3441, '', '2024-06-04 06:10:15', 25, '2024-06-05 08:33:06', 3),
(181, 21, 6, 0, 'Kunjungan dari Univ Hasanuddin ke Prodi Entre', 3441, 5, '2024-05-30 00:00:00', 3436, '', '2024-06-04 06:11:34', 12, '2024-06-05 08:34:16', 3),
(182, 22, 2, 1, 'Data Cut off ', 0, 2123, '2024-04-03 00:00:00', 2123, '', '2024-06-04 07:14:58', 7, '2024-06-04 14:14:58', 7),
(183, 22, 2, 0, 'salah input', 2123, 2123, '2024-06-04 00:00:00', 0, '', '2024-06-04 07:17:04', 7, '2024-06-04 14:17:04', 7),
(184, 22, 6, 1, 'Data Cut off ', 0, 2123, '2024-04-03 00:00:00', 2123, '', '2024-06-04 07:17:46', 7, '2024-06-04 14:17:46', 7),
(185, 22, 6, 0, 'Workshop masak di SMAK 4 Penabur', 2123, 17, '2024-04-20 00:00:00', 2106, '', '2024-06-04 06:22:10', 19, '2024-06-05 08:17:30', 3),
(186, 22, 6, 0, 'Kerjasama PU & SMK Santa Maria', 2106, 3, '2024-04-22 00:00:00', 2103, '', '2024-06-04 06:22:34', 20, '2024-06-05 08:17:56', 3),
(187, 22, 6, 0, 'Kunjungan ke sekolah-sekolah', 2103, 10, '2024-04-22 00:00:00', 2093, '', '2024-06-04 06:22:50', 18, '2024-06-05 08:19:54', 3),
(188, 22, 6, 0, 'Festival Rivalitas', 2093, 20, '2024-04-24 00:00:00', 2073, '', '2024-06-04 06:23:03', 30, '2024-06-05 08:20:25', 3),
(189, 22, 6, 0, 'Kunjungan dari Woosong University', 2073, 5, '2024-04-29 00:00:00', 2068, '', '2024-06-04 06:23:14', 14, '2024-06-05 08:20:58', 3),
(190, 22, 6, 0, 'Sponsor Rapat Kerja Guru SMAN 20 Jakarta', 2068, 15, '2024-05-16 00:00:00', 2053, '', '2024-06-04 06:25:34', 4, '2024-06-05 08:21:44', 3),
(191, 22, 6, 0, 'Kunjungan ke Untar', 2053, 4, '2024-05-20 00:00:00', 2049, '', '2024-06-04 06:30:15', 14, '2024-06-05 08:24:19', 3),
(192, 22, 6, 0, 'Monitoring Magang', 2049, 30, '2024-05-20 00:00:00', 2019, '', '2024-06-04 06:31:28', 9, '2024-06-04 16:28:56', 3),
(193, 22, 6, 0, 'Kolaborasi Industri', 2019, 10, '2024-05-20 00:00:00', 2009, '', '2024-06-04 08:50:39', 9, '2024-06-05 08:24:45', 3),
(194, 22, 6, 0, 'Kegiatan Campus Visit SMK Santa Maria', 2009, 25, '2024-05-21 00:00:00', 1984, '', '2024-06-04 08:51:32', 4, '2024-06-05 08:23:15', 3),
(195, 22, 6, 0, 'Kunjungan ke Sanggar Anak Akar', 1984, 5, '2024-05-27 00:00:00', 1979, '', '2024-06-04 08:52:56', 12, '2024-06-05 08:22:51', 3),
(196, 22, 6, 0, 'Kunjungan Studi Banding dari Univ Hasanuddin ke Prodi Entre', 1979, 5, '2024-05-30 00:00:00', 1974, '', '2024-06-04 08:54:20', 12, '2024-06-05 08:23:33', 3),
(197, 23, 6, 1, 'Barang Datang', 0, 200, '2023-10-18 00:00:00', 200, '', '2024-06-04 10:01:20', 4, '2024-06-04 17:01:20', 4),
(198, 23, 6, 0, 'Marketing', 200, 10, '2023-10-23 00:00:00', 190, '', '2024-06-04 10:02:29', 4, '2024-06-04 17:02:29', 4),
(199, 23, 6, 0, 'Kunjungan dengan pihak Pemda Gorontalo dan Warek 1 serta Warek 2', 190, 3, '2023-11-08 00:00:00', 187, '', '2024-06-04 09:05:11', 14, '2024-06-04 16:36:27', 3),
(200, 23, 6, 0, 'Audiensi Rektorat dengan Kepala LLDikti Wilayah III', 187, 4, '2023-11-09 00:00:00', 183, '', '2024-06-04 09:08:53', 29, '2024-06-04 16:37:14', 3),
(201, 23, 6, 0, 'Marketing', 183, 30, '2023-11-14 00:00:00', 153, '', '2024-06-04 10:09:33', 4, '2024-06-04 16:17:11', 1),
(202, 23, 6, 0, 'Pesona Soto Nusantara', 153, 30, '2023-11-20 00:00:00', 123, '', '2024-06-04 09:34:53', 9, '2024-06-04 16:34:53', 3),
(203, 23, 6, 0, 'Tamu undangan Sekolah Program Pendampingan SMK PK pada acara Pesona Soto Nusantara', 123, 20, '2023-11-21 00:00:00', 103, '', '2024-06-04 09:38:33', 16, '2024-06-04 16:38:33', 3),
(204, 23, 6, 0, 'Monitoring Magang Mahasiswa', 103, 1, '2023-11-23 00:00:00', 102, '', '2024-06-04 09:43:44', 25, '2024-06-04 16:43:44', 3),
(205, 23, 6, 0, 'Marketing', 102, 20, '2023-12-06 00:00:00', 82, '', '2024-06-04 10:44:32', 3, '2024-06-04 17:44:32', 3),
(206, 23, 6, 0, 'Diskusi Peninjauan Visi Misi Fakultas Perencanaan Desain dan Berkelanjutan', 82, 4, '2023-12-11 00:00:00', 78, '', '2024-06-04 09:44:59', 16, '2024-06-04 16:44:59', 3),
(207, 23, 6, 0, 'Kegiatan Pengembangan Kurikulum dan Kerjasama - Diskusi Peninjauan Visi Misi Fakultas Kewirausahaan dan Bisnis', 78, 4, '2023-12-13 00:00:00', 74, '', '2024-06-04 09:45:57', 10, '2024-06-04 16:45:57', 3),
(208, 23, 6, 0, 'Kunjungan ke Kemendikbudristek untuk keperluan Simkatmawa', 74, 2, '2023-12-15 00:00:00', 72, '', '2024-06-04 09:49:12', 30, '2024-06-04 16:49:12', 3),
(209, 23, 6, 0, 'PemberianPromotion Tools UAP untuk acara di Kuningan City', 72, 5, '2023-12-22 00:00:00', 67, '', '2024-06-04 09:49:31', 24, '2024-06-04 16:49:31', 3),
(210, 23, 6, 0, 'Kebutuhan pameran pendidikan tinggi LLDIKTI III', 67, 38, '2024-01-09 00:00:00', 29, '', '2024-06-04 10:50:15', 3, '2024-06-04 17:50:15', 3),
(211, 23, 6, 0, 'Cendra mata foto copy Ci Naga', 29, 1, '2024-01-15 00:00:00', 28, '', '2024-06-04 09:54:25', 35, '2024-06-04 16:54:25', 4),
(212, 23, 6, 0, 'SouvenirUntuk Training Facilities PU-X', 28, 5, '2024-01-18 00:00:00', 23, '', '2024-06-04 09:54:51', 15, '2024-06-04 16:54:51', 4),
(213, 23, 6, 0, 'Kunjungan Universitas Pradita', 23, 3, '2024-01-26 00:00:00', 20, '', '2024-06-04 09:55:30', 14, '2024-06-04 16:55:30', 4),
(214, 23, 6, 0, 'Untuk keperluan akreditasi desain produk, diberikan pada 2 asesor dan 1 staf BAN-PT', 20, 3, '2024-03-01 00:00:00', 17, '', '2024-06-04 09:56:03', 16, '2024-06-04 16:56:03', 4),
(215, 23, 6, 0, 'Souvenir untuk narasumber Kegiatan Workshop Divisi Creative Communication', 17, 1, '2024-03-01 00:00:00', 16, '', '2024-06-04 09:56:30', 30, '2024-06-04 16:56:30', 4),
(216, 23, 6, 0, 'marketing', 16, 5, '2024-03-27 00:00:00', 11, '', '2024-06-04 09:56:52', 17, '2024-06-04 16:56:52', 4),
(217, 23, 6, 0, 'marketing', 11, 5, '2024-04-03 00:00:00', 6, '', '2024-06-04 09:57:03', 17, '2024-06-04 16:57:03', 4),
(218, 23, 6, 0, 'Akreditasi PWK', 6, 3, '2024-05-27 00:00:00', 3, '', '2024-06-04 09:57:20', 16, '2024-06-04 16:57:20', 4),
(219, 22, 6, 0, 'Akreditasi PWK', 1974, 3, '2024-05-27 00:00:00', 1971, '', '2024-06-05 02:26:34', 3, '2024-06-05 09:26:34', 3),
(220, 21, 6, 0, 'Akreditasi PWK', 3436, 3, '2024-05-27 00:00:00', 3433, '', '2024-06-05 02:36:13', 3, '2024-06-05 09:36:13', 3),
(221, 47, 6, 1, 'Barang Datang', 0, 10, '2024-06-02 00:00:00', 10, '', '2024-06-05 08:22:46', 3, '2024-06-05 15:22:46', 3),
(222, 47, 6, 0, 'data test', 10, 10, '2024-06-05 00:00:00', 0, '', '2024-06-05 08:23:48', 3, '2024-06-05 15:23:48', 3),
(223, 22, 6, 0, 'Workshop SMA Tarakanita 2', 1971, 20, '2024-06-05 00:00:00', 1951, '', '2024-06-05 09:42:05', 4, '2024-06-05 16:42:05', 7),
(224, 12, 6, 0, 'Workshop SMA Tarakanita 2', 2465, 300, '2024-06-05 00:00:00', 2165, '', '2024-06-05 09:42:17', 4, '2024-06-05 16:42:17', 7),
(225, 21, 6, 0, 'Acara ICP', 3433, 7, '2024-06-05 00:00:00', 3426, '', '2024-06-05 09:42:38', 10, '2024-06-05 16:42:38', 7),
(226, 22, 6, 0, 'Acara ICP', 1951, 7, '2024-06-05 00:00:00', 1944, '', '2024-06-05 09:42:54', 10, '2024-06-05 16:42:54', 7),
(227, 12, 6, 0, 'Acara ICP', 2165, 7, '2024-06-05 00:00:00', 2158, '', '2024-06-05 09:43:05', 10, '2024-06-05 16:43:05', 7),
(228, 18, 6, 0, 'Acara ICP', 96, 1, '2024-06-05 00:00:00', 95, '', '2024-06-05 09:44:14', 10, '2024-06-05 16:44:14', 10),
(229, 48, 2, 1, '', 0, 100, '2024-06-06 00:00:00', 100, '', '2024-06-06 03:37:14', 37, '2024-06-06 10:37:14', 37),
(230, 48, 2, 1, 'test tambah', 100, 500, '2024-06-06 00:00:00', 600, '', '2024-06-06 03:37:42', 37, '2024-06-06 10:37:42', 37),
(231, 48, 2, 0, 'test adjust', 600, 300, '2024-06-06 00:00:00', 300, '', '2024-06-06 03:38:17', 37, '2024-06-06 10:38:17', 37),
(232, 48, 6, 1, '', 0, 10, '2024-06-06 00:00:00', 10, '', '2024-06-06 03:44:40', 36, '2024-06-06 10:44:40', 36),
(233, 48, 6, 0, '', 10, 5, '2024-06-07 00:00:00', 5, '', '2024-06-06 03:38:03', 35, '2024-06-06 10:38:03', 36),
(234, 22, 6, 0, 'Hadiah permainan marshmallow challange', 1944, 5, '2024-06-06 00:00:00', 1939, '', '2024-06-06 03:51:42', 12, '2024-06-06 10:51:42', 7),
(235, 21, 6, 0, 'Hadiah permainan marshmallow challange', 3426, 5, '2024-06-06 00:00:00', 3421, '', '2024-06-06 03:51:51', 12, '2024-06-06 10:51:51', 7),
(236, 21, 6, 0, 'Edufair Dinas Pendidikan di Monas', 3421, 50, '2024-06-06 00:00:00', 3371, '', '2024-06-06 08:16:27', 4, '2024-06-06 15:16:27', 7),
(237, 9, 2, 0, 'digunakan sunny ', 4, 1, '2024-06-10 00:00:00', 3, '', '2024-06-10 03:32:16', 2, '2024-06-10 10:32:16', 2),
(238, 22, 6, 0, 'Workshop SMK Santa Maria dan SMA Santo Bellarminus', 1939, 15, '2024-06-11 00:00:00', 1924, '', '2024-06-11 03:21:14', 4, '2024-06-11 10:21:14', 7),
(239, 21, 6, 0, 'Workshop SMK Santa Maria dan SMA Santo Bellarminus', 3371, 300, '2024-06-11 00:00:00', 3071, '', '2024-06-11 03:21:29', 4, '2024-06-11 10:21:29', 7),
(240, 18, 6, 0, 'Souvenir Cooking Demo untuk bintang tamu Marster Chef Australia', 95, 1, '2024-06-20 00:00:00', 94, '', '2024-06-11 03:45:49', 9, '2024-06-11 10:45:49', 7),
(241, 23, 6, 0, 'Souvenir Cooking Demo untuk bintang tamu Marster Chef Australia', 3, 3, '2024-06-20 00:00:00', 0, '', '2024-06-11 03:46:07', 9, '2024-06-11 10:46:07', 7),
(242, 21, 6, 0, 'Souvenir Cooking Demo untuk bintang tamu Marster Chef Australia', 3071, 6, '2024-06-20 00:00:00', 3065, '', '2024-06-11 03:46:23', 9, '2024-06-11 10:46:23', 7),
(243, 22, 6, 0, 'Diminta BBu Fita', 1924, 5, '2024-06-03 00:00:00', 1919, '', '2024-06-11 03:46:59', 24, '2024-06-11 10:46:59', 7),
(244, 22, 6, 0, 'Souvenir Cooking Demo untuk bintang tamu Marster Chef Australia', 1919, 6, '2024-06-20 00:00:00', 1913, '', '2024-06-11 03:47:59', 9, '2024-06-11 10:47:59', 7),
(247, 18, 6, 0, 'Kunjungan Universitas Teuku Umar', 94, 1, '2024-06-19 00:00:00', 93, '', '2024-06-25 09:00:16', 12, '2024-06-25 16:00:16', 7),
(248, 22, 6, 0, 'Kunjungan Universitas Teuku Umar', 1913, 1, '2024-06-19 00:00:00', 1912, '', '2024-06-25 09:00:35', 12, '2024-06-25 16:00:35', 7),
(249, 21, 6, 0, 'Kunjungan Universitas Teuku Umar', 3065, 1, '2024-06-19 00:00:00', 3064, '', '2024-06-25 09:00:57', 12, '2024-06-25 16:00:57', 7),
(250, 22, 6, 0, 'Kunjungan Universitas Teuku Umar', 1912, 2, '2024-06-24 00:00:00', 1910, '', '2024-06-25 09:01:24', 12, '2024-06-25 16:01:24', 7),
(251, 21, 6, 0, 'Kunjungan Universitas Teuku Umar', 3064, 2, '2024-06-24 00:00:00', 3062, '', '2024-06-25 09:01:41', 12, '2024-06-25 16:01:41', 7),
(252, 12, 6, 0, 'Training Kit All SPV Dekkson dan media promosi', 2158, 92, '2024-06-19 00:00:00', 2066, '', '2024-06-25 09:02:23', 15, '2024-06-25 16:02:23', 7),
(253, 16, 6, 0, 'Training Kit All SPV Dekkson dan media promosi', 1000, 92, '2024-06-19 00:00:00', 908, '', '2024-06-25 09:02:39', 15, '2024-06-25 16:02:39', 7),
(254, 22, 6, 0, 'Training Kit All SPV Dekkson dan media promosi', 1910, 92, '2024-06-19 00:00:00', 1818, '', '2024-06-25 09:02:53', 15, '2024-06-25 16:02:53', 7),
(255, 21, 6, 0, 'Training Kit All SPV Dekkson dan media promosi', 3062, 92, '2024-06-19 00:00:00', 2970, '', '2024-06-25 09:03:07', 15, '2024-06-25 16:03:07', 7),
(256, 12, 6, 0, 'Promotion tool di  Sekolah Cinta Kasih Tzu Chi', 2066, 10, '2024-06-28 00:00:00', 2056, '', '2024-06-25 09:12:18', 10, '2024-06-25 16:12:18', 7),
(257, 22, 6, 0, 'Promotion tool di  Sekolah Cinta Kasih Tzu Chi', 1818, 10, '2024-06-28 00:00:00', 1808, '', '2024-06-25 09:12:47', 10, '2024-06-25 16:12:47', 7),
(258, 21, 6, 0, ' Promotion tools untuk di Sekolah Cinta Kasih Tzu Chi', 2970, 10, '2024-06-28 00:00:00', 2960, '', '2024-06-25 09:13:03', 10, '2024-06-25 16:13:03', 7),
(259, 18, 6, 0, 'Signing Ceremony universitas Griffith - coorporation days', 93, 5, '2024-06-26 00:00:00', 88, '', '2024-06-26 07:57:27', 14, '2024-06-26 14:57:27', 7),
(260, 12, 6, 0, 'Signing Ceremony universitas Griffith - coorporation days', 2056, 10, '2024-06-26 00:00:00', 2046, '', '2024-06-26 07:57:46', 14, '2024-06-26 14:57:46', 7),
(261, 16, 6, 0, 'Signing Ceremony universitas Griffith - coorporation days', 908, 10, '2024-06-26 00:00:00', 898, '', '2024-06-26 07:58:04', 14, '2024-06-26 14:58:04', 7),
(262, 21, 6, 0, 'Open booth di SMK Jakarta Pusat 1', 2960, 50, '2024-06-26 00:00:00', 2910, '', '2024-06-26 07:58:26', 4, '2024-06-26 14:58:26', 7),
(263, 12, 6, 0, 'Open booth di SMK Jakarta Pusat 1', 2046, 100, '2024-06-26 00:00:00', 1946, '', '2024-06-26 07:58:47', 4, '2024-06-26 14:58:47', 7),
(264, 22, 6, 0, 'Signing Ceremony universitas Griffith - coorporation days', 1808, 10, '2024-06-26 00:00:00', 1798, '', '2024-06-26 07:59:05', 14, '2024-06-26 14:59:05', 7),
(265, 21, 6, 0, 'Signing Ceremony universitas Griffith - coorporation days', 2910, 10, '2024-06-26 00:00:00', 2900, '', '2024-06-26 07:59:21', 14, '2024-06-26 14:59:21', 7),
(266, 9, 2, 1, 'Input new item from Excel', 0, 10, '0000-00-00 00:00:00', 10, '', '2024-06-28 09:31:29', 37, '2024-06-28 16:31:29', 37),
(267, 9, 2, 1, 'Input new item from Excel', 0, 10, '0000-00-00 00:00:00', 10, '', '2024-06-28 09:31:29', 37, '2024-06-28 16:31:29', 37),
(268, 9, 2, 1, 'Input new item from Excel', 0, 10, '0000-00-00 00:00:00', 10, '', '2024-06-28 09:31:54', 37, '2024-06-28 16:31:54', 37),
(269, 9, 2, 1, 'Input new item from Excel', 0, 10, '0000-00-00 00:00:00', 10, '', '2024-06-28 09:31:54', 37, '2024-06-28 16:31:54', 37),
(270, 78, 2, 1, 'Input new item from Excel', 0, 10, '0000-00-00 00:00:00', 10, '', '2024-06-28 09:43:21', 37, '2024-06-28 16:43:21', 37),
(271, 79, 2, 1, 'Input new item from Excel', 0, 10, '0000-00-00 00:00:00', 10, '', '2024-06-28 09:43:21', 37, '2024-06-28 16:43:21', 37),
(272, 80, 2, 1, 'Input new item from Excel', 0, 10, '0000-00-00 00:00:00', 10, '', '2024-06-28 09:45:52', 37, '2024-06-28 16:45:52', 37),
(273, 81, 2, 1, 'Input new item from Excel', 0, 10, '0000-00-00 00:00:00', 10, '', '2024-06-28 09:45:52', 37, '2024-06-28 16:45:52', 37),
(274, 80, 2, 1, 'Input new item from Excel', 0, 10, '0000-00-00 00:00:00', 10, '', '2024-06-28 09:47:00', 37, '2024-06-28 16:47:00', 37),
(275, 81, 2, 1, 'Input new item from Excel', 0, 10, '0000-00-00 00:00:00', 10, '', '2024-06-28 09:47:00', 37, '2024-06-28 16:47:00', 37),
(276, 80, 2, 1, 'Input new item from Excel', 0, 5, '0000-00-00 00:00:00', 5, '', '2024-06-28 09:47:59', 37, '2024-06-28 16:47:59', 37),
(277, 81, 2, 1, 'Input new item from Excel', 0, 5, '0000-00-00 00:00:00', 5, '', '2024-06-28 09:47:59', 37, '2024-06-28 16:47:59', 37),
(278, 82, 2, 1, 'Input new item from Excel', 0, 10, '0000-00-00 00:00:00', 10, '', '2024-06-28 10:21:17', 37, '2024-06-28 17:21:17', 37),
(279, 22, 6, 0, 'Kegiatan Seminar di Tarsisius Vireta', 1798, 10, '2024-07-09 00:00:00', 1788, '', '2024-07-09 08:33:10', 4, '2024-07-09 15:33:10', 7),
(280, 12, 6, 0, 'Booth Kuningan City Mall', 1946, 500, '2024-07-01 00:00:00', 1446, '', '2024-07-11 02:47:42', 4, '2024-07-11 09:47:42', 7),
(281, 16, 6, 0, 'Booth Kuningan City Mall', 898, 430, '2024-07-01 00:00:00', 468, '', '2024-07-11 02:48:01', 4, '2024-07-11 09:48:01', 7),
(282, 16, 6, 0, 'Training Kit Ms Excel', 468, 30, '2024-07-09 00:00:00', 438, '', '2024-07-11 02:48:54', 15, '2024-07-11 09:48:54', 7),
(283, 12, 6, 0, 'Training Kit Ms Excel', 1446, 30, '2024-07-09 00:00:00', 1416, '', '2024-07-11 02:49:34', 15, '2024-07-11 09:49:34', 7),
(284, 21, 6, 0, 'Training Kit Ms Excel', 2900, 30, '2024-07-09 00:00:00', 2870, '', '2024-07-11 02:49:50', 15, '2024-07-11 09:49:50', 7),
(285, 22, 6, 0, 'Training Kit Ms Excel', 1788, 30, '2024-07-09 00:00:00', 1758, '', '2024-07-11 02:50:08', 15, '2024-07-11 09:50:08', 7),
(286, 12, 6, 0, 'Untuk kegiatan edufair dan presentasi', 1416, 500, '2024-07-11 00:00:00', 916, '', '2024-07-11 07:54:52', 4, '2024-07-11 14:54:52', 7),
(287, 12, 6, 0, 'Stock brosur admisi', 916, 100, '2024-07-11 00:00:00', 816, '', '2024-07-11 07:55:07', 4, '2024-07-11 14:55:07', 7),
(288, 12, 6, 0, 'Edufair SMA Pelita 3 dan SMA Atisa Dipamkara', 816, 400, '2024-07-15 00:00:00', 416, '', '2024-07-15 10:45:04', 4, '2024-07-15 17:45:04', 7),
(289, 21, 6, 0, 'Edufair dan Presentasi', 2870, 200, '2024-07-16 00:00:00', 2670, '', '2024-07-17 00:43:02', 4, '2024-07-17 07:43:02', 7),
(290, 22, 6, 0, 'Edufair dan Presentasi', 1758, 30, '2024-07-16 00:00:00', 1728, '', '2024-07-17 00:43:19', 4, '2024-07-17 07:43:19', 7),
(291, 21, 6, 0, 'Workshop SMAK Penabur 4', 2670, 8, '2024-05-21 00:00:00', 2662, '', '2024-07-17 03:09:03', 19, '2024-07-17 10:09:03', 7),
(292, 22, 6, 0, 'Workshop SMAK Penabur 4', 1728, 8, '2024-05-20 00:00:00', 1720, '', '2024-07-17 03:09:35', 19, '2024-07-17 10:09:35', 7),
(293, 12, 6, 0, 'Workshop SMAK Penabur 4', 416, 8, '2024-05-20 00:00:00', 408, '', '2024-07-17 03:09:54', 19, '2024-07-17 10:09:54', 7),
(294, 21, 6, 0, 'Kunjungan Universitas Tarumanagara', 2662, 4, '2024-05-20 00:00:00', 2658, '', '2024-07-17 03:10:19', 14, '2024-07-17 10:10:19', 7),
(295, 22, 6, 0, 'Kunjungan Universitas Tarumanagara', 1720, 4, '2024-05-20 00:00:00', 1716, '', '2024-07-17 03:10:57', 14, '2024-07-17 10:10:57', 7),
(296, 18, 6, 0, 'Kunjungan Universitas Tarumanagara', 88, 1, '2024-05-20 00:00:00', 87, '', '2024-07-17 03:11:17', 7, '2024-07-17 10:11:17', 7),
(297, 12, 6, 0, 'Kunjungan Universitas Tarumanagara', 408, 4, '2024-05-20 00:00:00', 404, '', '2024-07-17 03:11:33', 14, '2024-07-17 10:11:33', 7),
(298, 22, 6, 0, 'Edufair dan Presentasi', 1716, 60, '2024-07-15 00:00:00', 1656, '', '2024-07-19 03:55:37', 4, '2024-07-19 10:55:37', 7),
(299, 22, 6, 0, 'untuk wartawan kegiatan Dies Natalies 2024', 1656, 20, '2024-07-19 00:00:00', 1636, '', '2024-07-19 04:30:47', 25, '2024-07-19 11:30:47', 7),
(300, 21, 6, 0, 'untuk wartawan kegiatan Dies Natalies 2024', 2658, 20, '2024-07-19 00:00:00', 2638, '', '2024-07-19 04:31:01', 25, '2024-07-19 11:31:01', 7),
(301, 12, 6, 0, 'keperluan booth kuningan City', 404, 150, '2024-07-19 00:00:00', 254, '', '2024-07-23 08:01:20', 4, '2024-07-23 15:01:20', 7),
(302, 82, 2, 0, 'event', 10, 1, '2024-07-25 00:00:00', 9, '', '2024-07-24 01:28:29', 39, '2024-07-24 08:28:29', 37),
(303, 120, 2, 1, 'Input new item from Excel', 0, 1, '2014-01-01 00:00:00', 1, '', '2024-07-25 08:38:34', 2, '2024-07-25 15:38:34', 2),
(304, 121, 2, 1, 'Input new item from Excel', 0, 1, '2014-01-02 00:00:00', 1, '', '2024-07-25 08:38:34', 2, '2024-07-25 15:38:34', 2),
(305, 122, 2, 1, 'Input new item from Excel', 0, 1, '2014-01-03 00:00:00', 1, '', '2024-07-25 08:38:34', 2, '2024-07-25 15:38:34', 2),
(306, 123, 2, 1, 'Input new item from Excel', 0, 1, '2014-01-04 00:00:00', 1, '', '2024-07-25 08:38:34', 2, '2024-07-25 15:38:34', 2),
(307, 124, 2, 1, 'Input new item from Excel', 0, 1, '2014-01-06 00:00:00', 1, '', '2024-07-25 08:38:34', 2, '2024-07-25 15:38:34', 2),
(308, 125, 2, 1, 'Input new item from Excel', 0, 1, '2014-01-07 00:00:00', 1, '', '2024-07-25 08:38:34', 2, '2024-07-25 15:38:34', 2),
(309, 13, 2, 1, 'Update new item from Excel', 0, 1, '2014-01-08 00:00:00', 1, '', '2024-07-25 08:38:34', 2, '2024-07-25 15:38:34', 2),
(310, 14, 2, 1, 'Update new item from Excel', 0, 1, '2014-01-09 00:00:00', 1, '', '2024-07-25 08:38:34', 2, '2024-07-25 15:38:34', 2),
(311, 15, 2, 1, 'Update new item from Excel', 0, 1, '2014-01-10 00:00:00', 1, '', '2024-07-25 08:38:34', 2, '2024-07-25 15:38:34', 2),
(312, 24, 2, 1, 'Update new item from Excel', 0, 1, '2014-01-11 00:00:00', 1, '', '2024-07-25 08:38:34', 2, '2024-07-25 15:38:34', 2),
(313, 25, 2, 1, 'Update new item from Excel', 0, 1, '2014-01-12 00:00:00', 1, '', '2024-07-25 08:38:34', 2, '2024-07-25 15:38:34', 2),
(314, 126, 2, 1, 'Input new item from Excel', 0, 1, '2014-01-13 00:00:00', 1, '', '2024-07-25 08:38:34', 2, '2024-07-25 15:38:34', 2),
(315, 26, 2, 1, 'Update new item from Excel', 0, 1, '2014-01-14 00:00:00', 1, '', '2024-07-25 08:38:34', 2, '2024-07-25 15:38:34', 2),
(316, 127, 2, 1, 'Input new item from Excel', 0, 1, '2015-01-15 00:00:00', 1, '', '2024-07-25 08:38:34', 2, '2024-07-25 15:38:34', 2),
(317, 27, 2, 1, 'Update new item from Excel', 0, 1, '2015-01-16 00:00:00', 1, '', '2024-07-25 08:38:34', 2, '2024-07-25 15:38:34', 2),
(318, 128, 2, 1, 'Input new item from Excel', 0, 1, '2015-01-17 00:00:00', 1, '', '2024-07-25 08:38:34', 2, '2024-07-25 15:38:34', 2),
(319, 28, 2, 1, 'Update new item from Excel', 0, 1, '2015-01-18 00:00:00', 1, '', '2024-07-25 08:38:34', 2, '2024-07-25 15:38:34', 2),
(320, 29, 2, 1, 'Update new item from Excel', 0, 1, '2015-01-19 00:00:00', 1, '', '2024-07-25 08:38:34', 2, '2024-07-25 15:38:34', 2),
(321, 30, 2, 1, 'Update new item from Excel', 0, 1, '2015-01-20 00:00:00', 1, '', '2024-07-25 08:38:34', 2, '2024-07-25 15:38:34', 2),
(322, 31, 2, 1, 'Update new item from Excel', 0, 1, '2015-01-21 00:00:00', 1, '', '2024-07-25 08:38:34', 2, '2024-07-25 15:38:34', 2),
(323, 129, 2, 1, 'Input new item from Excel', 0, 1, '2015-01-22 00:00:00', 1, '', '2024-07-25 08:38:34', 2, '2024-07-25 15:38:34', 2),
(324, 32, 2, 1, 'Update new item from Excel', 0, 1, '2016-01-23 00:00:00', 1, '', '2024-07-25 08:38:34', 2, '2024-07-25 15:38:34', 2),
(325, 33, 2, 1, 'Update new item from Excel', 0, 1, '2016-01-24 00:00:00', 1, '', '2024-07-25 08:38:34', 2, '2024-07-25 15:38:34', 2),
(326, 34, 2, 1, 'Update new item from Excel', 0, 1, '2016-01-25 00:00:00', 1, '', '2024-07-25 08:38:34', 2, '2024-07-25 15:38:34', 2),
(327, 130, 2, 1, 'Input new item from Excel', 0, 1, '2017-01-26 00:00:00', 1, '', '2024-07-25 08:38:34', 2, '2024-07-25 15:38:34', 2),
(328, 131, 2, 1, 'Input new item from Excel', 0, 1, '2017-01-27 00:00:00', 1, '', '2024-07-25 08:38:34', 2, '2024-07-25 15:38:34', 2),
(329, 35, 2, 1, 'Update new item from Excel', 0, 1, '2017-01-28 00:00:00', 1, '', '2024-07-25 08:38:34', 2, '2024-07-25 15:38:34', 2),
(330, 132, 2, 1, 'Input new item from Excel', 0, 1, '2017-01-29 00:00:00', 1, '', '2024-07-25 08:38:34', 2, '2024-07-25 15:38:34', 2),
(331, 36, 2, 1, 'Update new item from Excel', 0, 1, '2019-01-30 00:00:00', 1, '', '2024-07-25 08:38:34', 2, '2024-07-25 15:38:34', 2),
(332, 37, 2, 1, 'Update new item from Excel', 0, 1, '2019-01-31 00:00:00', 1, '', '2024-07-25 08:38:34', 2, '2024-07-25 15:38:34', 2),
(333, 38, 2, 1, 'Update new item from Excel', 0, 1, '2019-02-01 00:00:00', 1, '', '2024-07-25 08:38:34', 2, '2024-07-25 15:38:34', 2),
(334, 39, 2, 1, 'Update new item from Excel', 0, 1, '2018-02-02 00:00:00', 1, '', '2024-07-25 08:38:34', 2, '2024-07-25 15:38:34', 2),
(335, 40, 2, 1, 'Update new item from Excel', 0, 1, '2018-02-03 00:00:00', 1, '', '2024-07-25 08:38:34', 2, '2024-07-25 15:38:34', 2),
(336, 133, 2, 1, 'Input new item from Excel', 0, 1, '2018-02-04 00:00:00', 1, '', '2024-07-25 08:38:34', 2, '2024-07-25 15:38:34', 2),
(337, 41, 2, 1, 'Update new item from Excel', 0, 1, '2018-02-05 00:00:00', 1, '', '2024-07-25 08:38:34', 2, '2024-07-25 15:38:34', 2),
(338, 134, 2, 1, 'Input new item from Excel', 0, 1, '2011-01-01 00:00:00', 1, '', '2024-07-25 08:38:40', 2, '2024-07-25 15:38:40', 2),
(339, 135, 2, 1, 'Input new item from Excel', 0, 1, '2011-01-01 00:00:00', 1, '', '2024-07-25 08:38:40', 2, '2024-07-25 15:38:40', 2),
(340, 136, 2, 1, 'Input new item from Excel', 0, 1, '2011-01-01 00:00:00', 1, '', '2024-07-25 08:38:40', 2, '2024-07-25 15:38:40', 2),
(341, 137, 2, 1, 'Input new item from Excel', 0, 1, '2013-01-01 00:00:00', 1, '', '2024-07-25 08:38:40', 2, '2024-07-25 15:38:40', 2),
(342, 138, 2, 1, 'Input new item from Excel', 0, 1, '2014-01-05 00:00:00', 1, '', '2024-07-25 08:38:40', 2, '2024-07-25 15:38:40', 2),
(343, 139, 2, 1, 'Input new item from Excel', 0, 1, '2014-01-06 00:00:00', 1, '', '2024-07-25 08:38:40', 2, '2024-07-25 15:38:40', 2),
(344, 140, 2, 1, 'Input new item from Excel', 0, 1, '2014-01-07 00:00:00', 1, '', '2024-07-25 08:38:40', 2, '2024-07-25 15:38:40', 2),
(345, 141, 2, 1, 'Input new item from Excel', 0, 1, '2014-01-08 00:00:00', 1, '', '2024-07-25 08:38:40', 2, '2024-07-25 15:38:40', 2),
(346, 142, 2, 1, 'Input new item from Excel', 0, 1, '2014-01-09 00:00:00', 1, '', '2024-07-25 08:38:40', 2, '2024-07-25 15:38:40', 2),
(347, 143, 2, 1, 'Input new item from Excel', 0, 1, '2014-01-10 00:00:00', 1, '', '2024-07-25 08:38:40', 2, '2024-07-25 15:38:40', 2),
(348, 144, 2, 1, 'Input new item from Excel', 0, 1, '2014-01-11 00:00:00', 1, '', '2024-07-25 08:38:40', 2, '2024-07-25 15:38:40', 2),
(349, 145, 2, 1, 'Input new item from Excel', 0, 1, '2014-01-12 00:00:00', 1, '', '2024-07-25 08:38:40', 2, '2024-07-25 15:38:40', 2),
(350, 146, 2, 1, 'Input new item from Excel', 0, 1, '2014-01-13 00:00:00', 1, '', '2024-07-25 08:38:40', 2, '2024-07-25 15:38:40', 2),
(351, 147, 2, 1, 'Input new item from Excel', 0, 1, '2014-01-14 00:00:00', 1, '', '2024-07-25 08:38:40', 2, '2024-07-25 15:38:40', 2),
(352, 148, 2, 1, 'Input new item from Excel', 0, 1, '2014-01-15 00:00:00', 1, '', '2024-07-25 08:38:40', 2, '2024-07-25 15:38:40', 2),
(353, 149, 2, 1, 'Input new item from Excel', 0, 1, '2014-01-16 00:00:00', 1, '', '2024-07-25 08:38:40', 2, '2024-07-25 15:38:40', 2),
(354, 150, 2, 1, 'Input new item from Excel', 0, 1, '2014-01-17 00:00:00', 1, '', '2024-07-25 08:38:40', 2, '2024-07-25 15:38:40', 2),
(355, 151, 2, 1, 'Input new item from Excel', 0, 1, '2014-01-18 00:00:00', 1, '', '2024-07-25 08:38:40', 2, '2024-07-25 15:38:40', 2),
(356, 152, 2, 1, 'Input new item from Excel', 0, 1, '2014-01-19 00:00:00', 1, '', '2024-07-25 08:38:40', 2, '2024-07-25 15:38:40', 2),
(357, 153, 2, 1, 'Input new item from Excel', 0, 1, '2014-01-20 00:00:00', 1, '', '2024-07-25 08:38:40', 2, '2024-07-25 15:38:40', 2),
(358, 154, 2, 1, 'Input new item from Excel', 0, 1, '2014-01-21 00:00:00', 1, '', '2024-07-25 08:38:40', 2, '2024-07-25 15:38:40', 2);
INSERT INTO `m_log` (`id`, `id_item`, `id_warehouse`, `description`, `reason`, `qty1`, `balance`, `back_date`, `qty2`, `file`, `created_at`, `created_by`, `updated_at`, `updated_by`) VALUES
(359, 155, 2, 1, 'Input new item from Excel', 0, 1, '2014-01-22 00:00:00', 1, '', '2024-07-25 08:38:40', 2, '2024-07-25 15:38:40', 2),
(360, 156, 2, 1, 'Input new item from Excel', 0, 1, '2014-01-23 00:00:00', 1, '', '2024-07-25 08:38:40', 2, '2024-07-25 15:38:40', 2),
(361, 157, 2, 1, 'Input new item from Excel', 0, 1, '2014-01-24 00:00:00', 1, '', '2024-07-25 08:38:40', 2, '2024-07-25 15:38:40', 2),
(362, 158, 2, 1, 'Input new item from Excel', 0, 1, '2014-01-25 00:00:00', 1, '', '2024-07-25 08:38:40', 2, '2024-07-25 15:38:40', 2),
(363, 159, 2, 1, 'Input new item from Excel', 0, 1, '2014-01-26 00:00:00', 1, '', '2024-07-25 08:38:40', 2, '2024-07-25 15:38:40', 2),
(364, 160, 2, 1, 'Input new item from Excel', 0, 1, '2014-01-27 00:00:00', 1, '', '2024-07-25 08:38:40', 2, '2024-07-25 15:38:40', 2),
(365, 161, 2, 1, 'Input new item from Excel', 0, 1, '2014-01-28 00:00:00', 1, '', '2024-07-25 08:38:40', 2, '2024-07-25 15:38:40', 2),
(366, 162, 2, 1, 'Input new item from Excel', 0, 1, '2014-01-29 00:00:00', 1, '', '2024-07-25 08:38:40', 2, '2024-07-25 15:38:40', 2),
(367, 163, 2, 1, 'Input new item from Excel', 0, 1, '2013-07-15 00:00:00', 1, '', '2024-07-25 08:38:45', 2, '2024-07-25 15:38:45', 2),
(368, 164, 2, 1, 'Input new item from Excel', 0, 1, '2014-07-15 00:00:00', 1, '', '2024-07-25 08:38:45', 2, '2024-07-25 15:38:45', 2),
(369, 165, 2, 1, 'Input new item from Excel', 0, 1, '2014-07-15 00:00:00', 1, '', '2024-07-25 08:38:45', 2, '2024-07-25 15:38:45', 2),
(370, 166, 2, 1, 'Input new item from Excel', 0, 1, '2014-07-15 00:00:00', 1, '', '2024-07-25 08:38:45', 2, '2024-07-25 15:38:45', 2),
(371, 167, 2, 1, 'Input new item from Excel', 0, 1, '2014-07-15 00:00:00', 1, '', '2024-07-25 08:38:45', 2, '2024-07-25 15:38:45', 2),
(372, 168, 2, 1, 'Input new item from Excel', 0, 1, '2014-07-15 00:00:00', 1, '', '2024-07-25 08:38:45', 2, '2024-07-25 15:38:45', 2),
(373, 169, 2, 1, 'Input new item from Excel', 0, 1, '2014-07-15 00:00:00', 1, '', '2024-07-25 08:38:45', 2, '2024-07-25 15:38:45', 2),
(374, 170, 2, 1, 'Input new item from Excel', 0, 1, '2014-07-15 00:00:00', 1, '', '2024-07-25 08:38:45', 2, '2024-07-25 15:38:45', 2),
(375, 171, 2, 1, 'Input new item from Excel', 0, 1, '2014-07-15 00:00:00', 1, '', '2024-07-25 08:38:45', 2, '2024-07-25 15:38:45', 2),
(376, 172, 2, 1, 'Input new item from Excel', 0, 1, '2014-07-15 00:00:00', 1, '', '2024-07-25 08:38:45', 2, '2024-07-25 15:38:45', 2),
(377, 173, 2, 1, 'Input new item from Excel', 0, 1, '2014-07-15 00:00:00', 1, '', '2024-07-25 08:38:45', 2, '2024-07-25 15:38:45', 2),
(378, 174, 2, 1, 'Input new item from Excel', 0, 1, '2014-07-15 00:00:00', 1, '', '2024-07-25 08:38:45', 2, '2024-07-25 15:38:45', 2),
(379, 175, 2, 1, 'Input new item from Excel', 0, 1, '2014-07-15 00:00:00', 1, '', '2024-07-25 08:38:45', 2, '2024-07-25 15:38:45', 2),
(380, 176, 2, 1, 'Input new item from Excel', 0, 1, '2014-07-15 00:00:00', 1, '', '2024-07-25 08:38:45', 2, '2024-07-25 15:38:45', 2),
(381, 177, 2, 1, 'Input new item from Excel', 0, 1, '2014-07-15 00:00:00', 1, '', '2024-07-25 08:38:45', 2, '2024-07-25 15:38:45', 2),
(382, 178, 2, 1, 'Input new item from Excel', 0, 1, '2014-07-15 00:00:00', 1, '', '2024-07-25 08:38:45', 2, '2024-07-25 15:38:45', 2),
(383, 179, 2, 1, 'Input new item from Excel', 0, 1, '2014-07-15 00:00:00', 1, '', '2024-07-25 08:38:45', 2, '2024-07-25 15:38:45', 2),
(384, 180, 2, 1, 'Input new item from Excel', 0, 1, '2014-07-15 00:00:00', 1, '', '2024-07-25 08:38:45', 2, '2024-07-25 15:38:45', 2),
(385, 181, 2, 1, 'Input new item from Excel', 0, 1, '2014-07-15 00:00:00', 1, '', '2024-07-25 08:38:45', 2, '2024-07-25 15:38:45', 2),
(386, 182, 2, 1, 'Input new item from Excel', 0, 1, '2014-07-15 00:00:00', 1, '', '2024-07-25 08:38:45', 2, '2024-07-25 15:38:45', 2),
(387, 183, 2, 1, 'Input new item from Excel', 0, 1, '2014-07-15 00:00:00', 1, '', '2024-07-25 08:38:45', 2, '2024-07-25 15:38:45', 2),
(388, 184, 2, 1, 'Input new item from Excel', 0, 1, '2014-07-15 00:00:00', 1, '', '2024-07-25 08:38:45', 2, '2024-07-25 15:38:45', 2),
(389, 185, 2, 1, 'Input new item from Excel', 0, 1, '2014-07-15 00:00:00', 1, '', '2024-07-25 08:38:45', 2, '2024-07-25 15:38:45', 2),
(390, 186, 2, 1, 'Input new item from Excel', 0, 1, '2014-07-15 00:00:00', 1, '', '2024-07-25 08:38:45', 2, '2024-07-25 15:38:45', 2),
(391, 187, 2, 1, 'Input new item from Excel', 0, 1, '2014-07-15 00:00:00', 1, '', '2024-07-25 08:38:45', 2, '2024-07-25 15:38:45', 2),
(392, 188, 2, 1, 'Input new item from Excel', 0, 1, '2014-07-15 00:00:00', 1, '', '2024-07-25 08:38:45', 2, '2024-07-25 15:38:45', 2),
(393, 189, 2, 1, 'Input new item from Excel', 0, 1, '2014-07-15 00:00:00', 1, '', '2024-07-25 08:38:45', 2, '2024-07-25 15:38:45', 2),
(394, 190, 2, 1, 'Input new item from Excel', 0, 1, '2014-07-15 00:00:00', 1, '', '2024-07-25 08:38:45', 2, '2024-07-25 15:38:45', 2),
(395, 191, 2, 1, 'Input new item from Excel', 0, 1, '2014-07-15 00:00:00', 1, '', '2024-07-25 08:38:45', 2, '2024-07-25 15:38:45', 2),
(396, 192, 2, 1, 'Input new item from Excel', 0, 1, '2014-07-15 00:00:00', 1, '', '2024-07-25 08:38:45', 2, '2024-07-25 15:38:45', 2),
(397, 193, 2, 1, 'Input new item from Excel', 0, 1, '2014-07-15 00:00:00', 1, '', '2024-07-25 08:38:45', 2, '2024-07-25 15:38:45', 2),
(398, 194, 2, 1, 'Input new item from Excel', 0, 1, '2014-07-15 00:00:00', 1, '', '2024-07-25 08:38:45', 2, '2024-07-25 15:38:45', 2),
(399, 195, 2, 1, 'Input new item from Excel', 0, 1, '2014-07-15 00:00:00', 1, '', '2024-07-25 08:38:45', 2, '2024-07-25 15:38:45', 2),
(400, 196, 2, 1, 'Input new item from Excel', 0, 1, '2014-07-15 00:00:00', 1, '', '2024-07-25 08:38:45', 2, '2024-07-25 15:38:45', 2),
(401, 197, 2, 1, 'Input new item from Excel', 0, 1, '2014-07-15 00:00:00', 1, '', '2024-07-25 08:38:45', 2, '2024-07-25 15:38:45', 2),
(402, 198, 2, 1, 'Input new item from Excel', 0, 1, '2014-07-15 00:00:00', 1, '', '2024-07-25 08:38:45', 2, '2024-07-25 15:38:45', 2),
(403, 199, 2, 1, 'Input new item from Excel', 0, 1, '2014-07-15 00:00:00', 1, '', '2024-07-25 08:38:45', 2, '2024-07-25 15:38:45', 2),
(404, 200, 2, 1, 'Input new item from Excel', 0, 1, '2014-07-15 00:00:00', 1, '', '2024-07-25 08:38:45', 2, '2024-07-25 15:38:45', 2),
(405, 201, 2, 1, 'Input new item from Excel', 0, 1, '2014-07-15 00:00:00', 1, '', '2024-07-25 08:38:45', 2, '2024-07-25 15:38:45', 2),
(406, 202, 2, 1, 'Input new item from Excel', 0, 1, '2014-07-15 00:00:00', 1, '', '2024-07-25 08:38:45', 2, '2024-07-25 15:38:45', 2),
(407, 203, 2, 1, 'Input new item from Excel', 0, 1, '2014-07-15 00:00:00', 1, '', '2024-07-25 08:38:45', 2, '2024-07-25 15:38:45', 2),
(408, 204, 2, 1, 'Input new item from Excel', 0, 1, '2014-07-15 00:00:00', 1, '', '2024-07-25 08:38:45', 2, '2024-07-25 15:38:45', 2),
(409, 205, 2, 1, 'Input new item from Excel', 0, 1, '2014-07-15 00:00:00', 1, '', '2024-07-25 08:38:45', 2, '2024-07-25 15:38:45', 2),
(410, 206, 2, 1, 'Input new item from Excel', 0, 1, '2014-07-15 00:00:00', 1, '', '2024-07-25 08:38:45', 2, '2024-07-25 15:38:45', 2),
(411, 207, 2, 1, 'Input new item from Excel', 0, 1, '2014-07-15 00:00:00', 1, '', '2024-07-25 08:38:45', 2, '2024-07-25 15:38:45', 2),
(412, 208, 2, 1, 'Input new item from Excel', 0, 1, '2014-07-15 00:00:00', 1, '', '2024-07-25 08:38:45', 2, '2024-07-25 15:38:45', 2),
(413, 209, 2, 1, 'Input new item from Excel', 0, 1, '2014-07-15 00:00:00', 1, '', '2024-07-25 08:38:45', 2, '2024-07-25 15:38:45', 2),
(414, 210, 2, 1, 'Input new item from Excel', 0, 1, '2015-07-15 00:00:00', 1, '', '2024-07-25 08:38:45', 2, '2024-07-25 15:38:45', 2),
(415, 211, 2, 1, 'Input new item from Excel', 0, 1, '2015-07-16 00:00:00', 1, '', '2024-07-25 08:38:45', 2, '2024-07-25 15:38:45', 2),
(416, 212, 2, 1, 'Input new item from Excel', 0, 1, '2015-07-17 00:00:00', 1, '', '2024-07-25 08:38:45', 2, '2024-07-25 15:38:45', 2),
(417, 213, 2, 1, 'Input new item from Excel', 0, 1, '2015-07-18 00:00:00', 1, '', '2024-07-25 08:38:45', 2, '2024-07-25 15:38:45', 2),
(418, 214, 2, 1, 'Input new item from Excel', 0, 1, '2015-07-19 00:00:00', 1, '', '2024-07-25 08:38:45', 2, '2024-07-25 15:38:45', 2),
(419, 215, 2, 1, 'Input new item from Excel', 0, 1, '2015-07-20 00:00:00', 1, '', '2024-07-25 08:38:45', 2, '2024-07-25 15:38:45', 2),
(420, 216, 2, 1, 'Input new item from Excel', 0, 1, '2015-07-21 00:00:00', 1, '', '2024-07-25 08:38:45', 2, '2024-07-25 15:38:45', 2),
(421, 217, 2, 1, 'Input new item from Excel', 0, 1, '2015-07-22 00:00:00', 1, '', '2024-07-25 08:38:45', 2, '2024-07-25 15:38:45', 2),
(422, 218, 2, 1, 'Input new item from Excel', 0, 1, '2015-07-23 00:00:00', 1, '', '2024-07-25 08:38:45', 2, '2024-07-25 15:38:45', 2),
(423, 219, 2, 1, 'Input new item from Excel', 0, 1, '2015-07-24 00:00:00', 1, '', '2024-07-25 08:38:45', 2, '2024-07-25 15:38:45', 2),
(424, 220, 2, 1, 'Input new item from Excel', 0, 1, '2015-07-25 00:00:00', 1, '', '2024-07-25 08:38:45', 2, '2024-07-25 15:38:45', 2),
(425, 221, 2, 1, 'Input new item from Excel', 0, 1, '2015-07-26 00:00:00', 1, '', '2024-07-25 08:38:45', 2, '2024-07-25 15:38:45', 2),
(426, 222, 2, 1, 'Input new item from Excel', 0, 1, '2015-07-27 00:00:00', 1, '', '2024-07-25 08:38:45', 2, '2024-07-25 15:38:45', 2),
(427, 223, 2, 1, 'Input new item from Excel', 0, 1, '2015-07-28 00:00:00', 1, '', '2024-07-25 08:38:45', 2, '2024-07-25 15:38:45', 2),
(428, 224, 2, 1, 'Input new item from Excel', 0, 1, '2015-07-29 00:00:00', 1, '', '2024-07-25 08:38:45', 2, '2024-07-25 15:38:45', 2),
(429, 225, 2, 1, 'Input new item from Excel', 0, 1, '2015-07-30 00:00:00', 1, '', '2024-07-25 08:38:45', 2, '2024-07-25 15:38:45', 2),
(430, 226, 2, 1, 'Input new item from Excel', 0, 1, '2015-07-31 00:00:00', 1, '', '2024-07-25 08:38:45', 2, '2024-07-25 15:38:45', 2),
(431, 227, 2, 1, 'Input new item from Excel', 0, 1, '2015-08-01 00:00:00', 1, '', '2024-07-25 08:38:45', 2, '2024-07-25 15:38:45', 2),
(432, 228, 2, 1, 'Input new item from Excel', 0, 1, '2015-08-02 00:00:00', 1, '', '2024-07-25 08:38:45', 2, '2024-07-25 15:38:45', 2),
(433, 229, 2, 1, 'Input new item from Excel', 0, 1, '2015-08-03 00:00:00', 1, '', '2024-07-25 08:38:45', 2, '2024-07-25 15:38:45', 2),
(434, 230, 2, 1, 'Input new item from Excel', 0, 1, '2015-08-04 00:00:00', 1, '', '2024-07-25 08:38:45', 2, '2024-07-25 15:38:45', 2),
(435, 231, 2, 1, 'Input new item from Excel', 0, 1, '2015-08-05 00:00:00', 1, '', '2024-07-25 08:38:45', 2, '2024-07-25 15:38:45', 2),
(436, 232, 2, 1, 'Input new item from Excel', 0, 1, '2015-08-06 00:00:00', 1, '', '2024-07-25 08:38:45', 2, '2024-07-25 15:38:45', 2),
(437, 233, 2, 1, 'Input new item from Excel', 0, 1, '2016-08-07 00:00:00', 1, '', '2024-07-25 08:38:45', 2, '2024-07-25 15:38:45', 2),
(438, 234, 2, 1, 'Input new item from Excel', 0, 1, '2016-08-08 00:00:00', 1, '', '2024-07-25 08:38:45', 2, '2024-07-25 15:38:45', 2),
(439, 235, 2, 1, 'Input new item from Excel', 0, 1, '2016-08-09 00:00:00', 1, '', '2024-07-25 08:38:45', 2, '2024-07-25 15:38:45', 2),
(440, 236, 2, 1, 'Input new item from Excel', 0, 1, '2016-08-10 00:00:00', 1, '', '2024-07-25 08:38:45', 2, '2024-07-25 15:38:45', 2),
(441, 237, 2, 1, 'Input new item from Excel', 0, 1, '2016-08-11 00:00:00', 1, '', '2024-07-25 08:38:45', 2, '2024-07-25 15:38:45', 2),
(442, 238, 2, 1, 'Input new item from Excel', 0, 1, '2016-08-12 00:00:00', 1, '', '2024-07-25 08:38:45', 2, '2024-07-25 15:38:45', 2),
(443, 239, 2, 1, 'Input new item from Excel', 0, 1, '2016-08-13 00:00:00', 1, '', '2024-07-25 08:38:45', 2, '2024-07-25 15:38:45', 2),
(444, 240, 2, 1, 'Input new item from Excel', 0, 1, '2016-08-14 00:00:00', 1, '', '2024-07-25 08:38:45', 2, '2024-07-25 15:38:45', 2),
(445, 241, 2, 1, 'Input new item from Excel', 0, 1, '2016-08-15 00:00:00', 1, '', '2024-07-25 08:38:45', 2, '2024-07-25 15:38:45', 2),
(446, 242, 2, 1, 'Input new item from Excel', 0, 1, '2016-08-16 00:00:00', 1, '', '2024-07-25 08:38:45', 2, '2024-07-25 15:38:45', 2),
(447, 243, 2, 1, 'Input new item from Excel', 0, 1, '2016-08-17 00:00:00', 1, '', '2024-07-25 08:38:45', 2, '2024-07-25 15:38:45', 2),
(448, 244, 2, 1, 'Input new item from Excel', 0, 1, '2016-08-18 00:00:00', 1, '', '2024-07-25 08:38:45', 2, '2024-07-25 15:38:45', 2),
(449, 245, 2, 1, 'Input new item from Excel', 0, 1, '2016-08-19 00:00:00', 1, '', '2024-07-25 08:38:45', 2, '2024-07-25 15:38:45', 2),
(450, 246, 2, 1, 'Input new item from Excel', 0, 1, '2016-08-20 00:00:00', 1, '', '2024-07-25 08:38:45', 2, '2024-07-25 15:38:45', 2),
(451, 247, 2, 1, 'Input new item from Excel', 0, 1, '2016-08-21 00:00:00', 1, '', '2024-07-25 08:38:45', 2, '2024-07-25 15:38:45', 2),
(452, 248, 2, 1, 'Input new item from Excel', 0, 1, '2016-08-22 00:00:00', 1, '', '2024-07-25 08:38:45', 2, '2024-07-25 15:38:45', 2),
(453, 249, 2, 1, 'Input new item from Excel', 0, 1, '2017-08-25 00:00:00', 1, '', '2024-07-25 08:38:45', 2, '2024-07-25 15:38:45', 2),
(454, 250, 2, 1, 'Input new item from Excel', 0, 1, '2017-08-25 00:00:00', 1, '', '2024-07-25 08:38:45', 2, '2024-07-25 15:38:45', 2),
(455, 251, 2, 1, 'Input new item from Excel', 0, 1, '2017-08-25 00:00:00', 1, '', '2024-07-25 08:38:45', 2, '2024-07-25 15:38:45', 2),
(456, 252, 2, 1, 'Input new item from Excel', 0, 1, '2017-08-26 00:00:00', 1, '', '2024-07-25 08:38:45', 2, '2024-07-25 15:38:45', 2),
(457, 253, 2, 1, 'Input new item from Excel', 0, 1, '2017-08-27 00:00:00', 1, '', '2024-07-25 08:38:45', 2, '2024-07-25 15:38:45', 2),
(458, 254, 2, 1, 'Input new item from Excel', 0, 1, '2017-08-28 00:00:00', 1, '', '2024-07-25 08:38:45', 2, '2024-07-25 15:38:45', 2),
(459, 255, 2, 1, 'Input new item from Excel', 0, 1, '2017-08-29 00:00:00', 1, '', '2024-07-25 08:38:45', 2, '2024-07-25 15:38:45', 2),
(460, 256, 2, 1, 'Input new item from Excel', 0, 1, '2017-08-30 00:00:00', 1, '', '2024-07-25 08:38:45', 2, '2024-07-25 15:38:45', 2),
(461, 257, 2, 1, 'Input new item from Excel', 0, 1, '2017-08-31 00:00:00', 1, '', '2024-07-25 08:38:45', 2, '2024-07-25 15:38:45', 2),
(462, 258, 2, 1, 'Input new item from Excel', 0, 1, '2017-09-01 00:00:00', 1, '', '2024-07-25 08:38:45', 2, '2024-07-25 15:38:45', 2),
(463, 259, 2, 1, 'Input new item from Excel', 0, 1, '2017-09-02 00:00:00', 1, '', '2024-07-25 08:38:45', 2, '2024-07-25 15:38:45', 2),
(464, 260, 2, 1, 'Input new item from Excel', 0, 1, '2017-09-03 00:00:00', 1, '', '2024-07-25 08:38:45', 2, '2024-07-25 15:38:45', 2),
(465, 261, 2, 1, 'Input new item from Excel', 0, 1, '2017-09-04 00:00:00', 1, '', '2024-07-25 08:38:45', 2, '2024-07-25 15:38:45', 2),
(466, 262, 2, 1, 'Input new item from Excel', 0, 1, '2017-09-05 00:00:00', 1, '', '2024-07-25 08:38:45', 2, '2024-07-25 15:38:45', 2),
(467, 263, 2, 1, 'Input new item from Excel', 0, 1, '2017-09-06 00:00:00', 1, '', '2024-07-25 08:38:45', 2, '2024-07-25 15:38:45', 2),
(468, 264, 2, 1, 'Input new item from Excel', 0, 1, '2017-09-07 00:00:00', 1, '', '2024-07-25 08:38:45', 2, '2024-07-25 15:38:45', 2),
(469, 265, 2, 1, 'Input new item from Excel', 0, 1, '2018-09-08 00:00:00', 1, '', '2024-07-25 08:38:45', 2, '2024-07-25 15:38:45', 2),
(470, 266, 2, 1, 'Input new item from Excel', 0, 1, '2018-09-09 00:00:00', 1, '', '2024-07-25 08:38:45', 2, '2024-07-25 15:38:45', 2),
(471, 267, 2, 1, 'Input new item from Excel', 0, 1, '2018-09-10 00:00:00', 1, '', '2024-07-25 08:38:45', 2, '2024-07-25 15:38:45', 2),
(472, 268, 2, 1, 'Input new item from Excel', 0, 1, '2018-09-11 00:00:00', 1, '', '2024-07-25 08:38:45', 2, '2024-07-25 15:38:45', 2),
(473, 269, 2, 1, 'Input new item from Excel', 0, 1, '2018-09-12 00:00:00', 1, '', '2024-07-25 08:38:45', 2, '2024-07-25 15:38:45', 2),
(474, 270, 2, 1, 'Input new item from Excel', 0, 1, '2018-09-13 00:00:00', 1, '', '2024-07-25 08:38:45', 2, '2024-07-25 15:38:45', 2),
(475, 271, 2, 1, 'Input new item from Excel', 0, 1, '2018-09-14 00:00:00', 1, '', '2024-07-25 08:38:45', 2, '2024-07-25 15:38:45', 2),
(476, 272, 2, 1, 'Input new item from Excel', 0, 1, '2018-09-15 00:00:00', 1, '', '2024-07-25 08:38:45', 2, '2024-07-25 15:38:45', 2),
(477, 273, 2, 1, 'Input new item from Excel', 0, 1, '2018-09-16 00:00:00', 1, '', '2024-07-25 08:38:45', 2, '2024-07-25 15:38:45', 2),
(478, 274, 2, 1, 'Input new item from Excel', 0, 1, '2018-09-17 00:00:00', 1, '', '2024-07-25 08:38:45', 2, '2024-07-25 15:38:45', 2),
(479, 275, 2, 1, 'Input new item from Excel', 0, 1, '2018-09-18 00:00:00', 1, '', '2024-07-25 08:38:45', 2, '2024-07-25 15:38:45', 2),
(480, 276, 2, 1, 'Input new item from Excel', 0, 1, '2018-09-19 00:00:00', 1, '', '2024-07-25 08:38:45', 2, '2024-07-25 15:38:45', 2),
(481, 277, 2, 1, 'Input new item from Excel', 0, 1, '2018-09-20 00:00:00', 1, '', '2024-07-25 08:38:45', 2, '2024-07-25 15:38:45', 2),
(482, 278, 2, 1, 'Input new item from Excel', 0, 1, '2018-09-21 00:00:00', 1, '', '2024-07-25 08:38:45', 2, '2024-07-25 15:38:45', 2),
(483, 279, 2, 1, 'Input new item from Excel', 0, 1, '2018-09-22 00:00:00', 1, '', '2024-07-25 08:38:45', 2, '2024-07-25 15:38:45', 2),
(484, 280, 2, 1, 'Input new item from Excel', 0, 1, '2018-09-23 00:00:00', 1, '', '2024-07-25 08:38:45', 2, '2024-07-25 15:38:45', 2),
(485, 281, 2, 1, 'Input new item from Excel', 0, 1, '2018-09-24 00:00:00', 1, '', '2024-07-25 08:38:45', 2, '2024-07-25 15:38:45', 2),
(486, 282, 2, 1, 'Input new item from Excel', 0, 1, '2018-09-25 00:00:00', 1, '', '2024-07-25 08:38:45', 2, '2024-07-25 15:38:45', 2),
(487, 283, 2, 1, 'Input new item from Excel', 0, 1, '2018-09-26 00:00:00', 1, '', '2024-07-25 08:38:45', 2, '2024-07-25 15:38:45', 2),
(488, 284, 2, 1, 'Input new item from Excel', 0, 1, '2018-09-27 00:00:00', 1, '', '2024-07-25 08:38:45', 2, '2024-07-25 15:38:45', 2),
(489, 285, 2, 1, 'Input new item from Excel', 0, 1, '2018-09-28 00:00:00', 1, '', '2024-07-25 08:38:45', 2, '2024-07-25 15:38:45', 2),
(490, 286, 2, 1, 'Input new item from Excel', 0, 1, '2018-09-29 00:00:00', 1, '', '2024-07-25 08:38:45', 2, '2024-07-25 15:38:45', 2),
(491, 287, 2, 1, 'Input new item from Excel', 0, 1, '2018-09-30 00:00:00', 1, '', '2024-07-25 08:38:45', 2, '2024-07-25 15:38:45', 2),
(492, 288, 2, 1, 'Input new item from Excel', 0, 1, '2018-10-01 00:00:00', 1, '', '2024-07-25 08:38:45', 2, '2024-07-25 15:38:45', 2),
(493, 289, 2, 1, 'Input new item from Excel', 0, 1, '2018-10-02 00:00:00', 1, '', '2024-07-25 08:38:45', 2, '2024-07-25 15:38:45', 2),
(494, 290, 2, 1, 'Input new item from Excel', 0, 1, '2019-10-03 00:00:00', 1, '', '2024-07-25 08:38:45', 2, '2024-07-25 15:38:45', 2),
(495, 291, 2, 1, 'Input new item from Excel', 0, 1, '2019-10-04 00:00:00', 1, '', '2024-07-25 08:38:45', 2, '2024-07-25 15:38:45', 2),
(496, 292, 2, 1, 'Input new item from Excel', 0, 1, '2019-10-05 00:00:00', 1, '', '2024-07-25 08:38:45', 2, '2024-07-25 15:38:45', 2),
(497, 293, 2, 1, 'Input new item from Excel', 0, 1, '2019-10-06 00:00:00', 1, '', '2024-07-25 08:38:45', 2, '2024-07-25 15:38:45', 2),
(498, 294, 2, 1, 'Input new item from Excel', 0, 1, '2019-10-07 00:00:00', 1, '', '2024-07-25 08:38:45', 2, '2024-07-25 15:38:45', 2),
(499, 295, 2, 1, 'Input new item from Excel', 0, 1, '2019-10-08 00:00:00', 1, '', '2024-07-25 08:38:45', 2, '2024-07-25 15:38:45', 2),
(500, 296, 2, 1, 'Input new item from Excel', 0, 1, '2019-10-09 00:00:00', 1, '', '2024-07-25 08:38:45', 2, '2024-07-25 15:38:45', 2),
(501, 297, 2, 1, 'Input new item from Excel', 0, 1, '2019-10-10 00:00:00', 1, '', '2024-07-25 08:38:45', 2, '2024-07-25 15:38:45', 2),
(502, 298, 2, 1, 'Input new item from Excel', 0, 1, '2019-10-11 00:00:00', 1, '', '2024-07-25 08:38:45', 2, '2024-07-25 15:38:45', 2),
(503, 299, 2, 1, 'Input new item from Excel', 0, 1, '2019-10-12 00:00:00', 1, '', '2024-07-25 08:38:45', 2, '2024-07-25 15:38:45', 2),
(504, 300, 2, 1, 'Input new item from Excel', 0, 1, '2019-10-13 00:00:00', 1, '', '2024-07-25 08:38:45', 2, '2024-07-25 15:38:45', 2),
(505, 301, 2, 1, 'Input new item from Excel', 0, 1, '2011-01-01 00:00:00', 1, '', '2024-07-25 08:38:51', 2, '2024-07-25 15:38:51', 2),
(506, 302, 2, 1, 'Input new item from Excel', 0, 1, '2011-01-01 00:00:00', 1, '', '2024-07-25 08:38:51', 2, '2024-07-25 15:38:51', 2),
(507, 303, 2, 1, 'Input new item from Excel', 0, 1, '2011-01-01 00:00:00', 1, '', '2024-07-25 08:38:51', 2, '2024-07-25 15:38:51', 2),
(508, 304, 2, 1, 'Input new item from Excel', 0, 1, '2014-01-04 00:00:00', 1, '', '2024-07-25 08:38:51', 2, '2024-07-25 15:38:51', 2),
(509, 305, 2, 1, 'Input new item from Excel', 0, 1, '2014-01-05 00:00:00', 1, '', '2024-07-25 08:38:51', 2, '2024-07-25 15:38:51', 2),
(510, 306, 2, 1, 'Input new item from Excel', 0, 1, '2014-01-06 00:00:00', 1, '', '2024-07-25 08:38:51', 2, '2024-07-25 15:38:51', 2),
(511, 307, 2, 1, 'Input new item from Excel', 0, 1, '2014-01-07 00:00:00', 1, '', '2024-07-25 08:38:51', 2, '2024-07-25 15:38:51', 2),
(512, 308, 2, 1, 'Input new item from Excel', 0, 1, '2014-01-08 00:00:00', 1, '', '2024-07-25 08:38:51', 2, '2024-07-25 15:38:51', 2),
(513, 309, 2, 1, 'Input new item from Excel', 0, 1, '2014-01-09 00:00:00', 1, '', '2024-07-25 08:38:51', 2, '2024-07-25 15:38:51', 2),
(514, 310, 2, 1, 'Input new item from Excel', 0, 1, '2014-01-10 00:00:00', 1, '', '2024-07-25 08:38:51', 2, '2024-07-25 15:38:51', 2),
(515, 311, 2, 1, 'Input new item from Excel', 0, 1, '2014-01-11 00:00:00', 1, '', '2024-07-25 08:38:51', 2, '2024-07-25 15:38:51', 2),
(516, 312, 2, 1, 'Input new item from Excel', 0, 1, '2014-01-12 00:00:00', 1, '', '2024-07-25 08:38:51', 2, '2024-07-25 15:38:51', 2),
(517, 313, 2, 1, 'Input new item from Excel', 0, 1, '2014-01-13 00:00:00', 1, '', '2024-07-25 08:38:51', 2, '2024-07-25 15:38:51', 2),
(518, 314, 2, 1, 'Input new item from Excel', 0, 1, '2014-01-14 00:00:00', 1, '', '2024-07-25 08:38:51', 2, '2024-07-25 15:38:51', 2),
(519, 315, 2, 1, 'Input new item from Excel', 0, 1, '2014-01-15 00:00:00', 1, '', '2024-07-25 08:38:51', 2, '2024-07-25 15:38:51', 2),
(520, 316, 2, 1, 'Input new item from Excel', 0, 1, '2014-01-16 00:00:00', 1, '', '2024-07-25 08:38:51', 2, '2024-07-25 15:38:51', 2),
(521, 317, 2, 1, 'Input new item from Excel', 0, 1, '2014-01-17 00:00:00', 1, '', '2024-07-25 08:38:51', 2, '2024-07-25 15:38:51', 2),
(522, 318, 2, 1, 'Input new item from Excel', 0, 1, '2014-01-18 00:00:00', 1, '', '2024-07-25 08:38:51', 2, '2024-07-25 15:38:51', 2),
(523, 319, 2, 1, 'Input new item from Excel', 0, 1, '2014-01-19 00:00:00', 1, '', '2024-07-25 08:38:51', 2, '2024-07-25 15:38:51', 2),
(524, 320, 2, 1, 'Input new item from Excel', 0, 1, '2014-01-20 00:00:00', 1, '', '2024-07-25 08:38:51', 2, '2024-07-25 15:38:51', 2),
(525, 321, 2, 1, 'Input new item from Excel', 0, 1, '2014-01-21 00:00:00', 1, '', '2024-07-25 08:38:51', 2, '2024-07-25 15:38:51', 2),
(526, 322, 2, 1, 'Input new item from Excel', 0, 1, '2014-01-22 00:00:00', 1, '', '2024-07-25 08:38:51', 2, '2024-07-25 15:38:51', 2),
(527, 323, 2, 1, 'Input new item from Excel', 0, 1, '2014-01-23 00:00:00', 1, '', '2024-07-25 08:38:51', 2, '2024-07-25 15:38:51', 2),
(528, 324, 2, 1, 'Input new item from Excel', 0, 1, '2014-01-24 00:00:00', 1, '', '2024-07-25 08:38:51', 2, '2024-07-25 15:38:51', 2),
(529, 325, 2, 1, 'Input new item from Excel', 0, 1, '2014-01-25 00:00:00', 1, '', '2024-07-25 08:38:51', 2, '2024-07-25 15:38:51', 2),
(530, 326, 2, 1, 'Input new item from Excel', 0, 1, '2014-01-26 00:00:00', 1, '', '2024-07-25 08:38:51', 2, '2024-07-25 15:38:51', 2),
(531, 327, 2, 1, 'Input new item from Excel', 0, 1, '2014-01-27 00:00:00', 1, '', '2024-07-25 08:38:51', 2, '2024-07-25 15:38:51', 2),
(532, 328, 2, 1, 'Input new item from Excel', 0, 1, '2014-01-28 00:00:00', 1, '', '2024-07-25 08:38:51', 2, '2024-07-25 15:38:51', 2),
(533, 329, 2, 1, 'Input new item from Excel', 0, 1, '2014-01-29 00:00:00', 1, '', '2024-07-25 08:38:51', 2, '2024-07-25 15:38:51', 2),
(534, 330, 2, 1, 'Input new item from Excel', 0, 1, '2014-01-30 00:00:00', 1, '', '2024-07-25 08:38:51', 2, '2024-07-25 15:38:51', 2),
(535, 331, 2, 1, 'Input new item from Excel', 0, 1, '2014-01-31 00:00:00', 1, '', '2024-07-25 08:38:51', 2, '2024-07-25 15:38:51', 2),
(536, 332, 2, 1, 'Input new item from Excel', 0, 1, '2014-02-01 00:00:00', 1, '', '2024-07-25 08:38:51', 2, '2024-07-25 15:38:51', 2),
(537, 333, 2, 1, 'Input new item from Excel', 0, 1, '2014-02-02 00:00:00', 1, '', '2024-07-25 08:38:51', 2, '2024-07-25 15:38:51', 2),
(538, 334, 2, 1, 'Input new item from Excel', 0, 1, '2014-02-03 00:00:00', 1, '', '2024-07-25 08:38:51', 2, '2024-07-25 15:38:51', 2),
(539, 335, 2, 1, 'Input new item from Excel', 0, 1, '2014-02-04 00:00:00', 1, '', '2024-07-25 08:38:51', 2, '2024-07-25 15:38:51', 2),
(540, 336, 2, 1, 'Input new item from Excel', 0, 1, '2014-02-05 00:00:00', 1, '', '2024-07-25 08:38:51', 2, '2024-07-25 15:38:51', 2),
(541, 337, 2, 1, 'Input new item from Excel', 0, 1, '2014-02-07 00:00:00', 1, '', '2024-07-25 08:38:51', 2, '2024-07-25 15:38:51', 2),
(542, 338, 2, 1, 'Input new item from Excel', 0, 1, '2014-02-08 00:00:00', 1, '', '2024-07-25 08:38:51', 2, '2024-07-25 15:38:51', 2),
(543, 339, 2, 1, 'Input new item from Excel', 0, 1, '2014-02-09 00:00:00', 1, '', '2024-07-25 08:38:51', 2, '2024-07-25 15:38:51', 2),
(544, 340, 2, 1, 'Input new item from Excel', 0, 1, '2014-02-10 00:00:00', 1, '', '2024-07-25 08:38:51', 2, '2024-07-25 15:38:51', 2),
(545, 341, 2, 1, 'Input new item from Excel', 0, 1, '2016-01-01 00:00:00', 1, '', '2024-07-25 08:38:51', 2, '2024-07-25 15:38:51', 2),
(546, 342, 2, 1, 'Input new item from Excel', 0, 1, '2016-01-02 00:00:00', 1, '', '2024-07-25 08:38:51', 2, '2024-07-25 15:38:51', 2),
(547, 343, 2, 1, 'Input new item from Excel', 0, 1, '2016-01-03 00:00:00', 1, '', '2024-07-25 08:38:51', 2, '2024-07-25 15:38:51', 2),
(548, 344, 2, 1, 'Input new item from Excel', 0, 1, '2016-01-04 00:00:00', 1, '', '2024-07-25 08:38:51', 2, '2024-07-25 15:38:51', 2),
(549, 345, 2, 1, 'Input new item from Excel', 0, 1, '2016-01-05 00:00:00', 1, '', '2024-07-25 08:38:51', 2, '2024-07-25 15:38:51', 2),
(550, 346, 2, 1, 'Input new item from Excel', 0, 1, '2016-01-06 00:00:00', 1, '', '2024-07-25 08:38:51', 2, '2024-07-25 15:38:51', 2),
(551, 347, 2, 1, 'Input new item from Excel', 0, 1, '2016-01-07 00:00:00', 1, '', '2024-07-25 08:38:51', 2, '2024-07-25 15:38:51', 2),
(552, 348, 2, 1, 'Input new item from Excel', 0, 1, '2016-01-08 00:00:00', 1, '', '2024-07-25 08:38:51', 2, '2024-07-25 15:38:51', 2),
(553, 349, 2, 1, 'Input new item from Excel', 0, 1, '2016-01-09 00:00:00', 1, '', '2024-07-25 08:38:51', 2, '2024-07-25 15:38:51', 2),
(554, 350, 2, 1, 'Input new item from Excel', 0, 1, '2016-01-10 00:00:00', 1, '', '2024-07-25 08:38:51', 2, '2024-07-25 15:38:51', 2),
(555, 351, 2, 1, 'Input new item from Excel', 0, 1, '2016-01-11 00:00:00', 1, '', '2024-07-25 08:38:51', 2, '2024-07-25 15:38:51', 2),
(556, 352, 2, 1, 'Input new item from Excel', 0, 1, '2016-01-12 00:00:00', 1, '', '2024-07-25 08:38:51', 2, '2024-07-25 15:38:51', 2),
(557, 353, 2, 1, 'Input new item from Excel', 0, 1, '2016-01-13 00:00:00', 1, '', '2024-07-25 08:38:51', 2, '2024-07-25 15:38:51', 2),
(558, 354, 2, 1, 'Input new item from Excel', 0, 1, '2016-01-14 00:00:00', 1, '', '2024-07-25 08:38:51', 2, '2024-07-25 15:38:51', 2),
(559, 355, 2, 1, 'Input new item from Excel', 0, 1, '2016-01-15 00:00:00', 1, '', '2024-07-25 08:38:51', 2, '2024-07-25 15:38:51', 2),
(560, 356, 2, 1, 'Input new item from Excel', 0, 1, '2016-01-16 00:00:00', 1, '', '2024-07-25 08:38:51', 2, '2024-07-25 15:38:51', 2),
(561, 357, 2, 1, 'Input new item from Excel', 0, 1, '2016-01-17 00:00:00', 1, '', '2024-07-25 08:38:51', 2, '2024-07-25 15:38:51', 2),
(562, 358, 2, 1, 'Input new item from Excel', 0, 1, '2016-01-18 00:00:00', 1, '', '2024-07-25 08:38:51', 2, '2024-07-25 15:38:51', 2),
(563, 359, 2, 1, 'Input new item from Excel', 0, 1, '2016-01-19 00:00:00', 1, '', '2024-07-25 08:38:51', 2, '2024-07-25 15:38:51', 2),
(564, 360, 2, 1, 'Input new item from Excel', 0, 1, '2016-01-20 00:00:00', 1, '', '2024-07-25 08:38:51', 2, '2024-07-25 15:38:51', 2),
(565, 361, 2, 1, 'Input new item from Excel', 0, 1, '2017-01-01 00:00:00', 1, '', '2024-07-25 08:38:51', 2, '2024-07-25 15:38:51', 2),
(566, 362, 2, 1, 'Input new item from Excel', 0, 1, '2017-01-02 00:00:00', 1, '', '2024-07-25 08:38:51', 2, '2024-07-25 15:38:51', 2),
(567, 363, 2, 1, 'Input new item from Excel', 0, 1, '2017-01-03 00:00:00', 1, '', '2024-07-25 08:38:51', 2, '2024-07-25 15:38:51', 2),
(568, 364, 2, 1, 'Input new item from Excel', 0, 1, '2017-01-04 00:00:00', 1, '', '2024-07-25 08:38:51', 2, '2024-07-25 15:38:51', 2),
(569, 365, 2, 1, 'Input new item from Excel', 0, 1, '2017-01-05 00:00:00', 1, '', '2024-07-25 08:38:51', 2, '2024-07-25 15:38:51', 2),
(570, 366, 2, 1, 'Input new item from Excel', 0, 1, '2017-01-06 00:00:00', 1, '', '2024-07-25 08:38:51', 2, '2024-07-25 15:38:51', 2),
(571, 367, 2, 1, 'Input new item from Excel', 0, 1, '2018-01-01 00:00:00', 1, '', '2024-07-25 08:38:51', 2, '2024-07-25 15:38:51', 2),
(572, 368, 2, 1, 'Input new item from Excel', 0, 1, '2014-01-01 00:00:00', 1, '', '2024-07-25 08:38:56', 2, '2024-07-25 15:38:56', 2),
(573, 369, 2, 1, 'Input new item from Excel', 0, 1, '2014-01-02 00:00:00', 1, '', '2024-07-25 08:38:56', 2, '2024-07-25 15:38:56', 2),
(574, 370, 2, 1, 'Input new item from Excel', 0, 1, '2014-01-03 00:00:00', 1, '', '2024-07-25 08:38:56', 2, '2024-07-25 15:38:56', 2),
(575, 371, 2, 1, 'Input new item from Excel', 0, 1, '2014-01-04 00:00:00', 1, '', '2024-07-25 08:38:56', 2, '2024-07-25 15:38:56', 2),
(576, 372, 2, 1, 'Input new item from Excel', 0, 1, '2014-01-05 00:00:00', 1, '', '2024-07-25 08:38:56', 2, '2024-07-25 15:38:56', 2),
(577, 373, 2, 1, 'Input new item from Excel', 0, 1, '2014-01-06 00:00:00', 1, '', '2024-07-25 08:38:56', 2, '2024-07-25 15:38:56', 2),
(578, 374, 2, 1, 'Input new item from Excel', 0, 1, '2014-01-07 00:00:00', 1, '', '2024-07-25 08:38:56', 2, '2024-07-25 15:38:56', 2),
(579, 375, 2, 1, 'Input new item from Excel', 0, 1, '2014-01-08 00:00:00', 1, '', '2024-07-25 08:38:56', 2, '2024-07-25 15:38:56', 2),
(580, 376, 2, 1, 'Input new item from Excel', 0, 1, '2014-01-09 00:00:00', 1, '', '2024-07-25 08:38:56', 2, '2024-07-25 15:38:56', 2),
(581, 377, 2, 1, 'Input new item from Excel', 0, 1, '2014-01-10 00:00:00', 1, '', '2024-07-25 08:38:56', 2, '2024-07-25 15:38:56', 2),
(582, 378, 2, 1, 'Input new item from Excel', 0, 1, '2014-01-11 00:00:00', 1, '', '2024-07-25 08:38:56', 2, '2024-07-25 15:38:56', 2),
(583, 379, 2, 1, 'Input new item from Excel', 0, 1, '2014-01-12 00:00:00', 1, '', '2024-07-25 08:38:56', 2, '2024-07-25 15:38:56', 2),
(584, 380, 2, 1, 'Input new item from Excel', 0, 1, '2014-01-13 00:00:00', 1, '', '2024-07-25 08:38:56', 2, '2024-07-25 15:38:56', 2),
(585, 381, 2, 1, 'Input new item from Excel', 0, 1, '2014-01-14 00:00:00', 1, '', '2024-07-25 08:38:56', 2, '2024-07-25 15:38:56', 2),
(586, 382, 2, 1, 'Input new item from Excel', 0, 1, '2015-01-15 00:00:00', 1, '', '2024-07-25 08:38:56', 2, '2024-07-25 15:38:56', 2),
(587, 383, 2, 1, 'Input new item from Excel', 0, 1, '2015-01-16 00:00:00', 1, '', '2024-07-25 08:38:56', 2, '2024-07-25 15:38:56', 2),
(588, 384, 2, 1, 'Input new item from Excel', 0, 1, '2015-01-17 00:00:00', 1, '', '2024-07-25 08:38:56', 2, '2024-07-25 15:38:56', 2),
(589, 385, 2, 1, 'Input new item from Excel', 0, 1, '2015-01-18 00:00:00', 1, '', '2024-07-25 08:38:56', 2, '2024-07-25 15:38:56', 2),
(590, 386, 2, 1, 'Input new item from Excel', 0, 1, '2015-01-19 00:00:00', 1, '', '2024-07-25 08:38:56', 2, '2024-07-25 15:38:56', 2),
(591, 387, 2, 1, 'Input new item from Excel', 0, 1, '2015-01-20 00:00:00', 1, '', '2024-07-25 08:38:56', 2, '2024-07-25 15:38:56', 2),
(592, 388, 2, 1, 'Input new item from Excel', 0, 1, '2015-01-21 00:00:00', 1, '', '2024-07-25 08:38:56', 2, '2024-07-25 15:38:56', 2),
(593, 389, 2, 1, 'Input new item from Excel', 0, 1, '2015-01-22 00:00:00', 1, '', '2024-07-25 08:38:56', 2, '2024-07-25 15:38:56', 2),
(594, 390, 2, 1, 'Input new item from Excel', 0, 1, '2016-01-23 00:00:00', 1, '', '2024-07-25 08:38:56', 2, '2024-07-25 15:38:56', 2),
(595, 391, 2, 1, 'Input new item from Excel', 0, 1, '2016-01-24 00:00:00', 1, '', '2024-07-25 08:38:56', 2, '2024-07-25 15:38:56', 2),
(596, 392, 2, 1, 'Input new item from Excel', 0, 1, '2016-01-25 00:00:00', 1, '', '2024-07-25 08:38:56', 2, '2024-07-25 15:38:56', 2),
(597, 393, 2, 1, 'Input new item from Excel', 0, 1, '2017-01-26 00:00:00', 1, '', '2024-07-25 08:38:56', 2, '2024-07-25 15:38:56', 2),
(598, 394, 2, 1, 'Input new item from Excel', 0, 1, '2017-01-27 00:00:00', 1, '', '2024-07-25 08:38:56', 2, '2024-07-25 15:38:56', 2),
(599, 395, 2, 1, 'Input new item from Excel', 0, 1, '2017-01-28 00:00:00', 1, '', '2024-07-25 08:38:56', 2, '2024-07-25 15:38:56', 2),
(600, 396, 2, 1, 'Input new item from Excel', 0, 1, '2017-01-29 00:00:00', 1, '', '2024-07-25 08:38:56', 2, '2024-07-25 15:38:56', 2),
(601, 397, 2, 1, 'Input new item from Excel', 0, 1, '2019-01-30 00:00:00', 1, '', '2024-07-25 08:38:56', 2, '2024-07-25 15:38:56', 2),
(602, 398, 2, 1, 'Input new item from Excel', 0, 1, '2019-01-31 00:00:00', 1, '', '2024-07-25 08:38:56', 2, '2024-07-25 15:38:56', 2),
(603, 399, 2, 1, 'Input new item from Excel', 0, 1, '2019-02-01 00:00:00', 1, '', '2024-07-25 08:38:56', 2, '2024-07-25 15:38:56', 2),
(604, 400, 2, 1, 'Input new item from Excel', 0, 1, '2018-02-02 00:00:00', 1, '', '2024-07-25 08:38:56', 2, '2024-07-25 15:38:56', 2),
(605, 401, 2, 1, 'Input new item from Excel', 0, 1, '2018-02-03 00:00:00', 1, '', '2024-07-25 08:38:56', 2, '2024-07-25 15:38:56', 2),
(606, 402, 2, 1, 'Input new item from Excel', 0, 1, '2018-02-04 00:00:00', 1, '', '2024-07-25 08:38:56', 2, '2024-07-25 15:38:56', 2),
(607, 403, 2, 1, 'Input new item from Excel', 0, 1, '2018-02-05 00:00:00', 1, '', '2024-07-25 08:38:56', 2, '2024-07-25 15:38:56', 2),
(608, 404, 2, 1, 'Input new item from Excel', 0, 1, '2011-01-01 00:00:00', 1, '', '2024-07-25 08:39:01', 2, '2024-07-25 15:39:01', 2),
(609, 405, 2, 1, 'Input new item from Excel', 0, 1, '2011-01-01 00:00:00', 1, '', '2024-07-25 08:39:01', 2, '2024-07-25 15:39:01', 2),
(610, 406, 2, 1, 'Input new item from Excel', 0, 1, '2011-01-01 00:00:00', 1, '', '2024-07-25 08:39:01', 2, '2024-07-25 15:39:01', 2),
(611, 407, 2, 1, 'Input new item from Excel', 0, 1, '2013-01-01 00:00:00', 1, '', '2024-07-25 08:39:01', 2, '2024-07-25 15:39:01', 2),
(612, 408, 2, 1, 'Input new item from Excel', 0, 1, '2014-01-05 00:00:00', 1, '', '2024-07-25 08:39:01', 2, '2024-07-25 15:39:01', 2),
(613, 409, 2, 1, 'Input new item from Excel', 0, 1, '2014-01-06 00:00:00', 1, '', '2024-07-25 08:39:01', 2, '2024-07-25 15:39:01', 2),
(614, 410, 2, 1, 'Input new item from Excel', 0, 1, '2014-01-07 00:00:00', 1, '', '2024-07-25 08:39:01', 2, '2024-07-25 15:39:01', 2),
(615, 411, 2, 1, 'Input new item from Excel', 0, 1, '2014-01-08 00:00:00', 1, '', '2024-07-25 08:39:01', 2, '2024-07-25 15:39:01', 2),
(616, 412, 2, 1, 'Input new item from Excel', 0, 1, '2014-01-09 00:00:00', 1, '', '2024-07-25 08:39:01', 2, '2024-07-25 15:39:01', 2),
(617, 413, 2, 1, 'Input new item from Excel', 0, 1, '2014-01-10 00:00:00', 1, '', '2024-07-25 08:39:01', 2, '2024-07-25 15:39:01', 2),
(618, 414, 2, 1, 'Input new item from Excel', 0, 1, '2014-01-11 00:00:00', 1, '', '2024-07-25 08:39:01', 2, '2024-07-25 15:39:01', 2),
(619, 415, 2, 1, 'Input new item from Excel', 0, 1, '2014-01-12 00:00:00', 1, '', '2024-07-25 08:39:01', 2, '2024-07-25 15:39:01', 2),
(620, 416, 2, 1, 'Input new item from Excel', 0, 1, '2014-01-13 00:00:00', 1, '', '2024-07-25 08:39:01', 2, '2024-07-25 15:39:01', 2),
(621, 417, 2, 1, 'Input new item from Excel', 0, 1, '2014-01-14 00:00:00', 1, '', '2024-07-25 08:39:01', 2, '2024-07-25 15:39:01', 2),
(622, 418, 2, 1, 'Input new item from Excel', 0, 1, '2014-01-14 00:00:00', 1, '', '2024-07-25 08:39:01', 2, '2024-07-25 15:39:01', 2),
(623, 419, 2, 1, 'Input new item from Excel', 0, 1, '2014-01-15 00:00:00', 1, '', '2024-07-25 08:39:01', 2, '2024-07-25 15:39:01', 2),
(624, 420, 2, 1, 'Input new item from Excel', 0, 1, '2014-01-16 00:00:00', 1, '', '2024-07-25 08:39:01', 2, '2024-07-25 15:39:01', 2),
(625, 421, 2, 1, 'Input new item from Excel', 0, 1, '2014-01-17 00:00:00', 1, '', '2024-07-25 08:39:01', 2, '2024-07-25 15:39:01', 2),
(626, 422, 2, 1, 'Input new item from Excel', 0, 1, '2014-01-18 00:00:00', 1, '', '2024-07-25 08:39:01', 2, '2024-07-25 15:39:01', 2),
(627, 423, 2, 1, 'Input new item from Excel', 0, 1, '2014-01-19 00:00:00', 1, '', '2024-07-25 08:39:01', 2, '2024-07-25 15:39:01', 2),
(628, 424, 2, 1, 'Input new item from Excel', 0, 1, '2014-01-20 00:00:00', 1, '', '2024-07-25 08:39:01', 2, '2024-07-25 15:39:01', 2),
(629, 425, 2, 1, 'Input new item from Excel', 0, 1, '2014-01-21 00:00:00', 1, '', '2024-07-25 08:39:01', 2, '2024-07-25 15:39:01', 2),
(630, 426, 2, 1, 'Input new item from Excel', 0, 1, '2014-01-22 00:00:00', 1, '', '2024-07-25 08:39:01', 2, '2024-07-25 15:39:01', 2),
(631, 427, 2, 1, 'Input new item from Excel', 0, 1, '2014-01-23 00:00:00', 1, '', '2024-07-25 08:39:01', 2, '2024-07-25 15:39:01', 2),
(632, 428, 2, 1, 'Input new item from Excel', 0, 1, '2015-01-25 00:00:00', 1, '', '2024-07-25 08:39:01', 2, '2024-07-25 15:39:01', 2),
(633, 429, 2, 1, 'Input new item from Excel', 0, 1, '2015-01-26 00:00:00', 1, '', '2024-07-25 08:39:01', 2, '2024-07-25 15:39:01', 2),
(634, 430, 2, 1, 'Input new item from Excel', 0, 1, '2015-01-27 00:00:00', 1, '', '2024-07-25 08:39:01', 2, '2024-07-25 15:39:01', 2),
(635, 431, 2, 1, 'Input new item from Excel', 0, 1, '2016-01-27 00:00:00', 1, '', '2024-07-25 08:39:01', 2, '2024-07-25 15:39:01', 2),
(636, 432, 2, 1, 'Input new item from Excel', 0, 1, '2016-01-28 00:00:00', 1, '', '2024-07-25 08:39:01', 2, '2024-07-25 15:39:01', 2),
(637, 433, 2, 1, 'Input new item from Excel', 0, 1, '2018-01-30 00:00:00', 1, '', '2024-07-25 08:39:01', 2, '2024-07-25 15:39:01', 2),
(638, 434, 2, 1, 'Input new item from Excel', 0, 1, '2018-01-31 00:00:00', 1, '', '2024-07-25 08:39:01', 2, '2024-07-25 15:39:01', 2),
(639, 435, 2, 1, 'Input new item from Excel', 0, 1, '2018-02-01 00:00:00', 1, '', '2024-07-25 08:39:01', 2, '2024-07-25 15:39:01', 2),
(640, 436, 2, 1, 'Input new item from Excel', 0, 1, '2019-02-01 00:00:00', 1, '', '2024-07-25 08:39:01', 2, '2024-07-25 15:39:01', 2),
(641, 437, 2, 1, 'Input new item from Excel', 0, 1, '2019-02-02 00:00:00', 1, '', '2024-07-25 08:39:01', 2, '2024-07-25 15:39:01', 2),
(642, 438, 2, 1, 'Input new item from Excel', 0, 1, '2019-02-03 00:00:00', 1, '', '2024-07-25 08:39:01', 2, '2024-07-25 15:39:01', 2),
(643, 439, 2, 1, 'Input new item from Excel', 0, 1, '2019-02-04 00:00:00', 1, '', '2024-07-25 08:39:01', 2, '2024-07-25 15:39:01', 2),
(644, 440, 2, 1, 'Input new item from Excel', 0, 1, '2019-02-05 00:00:00', 1, '', '2024-07-25 08:39:01', 2, '2024-07-25 15:39:01', 2),
(645, 441, 2, 1, 'Input new item from Excel', 0, 1, '2020-02-05 00:00:00', 1, '', '2024-07-25 08:39:01', 2, '2024-07-25 15:39:01', 2),
(646, 442, 2, 1, 'Input new item from Excel', 0, 1, '2020-02-06 00:00:00', 1, '', '2024-07-25 08:39:01', 2, '2024-07-25 15:39:01', 2),
(647, 443, 2, 1, 'Input new item from Excel', 0, 1, '2022-02-06 00:00:00', 1, '', '2024-07-25 08:39:01', 2, '2024-07-25 15:39:01', 2),
(648, 444, 2, 1, 'Input new item from Excel', 0, 1, '2023-02-06 00:00:00', 1, '', '2024-07-25 08:39:01', 2, '2024-07-25 15:39:01', 2),
(649, 445, 2, 1, 'Input new item from Excel', 0, 1, '2023-02-07 00:00:00', 1, '', '2024-07-25 08:39:01', 2, '2024-07-25 15:39:01', 2),
(650, 446, 2, 1, 'Input new item from Excel', 0, 1, '2023-02-08 00:00:00', 1, '', '2024-07-25 08:39:01', 2, '2024-07-25 15:39:01', 2),
(651, 447, 2, 1, 'Input new item from Excel', 0, 1, '2023-02-09 00:00:00', 1, '', '2024-07-25 08:39:01', 2, '2024-07-25 15:39:01', 2),
(652, 448, 2, 1, 'Input new item from Excel', 0, 1, '2023-02-10 00:00:00', 1, '', '2024-07-25 08:39:01', 2, '2024-07-25 15:39:01', 2),
(653, 449, 2, 1, 'Input new item from Excel', 0, 1, '2023-02-11 00:00:00', 1, '', '2024-07-25 08:39:01', 2, '2024-07-25 15:39:01', 2),
(654, 450, 2, 1, 'Input new item from Excel', 0, 1, '2023-02-12 00:00:00', 1, '', '2024-07-25 08:39:01', 2, '2024-07-25 15:39:01', 2),
(655, 451, 2, 1, 'Input new item from Excel', 0, 1, '2023-02-13 00:00:00', 1, '', '2024-07-25 08:39:01', 2, '2024-07-25 15:39:01', 2),
(656, 452, 2, 1, 'Input new item from Excel', 0, 1, '2023-02-14 00:00:00', 1, '', '2024-07-25 08:39:01', 2, '2024-07-25 15:39:01', 2),
(657, 453, 2, 1, 'Input new item from Excel', 0, 1, '2023-02-15 00:00:00', 1, '', '2024-07-25 08:39:01', 2, '2024-07-25 15:39:01', 2),
(658, 454, 2, 1, 'Input new item from Excel', 0, 1, '2023-02-16 00:00:00', 1, '', '2024-07-25 08:39:01', 2, '2024-07-25 15:39:01', 2),
(659, 455, 2, 1, 'Input new item from Excel', 0, 1, '2023-02-17 00:00:00', 1, '', '2024-07-25 08:39:01', 2, '2024-07-25 15:39:01', 2),
(660, 456, 2, 1, 'Input new item from Excel', 0, 1, '2023-02-18 00:00:00', 1, '', '2024-07-25 08:39:01', 2, '2024-07-25 15:39:01', 2),
(661, 457, 2, 1, 'Input new item from Excel', 0, 1, '2023-02-19 00:00:00', 1, '', '2024-07-25 08:39:01', 2, '2024-07-25 15:39:01', 2),
(662, 458, 2, 1, 'Input new item from Excel', 0, 1, '2023-02-20 00:00:00', 1, '', '2024-07-25 08:39:01', 2, '2024-07-25 15:39:01', 2),
(663, 459, 2, 1, 'Input new item from Excel', 0, 1, '2023-02-21 00:00:00', 1, '', '2024-07-25 08:39:01', 2, '2024-07-25 15:39:01', 2),
(664, 460, 2, 1, 'Input new item from Excel', 0, 1, '2023-02-22 00:00:00', 1, '', '2024-07-25 08:39:01', 2, '2024-07-25 15:39:01', 2),
(665, 461, 2, 1, 'Input new item from Excel', 0, 1, '2023-02-23 00:00:00', 1, '', '2024-07-25 08:39:01', 2, '2024-07-25 15:39:01', 2),
(666, 462, 2, 1, 'Input new item from Excel', 0, 1, '2023-02-24 00:00:00', 1, '', '2024-07-25 08:39:01', 2, '2024-07-25 15:39:01', 2),
(667, 463, 2, 1, 'Input new item from Excel', 0, 1, '2023-02-25 00:00:00', 1, '', '2024-07-25 08:39:01', 2, '2024-07-25 15:39:01', 2),
(668, 464, 2, 1, 'Input new item from Excel', 0, 1, '2023-02-26 00:00:00', 1, '', '2024-07-25 08:39:01', 2, '2024-07-25 15:39:01', 2),
(669, 465, 2, 1, 'Input new item from Excel', 0, 1, '2023-02-27 00:00:00', 1, '', '2024-07-25 08:39:01', 2, '2024-07-25 15:39:01', 2),
(670, 466, 2, 1, 'Input new item from Excel', 0, 1, '2023-02-28 00:00:00', 1, '', '2024-07-25 08:39:01', 2, '2024-07-25 15:39:01', 2),
(671, 467, 2, 1, 'Input new item from Excel', 0, 1, '2023-03-01 00:00:00', 1, '', '2024-07-25 08:39:01', 2, '2024-07-25 15:39:01', 2),
(672, 468, 2, 1, 'Input new item from Excel', 0, 1, '2023-03-02 00:00:00', 1, '', '2024-07-25 08:39:01', 2, '2024-07-25 15:39:01', 2),
(673, 469, 2, 1, 'Input new item from Excel', 0, 1, '2023-03-03 00:00:00', 1, '', '2024-07-25 08:39:01', 2, '2024-07-25 15:39:01', 2),
(674, 404, 2, 1, 'Update new item from Excel', 1, 1, '2011-01-01 00:00:00', 1, '', '2024-07-25 08:39:07', 2, '2024-07-25 15:39:07', 2),
(675, 405, 2, 1, 'Update new item from Excel', 1, 1, '2011-01-01 00:00:00', 1, '', '2024-07-25 08:39:07', 2, '2024-07-25 15:39:07', 2),
(676, 406, 2, 1, 'Update new item from Excel', 1, 1, '2011-01-01 00:00:00', 1, '', '2024-07-25 08:39:07', 2, '2024-07-25 15:39:07', 2),
(677, 407, 2, 1, 'Update new item from Excel', 1, 1, '2013-01-01 00:00:00', 1, '', '2024-07-25 08:39:07', 2, '2024-07-25 15:39:07', 2),
(678, 408, 2, 1, 'Update new item from Excel', 1, 1, '2014-01-05 00:00:00', 1, '', '2024-07-25 08:39:07', 2, '2024-07-25 15:39:07', 2),
(679, 409, 2, 1, 'Update new item from Excel', 1, 1, '2014-01-06 00:00:00', 1, '', '2024-07-25 08:39:07', 2, '2024-07-25 15:39:07', 2),
(680, 410, 2, 1, 'Update new item from Excel', 1, 1, '2014-01-07 00:00:00', 1, '', '2024-07-25 08:39:07', 2, '2024-07-25 15:39:07', 2),
(681, 411, 2, 1, 'Update new item from Excel', 1, 1, '2014-01-08 00:00:00', 1, '', '2024-07-25 08:39:07', 2, '2024-07-25 15:39:07', 2),
(682, 412, 2, 1, 'Update new item from Excel', 1, 1, '2014-01-09 00:00:00', 1, '', '2024-07-25 08:39:07', 2, '2024-07-25 15:39:07', 2),
(683, 413, 2, 1, 'Update new item from Excel', 1, 1, '2014-01-10 00:00:00', 1, '', '2024-07-25 08:39:07', 2, '2024-07-25 15:39:07', 2),
(684, 414, 2, 1, 'Update new item from Excel', 1, 1, '2014-01-11 00:00:00', 1, '', '2024-07-25 08:39:07', 2, '2024-07-25 15:39:07', 2),
(685, 415, 2, 1, 'Update new item from Excel', 1, 1, '2014-01-12 00:00:00', 1, '', '2024-07-25 08:39:07', 2, '2024-07-25 15:39:07', 2),
(686, 416, 2, 1, 'Update new item from Excel', 1, 1, '2014-01-13 00:00:00', 1, '', '2024-07-25 08:39:07', 2, '2024-07-25 15:39:07', 2),
(687, 417, 2, 1, 'Update new item from Excel', 1, 1, '2014-01-14 00:00:00', 1, '', '2024-07-25 08:39:07', 2, '2024-07-25 15:39:07', 2),
(688, 418, 2, 1, 'Update new item from Excel', 1, 1, '2014-01-14 00:00:00', 1, '', '2024-07-25 08:39:07', 2, '2024-07-25 15:39:07', 2),
(689, 419, 2, 1, 'Update new item from Excel', 1, 1, '2014-01-15 00:00:00', 1, '', '2024-07-25 08:39:07', 2, '2024-07-25 15:39:07', 2),
(690, 420, 2, 1, 'Update new item from Excel', 1, 1, '2014-01-16 00:00:00', 1, '', '2024-07-25 08:39:07', 2, '2024-07-25 15:39:07', 2),
(691, 421, 2, 1, 'Update new item from Excel', 1, 1, '2014-01-17 00:00:00', 1, '', '2024-07-25 08:39:07', 2, '2024-07-25 15:39:07', 2),
(692, 422, 2, 1, 'Update new item from Excel', 1, 1, '2014-01-18 00:00:00', 1, '', '2024-07-25 08:39:07', 2, '2024-07-25 15:39:07', 2),
(693, 423, 2, 1, 'Update new item from Excel', 1, 1, '2014-01-19 00:00:00', 1, '', '2024-07-25 08:39:07', 2, '2024-07-25 15:39:07', 2),
(694, 424, 2, 1, 'Update new item from Excel', 1, 1, '2014-01-20 00:00:00', 1, '', '2024-07-25 08:39:07', 2, '2024-07-25 15:39:07', 2),
(695, 425, 2, 1, 'Update new item from Excel', 1, 1, '2014-01-21 00:00:00', 1, '', '2024-07-25 08:39:07', 2, '2024-07-25 15:39:07', 2),
(696, 426, 2, 1, 'Update new item from Excel', 1, 1, '2014-01-22 00:00:00', 1, '', '2024-07-25 08:39:07', 2, '2024-07-25 15:39:07', 2),
(697, 427, 2, 1, 'Update new item from Excel', 1, 1, '2014-01-23 00:00:00', 1, '', '2024-07-25 08:39:07', 2, '2024-07-25 15:39:07', 2),
(698, 428, 2, 1, 'Update new item from Excel', 1, 1, '2015-01-25 00:00:00', 1, '', '2024-07-25 08:39:07', 2, '2024-07-25 15:39:07', 2),
(699, 429, 2, 1, 'Update new item from Excel', 1, 1, '2015-01-26 00:00:00', 1, '', '2024-07-25 08:39:07', 2, '2024-07-25 15:39:07', 2),
(700, 430, 2, 1, 'Update new item from Excel', 1, 1, '2015-01-27 00:00:00', 1, '', '2024-07-25 08:39:07', 2, '2024-07-25 15:39:07', 2),
(701, 431, 2, 1, 'Update new item from Excel', 1, 1, '2016-01-27 00:00:00', 1, '', '2024-07-25 08:39:07', 2, '2024-07-25 15:39:07', 2),
(702, 432, 2, 1, 'Update new item from Excel', 1, 1, '2016-01-28 00:00:00', 1, '', '2024-07-25 08:39:07', 2, '2024-07-25 15:39:07', 2),
(703, 433, 2, 1, 'Update new item from Excel', 1, 1, '2018-01-30 00:00:00', 1, '', '2024-07-25 08:39:07', 2, '2024-07-25 15:39:07', 2),
(704, 434, 2, 1, 'Update new item from Excel', 1, 1, '2018-01-31 00:00:00', 1, '', '2024-07-25 08:39:07', 2, '2024-07-25 15:39:07', 2),
(705, 435, 2, 1, 'Update new item from Excel', 1, 1, '2018-02-01 00:00:00', 1, '', '2024-07-25 08:39:07', 2, '2024-07-25 15:39:07', 2),
(706, 436, 2, 1, 'Update new item from Excel', 1, 1, '2019-02-01 00:00:00', 1, '', '2024-07-25 08:39:07', 2, '2024-07-25 15:39:07', 2),
(707, 437, 2, 1, 'Update new item from Excel', 1, 1, '2019-02-02 00:00:00', 1, '', '2024-07-25 08:39:07', 2, '2024-07-25 15:39:07', 2),
(708, 438, 2, 1, 'Update new item from Excel', 1, 1, '2019-02-03 00:00:00', 1, '', '2024-07-25 08:39:07', 2, '2024-07-25 15:39:07', 2),
(709, 439, 2, 1, 'Update new item from Excel', 1, 1, '2019-02-04 00:00:00', 1, '', '2024-07-25 08:39:07', 2, '2024-07-25 15:39:07', 2),
(710, 440, 2, 1, 'Update new item from Excel', 1, 1, '2019-02-05 00:00:00', 1, '', '2024-07-25 08:39:07', 2, '2024-07-25 15:39:07', 2),
(711, 441, 2, 1, 'Update new item from Excel', 1, 1, '2020-02-05 00:00:00', 1, '', '2024-07-25 08:39:07', 2, '2024-07-25 15:39:07', 2),
(712, 442, 2, 1, 'Update new item from Excel', 1, 1, '2020-02-06 00:00:00', 1, '', '2024-07-25 08:39:07', 2, '2024-07-25 15:39:07', 2),
(713, 443, 2, 1, 'Update new item from Excel', 1, 1, '2022-02-06 00:00:00', 1, '', '2024-07-25 08:39:07', 2, '2024-07-25 15:39:07', 2),
(714, 444, 2, 1, 'Update new item from Excel', 1, 1, '2023-02-06 00:00:00', 1, '', '2024-07-25 08:39:07', 2, '2024-07-25 15:39:07', 2),
(715, 445, 2, 1, 'Update new item from Excel', 1, 1, '2023-02-07 00:00:00', 1, '', '2024-07-25 08:39:07', 2, '2024-07-25 15:39:07', 2),
(716, 446, 2, 1, 'Update new item from Excel', 1, 1, '2023-02-08 00:00:00', 1, '', '2024-07-25 08:39:07', 2, '2024-07-25 15:39:07', 2),
(717, 447, 2, 1, 'Update new item from Excel', 1, 1, '2023-02-09 00:00:00', 1, '', '2024-07-25 08:39:07', 2, '2024-07-25 15:39:07', 2),
(718, 448, 2, 1, 'Update new item from Excel', 1, 1, '2023-02-10 00:00:00', 1, '', '2024-07-25 08:39:07', 2, '2024-07-25 15:39:07', 2),
(719, 449, 2, 1, 'Update new item from Excel', 1, 1, '2023-02-11 00:00:00', 1, '', '2024-07-25 08:39:07', 2, '2024-07-25 15:39:07', 2),
(720, 450, 2, 1, 'Update new item from Excel', 1, 1, '2023-02-12 00:00:00', 1, '', '2024-07-25 08:39:07', 2, '2024-07-25 15:39:07', 2),
(721, 451, 2, 1, 'Update new item from Excel', 1, 1, '2023-02-13 00:00:00', 1, '', '2024-07-25 08:39:07', 2, '2024-07-25 15:39:07', 2),
(722, 452, 2, 1, 'Update new item from Excel', 1, 1, '2023-02-14 00:00:00', 1, '', '2024-07-25 08:39:07', 2, '2024-07-25 15:39:07', 2),
(723, 453, 2, 1, 'Update new item from Excel', 1, 1, '2023-02-15 00:00:00', 1, '', '2024-07-25 08:39:07', 2, '2024-07-25 15:39:07', 2),
(724, 454, 2, 1, 'Update new item from Excel', 1, 1, '2023-02-16 00:00:00', 1, '', '2024-07-25 08:39:07', 2, '2024-07-25 15:39:07', 2),
(725, 455, 2, 1, 'Update new item from Excel', 1, 1, '2023-02-17 00:00:00', 1, '', '2024-07-25 08:39:07', 2, '2024-07-25 15:39:07', 2),
(726, 456, 2, 1, 'Update new item from Excel', 1, 1, '2023-02-18 00:00:00', 1, '', '2024-07-25 08:39:07', 2, '2024-07-25 15:39:07', 2),
(727, 457, 2, 1, 'Update new item from Excel', 1, 1, '2023-02-19 00:00:00', 1, '', '2024-07-25 08:39:07', 2, '2024-07-25 15:39:07', 2),
(728, 458, 2, 1, 'Update new item from Excel', 1, 1, '2023-02-20 00:00:00', 1, '', '2024-07-25 08:39:07', 2, '2024-07-25 15:39:07', 2),
(729, 459, 2, 1, 'Update new item from Excel', 1, 1, '2023-02-21 00:00:00', 1, '', '2024-07-25 08:39:07', 2, '2024-07-25 15:39:07', 2),
(730, 460, 2, 1, 'Update new item from Excel', 1, 1, '2023-02-22 00:00:00', 1, '', '2024-07-25 08:39:07', 2, '2024-07-25 15:39:07', 2),
(731, 461, 2, 1, 'Update new item from Excel', 1, 1, '2023-02-23 00:00:00', 1, '', '2024-07-25 08:39:07', 2, '2024-07-25 15:39:07', 2),
(732, 462, 2, 1, 'Update new item from Excel', 1, 1, '2023-02-24 00:00:00', 1, '', '2024-07-25 08:39:07', 2, '2024-07-25 15:39:07', 2);
INSERT INTO `m_log` (`id`, `id_item`, `id_warehouse`, `description`, `reason`, `qty1`, `balance`, `back_date`, `qty2`, `file`, `created_at`, `created_by`, `updated_at`, `updated_by`) VALUES
(733, 463, 2, 1, 'Update new item from Excel', 1, 1, '2023-02-25 00:00:00', 1, '', '2024-07-25 08:39:07', 2, '2024-07-25 15:39:07', 2),
(734, 464, 2, 1, 'Update new item from Excel', 1, 1, '2023-02-26 00:00:00', 1, '', '2024-07-25 08:39:07', 2, '2024-07-25 15:39:07', 2),
(735, 465, 2, 1, 'Update new item from Excel', 1, 1, '2023-02-27 00:00:00', 1, '', '2024-07-25 08:39:07', 2, '2024-07-25 15:39:07', 2),
(736, 466, 2, 1, 'Update new item from Excel', 1, 1, '2023-02-28 00:00:00', 1, '', '2024-07-25 08:39:07', 2, '2024-07-25 15:39:07', 2),
(737, 467, 2, 1, 'Update new item from Excel', 1, 1, '2023-03-01 00:00:00', 1, '', '2024-07-25 08:39:07', 2, '2024-07-25 15:39:07', 2),
(738, 468, 2, 1, 'Update new item from Excel', 1, 1, '2023-03-02 00:00:00', 1, '', '2024-07-25 08:39:07', 2, '2024-07-25 15:39:07', 2),
(739, 469, 2, 1, 'Update new item from Excel', 1, 1, '2023-03-03 00:00:00', 1, '', '2024-07-25 08:39:07', 2, '2024-07-25 15:39:07', 2),
(740, 470, 2, 1, 'Input new item from Excel', 0, 1, '2014-01-01 00:00:00', 1, '', '2024-07-25 08:39:11', 2, '2024-07-25 15:39:11', 2),
(741, 471, 2, 1, 'Input new item from Excel', 0, 1, '2014-01-02 00:00:00', 1, '', '2024-07-25 08:39:11', 2, '2024-07-25 15:39:11', 2),
(742, 472, 2, 1, 'Input new item from Excel', 0, 1, '2014-01-01 00:00:00', 1, '', '2024-07-25 08:39:16', 2, '2024-07-25 15:39:16', 2),
(743, 473, 2, 1, 'Input new item from Excel', 0, 1, '2014-01-02 00:00:00', 1, '', '2024-07-25 08:39:16', 2, '2024-07-25 15:39:16', 2),
(744, 474, 2, 1, 'Input new item from Excel', 0, 1, '2014-01-01 00:00:00', 1, '', '2024-07-25 08:39:21', 2, '2024-07-25 15:39:21', 2),
(745, 475, 2, 1, 'Input new item from Excel', 0, 1, '2014-01-02 00:00:00', 1, '', '2024-07-25 08:39:21', 2, '2024-07-25 15:39:21', 2),
(746, 476, 2, 1, 'Input new item from Excel', 0, 1, '2014-01-03 00:00:00', 1, '', '2024-07-25 08:39:21', 2, '2024-07-25 15:39:21', 2),
(747, 477, 2, 1, 'Input new item from Excel', 0, 1, '2014-01-04 00:00:00', 1, '', '2024-07-25 08:39:21', 2, '2024-07-25 15:39:21', 2),
(748, 478, 2, 1, 'Input new item from Excel', 0, 1, '2014-01-05 00:00:00', 1, '', '2024-07-25 08:39:21', 2, '2024-07-25 15:39:21', 2),
(749, 479, 2, 1, 'Input new item from Excel', 0, 1, '2014-01-06 00:00:00', 1, '', '2024-07-25 08:39:21', 2, '2024-07-25 15:39:21', 2),
(750, 480, 2, 1, 'Input new item from Excel', 0, 1, '2014-01-07 00:00:00', 1, '', '2024-07-25 08:39:21', 2, '2024-07-25 15:39:21', 2),
(751, 481, 2, 1, 'Input new item from Excel', 0, 1, '2015-01-08 00:00:00', 1, '', '2024-07-25 08:39:21', 2, '2024-07-25 15:39:21', 2),
(752, 482, 2, 1, 'Input new item from Excel', 0, 1, '2015-01-09 00:00:00', 1, '', '2024-07-25 08:39:21', 2, '2024-07-25 15:39:21', 2),
(753, 483, 2, 1, 'Input new item from Excel', 0, 1, '2015-01-10 00:00:00', 1, '', '2024-07-25 08:39:21', 2, '2024-07-25 15:39:21', 2),
(754, 484, 2, 1, 'Input new item from Excel', 0, 1, '2015-01-11 00:00:00', 1, '', '2024-07-25 08:39:21', 2, '2024-07-25 15:39:21', 2),
(755, 485, 2, 1, 'Input new item from Excel', 0, 1, '2015-01-12 00:00:00', 1, '', '2024-07-25 08:39:21', 2, '2024-07-25 15:39:21', 2),
(756, 486, 2, 1, 'Input new item from Excel', 0, 1, '2015-01-13 00:00:00', 1, '', '2024-07-25 08:39:21', 2, '2024-07-25 15:39:21', 2),
(757, 487, 2, 1, 'Input new item from Excel', 0, 1, '2015-01-14 00:00:00', 1, '', '2024-07-25 08:39:21', 2, '2024-07-25 15:39:21', 2),
(758, 488, 2, 1, 'Input new item from Excel', 0, 1, '2015-01-15 00:00:00', 1, '', '2024-07-25 08:39:21', 2, '2024-07-25 15:39:21', 2),
(759, 489, 2, 1, 'Input new item from Excel', 0, 1, '2015-01-16 00:00:00', 1, '', '2024-07-25 08:39:21', 2, '2024-07-25 15:39:21', 2),
(760, 490, 2, 1, 'Input new item from Excel', 0, 1, '2015-01-17 00:00:00', 1, '', '2024-07-25 08:39:21', 2, '2024-07-25 15:39:21', 2),
(761, 491, 2, 1, 'Input new item from Excel', 0, 1, '2015-01-18 00:00:00', 1, '', '2024-07-25 08:39:21', 2, '2024-07-25 15:39:21', 2),
(762, 492, 2, 1, 'Input new item from Excel', 0, 1, '2017-01-19 00:00:00', 1, '', '2024-07-25 08:39:21', 2, '2024-07-25 15:39:21', 2),
(763, 493, 2, 1, 'Input new item from Excel', 0, 1, '2017-01-20 00:00:00', 1, '', '2024-07-25 08:39:21', 2, '2024-07-25 15:39:21', 2),
(764, 494, 2, 1, 'Input new item from Excel', 0, 1, '2017-01-21 00:00:00', 1, '', '2024-07-25 08:39:21', 2, '2024-07-25 15:39:21', 2),
(765, 495, 2, 1, 'Input new item from Excel', 0, 1, '2017-01-22 00:00:00', 1, '', '2024-07-25 08:39:21', 2, '2024-07-25 15:39:21', 2),
(766, 496, 2, 1, 'Input new item from Excel', 0, 1, '2017-01-23 00:00:00', 1, '', '2024-07-25 08:39:21', 2, '2024-07-25 15:39:21', 2),
(767, 497, 2, 1, 'Input new item from Excel', 0, 1, '2017-01-24 00:00:00', 1, '', '2024-07-25 08:39:21', 2, '2024-07-25 15:39:21', 2),
(768, 498, 2, 1, 'Input new item from Excel', 0, 1, '2017-01-25 00:00:00', 1, '', '2024-07-25 08:39:21', 2, '2024-07-25 15:39:21', 2),
(769, 499, 2, 1, 'Input new item from Excel', 0, 1, '2014-01-26 00:00:00', 1, '', '2024-07-25 08:39:21', 2, '2024-07-25 15:39:21', 2),
(770, 500, 2, 1, 'Input new item from Excel', 0, 1, '2014-01-27 00:00:00', 1, '', '2024-07-25 08:39:21', 2, '2024-07-25 15:39:21', 2),
(771, 501, 2, 1, 'Input new item from Excel', 0, 1, '2014-01-28 00:00:00', 1, '', '2024-07-25 08:39:21', 2, '2024-07-25 15:39:21', 2),
(772, 502, 2, 1, 'Input new item from Excel', 0, 1, '2014-01-29 00:00:00', 1, '', '2024-07-25 08:39:21', 2, '2024-07-25 15:39:21', 2),
(773, 503, 2, 1, 'Input new item from Excel', 0, 1, '2014-01-30 00:00:00', 1, '', '2024-07-25 08:39:21', 2, '2024-07-25 15:39:21', 2),
(774, 504, 2, 1, 'Input new item from Excel', 0, 1, '2014-01-31 00:00:00', 1, '', '2024-07-25 08:39:21', 2, '2024-07-25 15:39:21', 2),
(775, 505, 2, 1, 'Input new item from Excel', 0, 1, '2014-02-01 00:00:00', 1, '', '2024-07-25 08:39:21', 2, '2024-07-25 15:39:21', 2),
(776, 506, 2, 1, 'Input new item from Excel', 0, 1, '2014-02-02 00:00:00', 1, '', '2024-07-25 08:39:21', 2, '2024-07-25 15:39:21', 2),
(777, 507, 2, 1, 'Input new item from Excel', 0, 1, '2014-02-03 00:00:00', 1, '', '2024-07-25 08:39:21', 2, '2024-07-25 15:39:21', 2),
(778, 508, 2, 1, 'Input new item from Excel', 0, 1, '2014-02-04 00:00:00', 1, '', '2024-07-25 08:39:21', 2, '2024-07-25 15:39:21', 2),
(779, 509, 2, 1, 'Input new item from Excel', 0, 1, '2014-02-05 00:00:00', 1, '', '2024-07-25 08:39:21', 2, '2024-07-25 15:39:21', 2),
(780, 474, 2, 1, 'Update new item from Excel', 1, 1, '2014-01-01 00:00:00', 1, '', '2024-07-25 08:39:21', 2, '2024-07-25 15:39:21', 2),
(781, 475, 2, 1, 'Update new item from Excel', 1, 1, '2014-01-02 00:00:00', 1, '', '2024-07-25 08:39:21', 2, '2024-07-25 15:39:21', 2),
(782, 476, 2, 1, 'Update new item from Excel', 1, 1, '2014-01-03 00:00:00', 1, '', '2024-07-25 08:39:21', 2, '2024-07-25 15:39:21', 2),
(783, 477, 2, 1, 'Update new item from Excel', 1, 1, '2014-01-04 00:00:00', 1, '', '2024-07-25 08:39:21', 2, '2024-07-25 15:39:21', 2),
(784, 478, 2, 1, 'Update new item from Excel', 1, 1, '2014-01-05 00:00:00', 1, '', '2024-07-25 08:39:21', 2, '2024-07-25 15:39:21', 2),
(785, 479, 2, 1, 'Update new item from Excel', 1, 1, '2014-01-06 00:00:00', 1, '', '2024-07-25 08:39:21', 2, '2024-07-25 15:39:21', 2),
(786, 480, 2, 1, 'Update new item from Excel', 1, 1, '2014-01-07 00:00:00', 1, '', '2024-07-25 08:39:21', 2, '2024-07-25 15:39:21', 2),
(787, 481, 2, 1, 'Update new item from Excel', 1, 1, '2015-01-08 00:00:00', 1, '', '2024-07-25 08:39:21', 2, '2024-07-25 15:39:21', 2),
(788, 482, 2, 1, 'Update new item from Excel', 1, 1, '2015-01-09 00:00:00', 1, '', '2024-07-25 08:39:21', 2, '2024-07-25 15:39:21', 2),
(789, 483, 2, 1, 'Update new item from Excel', 1, 1, '2015-01-10 00:00:00', 1, '', '2024-07-25 08:39:21', 2, '2024-07-25 15:39:21', 2),
(790, 484, 2, 1, 'Update new item from Excel', 1, 1, '2015-01-11 00:00:00', 1, '', '2024-07-25 08:39:21', 2, '2024-07-25 15:39:21', 2),
(791, 485, 2, 1, 'Update new item from Excel', 1, 1, '2015-01-12 00:00:00', 1, '', '2024-07-25 08:39:21', 2, '2024-07-25 15:39:21', 2),
(792, 486, 2, 1, 'Update new item from Excel', 1, 1, '2015-01-13 00:00:00', 1, '', '2024-07-25 08:39:21', 2, '2024-07-25 15:39:21', 2),
(793, 487, 2, 1, 'Update new item from Excel', 1, 1, '2015-01-14 00:00:00', 1, '', '2024-07-25 08:39:21', 2, '2024-07-25 15:39:21', 2),
(794, 488, 2, 1, 'Update new item from Excel', 1, 1, '2015-01-15 00:00:00', 1, '', '2024-07-25 08:39:21', 2, '2024-07-25 15:39:21', 2),
(795, 489, 2, 1, 'Update new item from Excel', 1, 1, '2015-01-16 00:00:00', 1, '', '2024-07-25 08:39:21', 2, '2024-07-25 15:39:21', 2),
(796, 490, 2, 1, 'Update new item from Excel', 1, 1, '2015-01-17 00:00:00', 1, '', '2024-07-25 08:39:21', 2, '2024-07-25 15:39:21', 2),
(797, 491, 2, 1, 'Update new item from Excel', 1, 1, '2015-01-18 00:00:00', 1, '', '2024-07-25 08:39:21', 2, '2024-07-25 15:39:21', 2),
(798, 492, 2, 1, 'Update new item from Excel', 1, 1, '2017-01-19 00:00:00', 1, '', '2024-07-25 08:39:21', 2, '2024-07-25 15:39:21', 2),
(799, 493, 2, 1, 'Update new item from Excel', 1, 1, '2017-01-20 00:00:00', 1, '', '2024-07-25 08:39:21', 2, '2024-07-25 15:39:21', 2),
(800, 494, 2, 1, 'Update new item from Excel', 1, 1, '2017-01-21 00:00:00', 1, '', '2024-07-25 08:39:21', 2, '2024-07-25 15:39:21', 2),
(801, 495, 2, 1, 'Update new item from Excel', 1, 1, '2017-01-22 00:00:00', 1, '', '2024-07-25 08:39:21', 2, '2024-07-25 15:39:21', 2),
(802, 496, 2, 1, 'Update new item from Excel', 1, 1, '2017-01-23 00:00:00', 1, '', '2024-07-25 08:39:21', 2, '2024-07-25 15:39:21', 2),
(803, 497, 2, 1, 'Update new item from Excel', 1, 1, '2017-01-24 00:00:00', 1, '', '2024-07-25 08:39:21', 2, '2024-07-25 15:39:21', 2),
(804, 498, 2, 1, 'Update new item from Excel', 1, 1, '2017-01-25 00:00:00', 1, '', '2024-07-25 08:39:21', 2, '2024-07-25 15:39:21', 2),
(805, 499, 2, 1, 'Update new item from Excel', 1, 1, '2014-01-26 00:00:00', 1, '', '2024-07-25 08:39:21', 2, '2024-07-25 15:39:21', 2),
(806, 500, 2, 1, 'Update new item from Excel', 1, 1, '2014-01-27 00:00:00', 1, '', '2024-07-25 08:39:21', 2, '2024-07-25 15:39:21', 2),
(807, 501, 2, 1, 'Update new item from Excel', 1, 1, '2014-01-28 00:00:00', 1, '', '2024-07-25 08:39:21', 2, '2024-07-25 15:39:21', 2),
(808, 502, 2, 1, 'Update new item from Excel', 1, 1, '2014-01-29 00:00:00', 1, '', '2024-07-25 08:39:21', 2, '2024-07-25 15:39:21', 2),
(809, 503, 2, 1, 'Update new item from Excel', 1, 1, '2014-01-30 00:00:00', 1, '', '2024-07-25 08:39:21', 2, '2024-07-25 15:39:21', 2),
(810, 504, 2, 1, 'Update new item from Excel', 1, 1, '2014-01-31 00:00:00', 1, '', '2024-07-25 08:39:21', 2, '2024-07-25 15:39:21', 2),
(811, 505, 2, 1, 'Update new item from Excel', 1, 1, '2014-02-01 00:00:00', 1, '', '2024-07-25 08:39:21', 2, '2024-07-25 15:39:21', 2),
(812, 506, 2, 1, 'Update new item from Excel', 1, 1, '2014-02-02 00:00:00', 1, '', '2024-07-25 08:39:21', 2, '2024-07-25 15:39:21', 2),
(813, 507, 2, 1, 'Update new item from Excel', 1, 1, '2014-02-03 00:00:00', 1, '', '2024-07-25 08:39:21', 2, '2024-07-25 15:39:21', 2),
(814, 508, 2, 1, 'Update new item from Excel', 1, 1, '2014-02-04 00:00:00', 1, '', '2024-07-25 08:39:21', 2, '2024-07-25 15:39:21', 2),
(815, 509, 2, 1, 'Update new item from Excel', 1, 1, '2014-02-05 00:00:00', 1, '', '2024-07-25 08:39:21', 2, '2024-07-25 15:39:21', 2),
(816, 510, 2, 1, 'Input new item from Excel', 0, 1, '2011-01-01 00:00:00', 1, '', '2024-07-25 08:39:25', 2, '2024-07-25 15:39:25', 2),
(817, 511, 2, 1, 'Input new item from Excel', 0, 1, '2011-01-01 00:00:00', 1, '', '2024-07-25 08:39:25', 2, '2024-07-25 15:39:25', 2),
(818, 512, 2, 1, 'Input new item from Excel', 0, 1, '2011-01-01 00:00:00', 1, '', '2024-07-25 08:39:25', 2, '2024-07-25 15:39:25', 2),
(819, 513, 2, 1, 'Input new item from Excel', 0, 1, '2013-01-01 00:00:00', 1, '', '2024-07-25 08:39:25', 2, '2024-07-25 15:39:25', 2),
(820, 514, 2, 1, 'Input new item from Excel', 0, 1, '2014-01-05 00:00:00', 1, '', '2024-07-25 08:39:25', 2, '2024-07-25 15:39:25', 2),
(821, 515, 2, 1, 'Input new item from Excel', 0, 1, '2014-01-06 00:00:00', 1, '', '2024-07-25 08:39:25', 2, '2024-07-25 15:39:25', 2),
(822, 516, 2, 1, 'Input new item from Excel', 0, 1, '2014-01-07 00:00:00', 1, '', '2024-07-25 08:39:25', 2, '2024-07-25 15:39:25', 2),
(823, 517, 2, 1, 'Input new item from Excel', 0, 1, '2014-01-08 00:00:00', 1, '', '2024-07-25 08:39:25', 2, '2024-07-25 15:39:25', 2),
(824, 518, 2, 1, 'Input new item from Excel', 0, 1, '2011-01-01 00:00:00', 1, '', '2024-07-25 08:39:30', 2, '2024-07-25 15:39:30', 2),
(825, 519, 2, 1, 'Input new item from Excel', 0, 1, '2011-01-01 00:00:00', 1, '', '2024-07-25 08:39:30', 2, '2024-07-25 15:39:30', 2),
(826, 520, 2, 1, 'Input new item from Excel', 0, 1, '2013-01-01 00:00:00', 1, '', '2024-07-25 08:39:30', 2, '2024-07-25 15:39:30', 2),
(827, 521, 2, 1, 'Input new item from Excel', 0, 1, '2014-01-05 00:00:00', 1, '', '2024-07-25 08:39:30', 2, '2024-07-25 15:39:30', 2),
(828, 522, 2, 1, 'Input new item from Excel', 0, 1, '2011-01-01 00:00:00', 1, '', '2024-07-25 08:39:36', 2, '2024-07-25 15:39:36', 2),
(829, 523, 2, 1, 'Input new item from Excel', 0, 1, '2011-01-01 00:00:00', 1, '', '2024-07-25 08:39:36', 2, '2024-07-25 15:39:36', 2),
(830, 524, 2, 1, 'Input new item from Excel', 0, 1, '2011-01-01 00:00:00', 1, '', '2024-07-25 08:39:36', 2, '2024-07-25 15:39:36', 2),
(831, 525, 2, 1, 'Input new item from Excel', 0, 1, '2013-01-01 00:00:00', 1, '', '2024-07-25 08:39:36', 2, '2024-07-25 15:39:36', 2),
(832, 526, 2, 1, 'Input new item from Excel', 0, 1, '2014-01-05 00:00:00', 1, '', '2024-07-25 08:39:36', 2, '2024-07-25 15:39:36', 2),
(833, 527, 2, 1, 'Input new item from Excel', 0, 1, '2014-01-06 00:00:00', 1, '', '2024-07-25 08:39:36', 2, '2024-07-25 15:39:36', 2),
(834, 528, 2, 1, 'Input new item from Excel', 0, 1, '2014-01-07 00:00:00', 1, '', '2024-07-25 08:39:36', 2, '2024-07-25 15:39:36', 2),
(835, 529, 2, 1, 'Input new item from Excel', 0, 1, '2014-01-08 00:00:00', 1, '', '2024-07-25 08:39:36', 2, '2024-07-25 15:39:36', 2);

-- --------------------------------------------------------

--
-- Table structure for table `m_origin`
--

CREATE TABLE `m_origin` (
  `id` int(11) NOT NULL,
  `label` varchar(255) NOT NULL,
  `created_at` datetime NOT NULL DEFAULT current_timestamp(),
  `created_by` int(11) NOT NULL,
  `updated_at` datetime NOT NULL DEFAULT current_timestamp(),
  `updated_by` int(11) NOT NULL
) ENGINE=InnoDB DEFAULT CHARSET=utf8mb4;

--
-- Dumping data for table `m_origin`
--

INSERT INTO `m_origin` (`id`, `label`, `created_at`, `created_by`, `updated_at`, `updated_by`) VALUES
(3, 'Indonesia', '2024-02-23 13:50:35', 0, '2024-02-23 13:50:35', 0),
(6, 'China', '2024-04-02 14:31:34', 1, '2024-05-29 15:01:59', 3),
(7, 'USA', '2024-05-29 16:02:08', 3, '2024-05-29 16:02:08', 3),
(8, 'Philipines', '2024-05-29 16:02:43', 3, '2024-05-29 16:02:43', 3),
(9, 'India', '2024-05-29 16:02:51', 3, '2024-05-29 16:02:51', 3),
(10, 'Malaysia', '2024-05-29 16:03:02', 3, '2024-05-29 16:03:02', 3);

-- --------------------------------------------------------

--
-- Table structure for table `m_role`
--

CREATE TABLE `m_role` (
  `id` int(11) NOT NULL,
  `label` varchar(255) NOT NULL,
  `level` int(11) NOT NULL,
  `status` int(11) NOT NULL,
  `created_at` datetime NOT NULL DEFAULT current_timestamp(),
  `created_by` int(11) NOT NULL,
  `updated_at` datetime NOT NULL DEFAULT current_timestamp(),
  `updated_by` int(11) NOT NULL
) ENGINE=InnoDB DEFAULT CHARSET=utf8mb4;

--
-- Dumping data for table `m_role`
--

INSERT INTO `m_role` (`id`, `label`, `level`, `status`, `created_at`, `created_by`, `updated_at`, `updated_by`) VALUES
(1, 'Super Admin', 1, 1, '2023-12-14 11:34:24', 1, '2023-12-14 11:34:24', 1),
(2, 'Admin', 2, 1, '2023-12-14 13:55:32', 1, '2023-12-14 14:19:19', 1),
(3, 'Operator', 3, 1, '2024-01-22 13:29:18', 1, '2024-04-02 14:37:00', 1),
(4, 'User', 4, 1, '2024-01-22 13:31:47', 1, '2024-01-22 13:31:47', 1);

-- --------------------------------------------------------

--
-- Table structure for table `m_status`
--

CREATE TABLE `m_status` (
  `id` int(11) NOT NULL,
  `label` varchar(255) NOT NULL,
  `created_at` datetime NOT NULL DEFAULT current_timestamp(),
  `created_by` int(11) NOT NULL,
  `updated_at` datetime NOT NULL DEFAULT current_timestamp(),
  `updated_by` int(11) NOT NULL
) ENGINE=InnoDB DEFAULT CHARSET=utf8mb4;

--
-- Dumping data for table `m_status`
--

INSERT INTO `m_status` (`id`, `label`, `created_at`, `created_by`, `updated_at`, `updated_by`) VALUES
(1, 'NJIS', '2024-07-25 15:38:34', 2, '2024-07-25 15:38:34', 2),
(2, 'Removal', '2024-07-25 15:38:34', 2, '2024-07-25 15:38:34', 2),
(3, 'Normal', '2024-07-25 15:38:34', 2, '2024-07-25 15:38:34', 2),
(4, 'Demaged', '2024-07-25 15:38:51', 2, '2024-07-25 15:38:51', 2),
(5, 'Maintenance', '2024-07-25 15:38:56', 2, '2024-07-25 15:38:56', 2);

-- --------------------------------------------------------

--
-- Table structure for table `m_stock`
--

CREATE TABLE `m_stock` (
  `id` int(11) NOT NULL,
  `id_item` int(11) NOT NULL,
  `id_group` int(11) DEFAULT 0,
  `id_warehouse` int(11) NOT NULL,
  `asset` int(11) NOT NULL,
  `allocation` int(11) NOT NULL,
  `qty` int(11) NOT NULL,
  `limits` int(11) DEFAULT 0,
  `status` int(11) NOT NULL DEFAULT 1,
  `remark` varchar(255) NOT NULL DEFAULT '-',
  `location` int(11) NOT NULL DEFAULT 1,
  `created_at` datetime NOT NULL DEFAULT current_timestamp(),
  `created_by` int(11) NOT NULL,
  `updated_at` datetime NOT NULL DEFAULT current_timestamp(),
  `updated_by` int(11) NOT NULL
) ENGINE=InnoDB DEFAULT CHARSET=utf8mb4;

--
-- Dumping data for table `m_stock`
--

INSERT INTO `m_stock` (`id`, `id_item`, `id_group`, `id_warehouse`, `asset`, `allocation`, `qty`, `limits`, `status`, `remark`, `location`, `created_at`, `created_by`, `updated_at`, `updated_by`) VALUES
(1, 2, 0, 2, 0, 0, 1, 0, 1, '-', 1, '2024-05-29 16:03:43', 3, '2024-05-29 16:07:42', 3),
(2, 3, 0, 2, 0, 0, 0, 0, 1, '-', 1, '2024-05-29 16:11:41', 3, '2024-05-29 16:17:31', 3),
(3, 4, 0, 2, 0, 0, 5, 0, 1, '-', 1, '2024-05-29 16:31:10', 3, '2024-05-29 16:38:12', 3),
(4, 5, 0, 2, 0, 0, 0, 0, 1, '-', 1, '2024-05-29 16:39:57', 3, '2024-05-29 16:40:31', 3),
(5, 9, 0, 2, 0, 0, 10, 0, 1, '-', 1, '2024-06-28 15:31:54', 37, '2024-06-28 15:31:54', 37),
(6, 10, 0, 2, 0, 0, 0, 0, 1, '-', 1, '2024-05-30 15:24:47', 2, '2024-05-31 10:53:24', 2),
(7, 6, 0, 2, 0, 0, 0, 0, 1, '-', 1, '2024-05-30 15:28:15', 2, '2024-05-31 11:02:10', 2),
(8, 11, 0, 2, 0, 0, 2, 0, 1, '-', 1, '2024-05-30 15:32:00', 2, '2024-05-31 11:16:51', 2),
(9, 12, 0, 6, 0, 0, 254, 0, 1, '-', 1, '2024-05-31 14:30:25', 4, '2024-07-23 15:01:20', 7),
(10, 16, 0, 6, 0, 0, 438, 0, 1, '-', 1, '2024-06-04 09:22:10', 4, '2024-07-11 09:48:54', 7),
(11, 17, 0, 6, 0, 0, 32, 0, 1, '-', 1, '2024-06-04 09:38:59', 4, '2024-06-04 11:00:32', 5),
(12, 18, 0, 6, 0, 0, 87, 0, 1, '-', 1, '2024-06-04 11:13:31', 4, '2024-07-17 10:11:17', 7),
(13, 19, 0, 6, 0, 0, 100, 0, 1, '-', 1, '2024-06-04 12:05:35', 4, '2024-06-04 12:15:07', 4),
(14, 20, 0, 6, 0, 0, 0, 0, 1, '-', 1, '2024-06-04 12:18:17', 4, '2024-06-04 12:19:09', 4),
(15, 21, 0, 6, 0, 0, 2638, 0, 1, '-', 1, '2024-06-04 12:23:00', 4, '2024-07-19 11:31:01', 7),
(16, 22, 0, 2, 0, 0, 0, 0, 1, '-', 1, '2024-06-04 13:14:58', 7, '2024-06-04 13:17:04', 7),
(17, 22, 0, 6, 0, 0, 1636, 0, 1, '-', 1, '2024-06-04 13:17:46', 7, '2024-07-19 11:30:47', 7),
(18, 23, 0, 6, 0, 0, 0, 0, 1, '-', 1, '2024-06-04 16:01:20', 4, '2024-06-11 10:46:07', 7),
(19, 47, 0, 6, 0, 0, 0, 0, 1, '-', 1, '2024-06-05 14:22:46', 3, '2024-06-05 14:23:48', 3),
(20, 48, 0, 2, 0, 0, 300, 0, 1, '-', 1, '2024-06-06 09:37:14', 37, '2024-06-06 09:38:17', 37),
(21, 48, 0, 6, 0, 0, 5, 0, 1, '-', 1, '2024-06-06 09:44:40', 36, '2024-06-06 10:38:03', 36),
(23, 9, 0, 2, 0, 0, 10, 0, 1, '-', 1, '2024-06-28 15:31:54', 37, '2024-06-28 15:31:54', 37),
(24, 9, 0, 2, 0, 0, 10, 0, 1, '-', 1, '2024-06-28 15:31:54', 37, '2024-06-28 15:31:54', 37),
(25, 78, 0, 2, 0, 0, 10, 0, 1, '-', 1, '2024-06-28 15:43:21', 37, '2024-06-28 15:43:21', 37),
(26, 79, 0, 2, 0, 0, 10, 0, 1, '-', 1, '2024-06-28 15:43:21', 37, '2024-06-28 15:43:21', 37),
(27, 80, 0, 2, 0, 0, 5, 0, 1, '-', 1, '2024-06-28 15:47:59', 37, '2024-06-28 15:47:59', 37),
(28, 81, 0, 2, 0, 0, 5, 0, 1, '-', 1, '2024-06-28 15:47:59', 37, '2024-06-28 15:47:59', 37),
(29, 82, 0, 2, 0, 0, 9, 0, 1, '-', 1, '2024-06-28 16:21:17', 37, '2024-07-24 08:28:29', 37),
(30, 120, 0, 2, 1, 43, 1, 0, 1, 'Ex HRD Holding', 8, '2024-07-25 15:38:34', 2, '2024-07-25 15:38:34', 2),
(31, 121, 0, 2, 1, 44, 1, 0, 2, 'Sudah tidak masuk aset IT karena sudah di bayarkan sama NJIS', 9, '2024-07-25 15:38:34', 2, '2024-07-25 15:38:34', 2),
(32, 122, 0, 2, 1, 45, 1, 0, 3, 'Ex Pak Fitri LPMI, Ex Fajar [Removal /DiMusnahkan -16 Desember-2022]', 9, '2024-07-25 15:38:34', 2, '2024-07-25 15:38:34', 2),
(33, 123, 0, 2, 1, 46, 1, 0, 3, 'update 25/11/2020 ex Tri Septianto marketing,ex Aprillia,ex calvin', 9, '2024-07-25 15:38:34', 2, '2024-07-25 15:38:34', 2),
(34, 124, 0, 2, 1, 45, 1, 0, 2, ' Ex Icha Sas status rusak engselnya 29-6-21 [Removal/DiMusnahkan-16-Desember-2022]', 10, '2024-07-25 15:38:34', 2, '2024-07-25 15:38:34', 2),
(35, 125, 0, 2, 1, 45, 1, 0, 2, 'Ex Gerdy, Ex Trisno [Removal /Dimusnahkan - 11 Juni 2020]', 10, '2024-07-25 15:38:34', 2, '2024-07-25 15:38:34', 2),
(36, 126, 0, 2, 1, 45, 1, 0, 2, 'Ex Herman Adum, Ex Eriswandi [Removal/DiMusnahkan -16-Desember-2022]', 10, '2024-07-25 15:38:34', 2, '2024-07-25 15:38:34', 2),
(37, 127, 0, 2, 1, 45, 1, 0, 2, 'Ex Ibu Silvia (sebelumnya no asset 16) [Removal /Dimusnahkan - 11 Juni 2020]ex pak andri finance', 10, '2024-07-25 15:38:34', 2, '2024-07-25 15:38:34', 2),
(38, 128, 0, 2, 1, 45, 1, 0, 2, 'Ex Pak Suwito Kaprodi TKB (02-04-18), ex pak michael kaprodi hbp, ex pak vincent (pak Fitri - Wireless driver not found) [Removal/DiMusnahkan 16-Desember-2022]', 9, '2024-07-25 15:38:34', 2, '2024-07-25 15:38:34', 2),
(39, 129, 0, 2, 1, 45, 1, 0, 2, 'Ex Prima [Removal/DiMusnahkan 16-Desember-2022]', 10, '2024-07-25 15:38:34', 2, '2024-07-25 15:38:34', 2),
(40, 130, 0, 2, 1, 45, 1, 0, 2, 'Saat ini oleh Pak Bambang dipinjamkan kepada Pak Dheni (sebelumnya no asset 26) [Removal /Dimusnahkan - 11 Juni 2020]', 10, '2024-07-25 15:38:34', 2, '2024-07-25 15:38:34', 2),
(41, 131, 0, 2, 1, 45, 1, 0, 2, 'Ex Pak Made, Ex Bu Maria Kaprodi TL (sebelumnya nomor asset 27) [Removal /Dimusnahkan - 11 Juni 2020]', 10, '2024-07-25 15:38:34', 2, '2024-07-25 15:38:34', 2),
(42, 132, 0, 2, 1, 45, 1, 0, 2, 'Boike J.A [Removal/DiMusnahkan 16-Desember-2022]', 10, '2024-07-25 15:38:34', 2, '2024-07-25 15:38:34', 2),
(43, 133, 0, 2, 1, 45, 1, 0, 2, 'ex.Prof Sony warek 1 (sudah diserahkan hrd 13-09-2023 diterima Jason)', 10, '2024-07-25 15:38:34', 2, '2024-07-25 15:38:34', 2),
(44, 134, 0, 2, 1, 65, 1, 0, 3, '-', 11, '2024-07-25 15:38:40', 2, '2024-07-25 15:38:40', 2),
(45, 135, 0, 2, 1, 66, 1, 0, 3, 'ex.504', 12, '2024-07-25 15:38:40', 2, '2024-07-25 15:38:40', 2),
(46, 136, 0, 2, 1, 67, 1, 0, 3, '-', 13, '2024-07-25 15:38:40', 2, '2024-07-25 15:38:40', 2),
(47, 137, 0, 2, 1, 68, 1, 0, 3, '-', 14, '2024-07-25 15:38:40', 2, '2024-07-25 15:38:40', 2),
(48, 138, 0, 2, 1, 69, 1, 0, 3, '-', 15, '2024-07-25 15:38:40', 2, '2024-07-25 15:38:40', 2),
(49, 139, 0, 2, 1, 66, 1, 0, 3, 'ex.508', 12, '2024-07-25 15:38:40', 2, '2024-07-25 15:38:40', 2),
(50, 140, 0, 2, 1, 70, 1, 0, 3, '-', 16, '2024-07-25 15:38:40', 2, '2024-07-25 15:38:40', 2),
(51, 141, 0, 2, 1, 71, 1, 0, 2, '[Removal /Dimusnahkan - 11 Juni 2020]', 10, '2024-07-25 15:38:40', 2, '2024-07-25 15:38:40', 2),
(52, 142, 0, 2, 1, 72, 1, 0, 3, '-', 10, '2024-07-25 15:38:40', 2, '2024-07-25 15:38:40', 2),
(53, 143, 0, 2, 1, 73, 1, 0, 3, 'ex.513', 17, '2024-07-25 15:38:40', 2, '2024-07-25 15:38:40', 2),
(54, 144, 0, 2, 1, 66, 1, 0, 3, 'ex.514', 12, '2024-07-25 15:38:40', 2, '2024-07-25 15:38:40', 2),
(55, 145, 0, 2, 1, 74, 1, 0, 3, '-', 18, '2024-07-25 15:38:40', 2, '2024-07-25 15:38:40', 2),
(56, 146, 0, 2, 1, 75, 1, 0, 3, '-', 19, '2024-07-25 15:38:40', 2, '2024-07-25 15:38:40', 2),
(57, 147, 0, 2, 1, 76, 1, 0, 3, '-', 20, '2024-07-25 15:38:40', 2, '2024-07-25 15:38:40', 2),
(58, 148, 0, 2, 1, 71, 1, 0, 2, '[Removal /Dimusnahkan - 11 Juni 2020]', 10, '2024-07-25 15:38:40', 2, '2024-07-25 15:38:40', 2),
(59, 149, 0, 2, 1, 71, 1, 0, 2, '[Removal /Dimusnahkan - 11 Juni 2020]', 10, '2024-07-25 15:38:40', 2, '2024-07-25 15:38:40', 2),
(60, 150, 0, 2, 1, 71, 1, 0, 2, '[Removal /Dimusnahkan - 11 Juni 2020]', 10, '2024-07-25 15:38:40', 2, '2024-07-25 15:38:40', 2),
(61, 151, 0, 2, 1, 77, 1, 0, 3, '-', 21, '2024-07-25 15:38:40', 2, '2024-07-25 15:38:40', 2),
(62, 152, 0, 2, 1, 71, 1, 0, 2, '[Removal /Dimusnahkan - 11 Juni 2020]', 10, '2024-07-25 15:38:40', 2, '2024-07-25 15:38:40', 2),
(63, 153, 0, 2, 1, 78, 1, 0, 3, '-', 22, '2024-07-25 15:38:40', 2, '2024-07-25 15:38:40', 2),
(64, 154, 0, 2, 1, 79, 1, 0, 3, '-', 23, '2024-07-25 15:38:40', 2, '2024-07-25 15:38:40', 2),
(65, 155, 0, 2, 1, 80, 1, 0, 3, '-', 24, '2024-07-25 15:38:40', 2, '2024-07-25 15:38:40', 2),
(66, 156, 0, 2, 1, 81, 1, 0, 3, '-', 25, '2024-07-25 15:38:40', 2, '2024-07-25 15:38:40', 2),
(67, 157, 0, 2, 1, 82, 1, 0, 3, '-', 26, '2024-07-25 15:38:40', 2, '2024-07-25 15:38:40', 2),
(68, 158, 0, 2, 1, 83, 1, 0, 3, '-', 27, '2024-07-25 15:38:40', 2, '2024-07-25 15:38:40', 2),
(69, 159, 0, 2, 1, 84, 1, 0, 3, '-', 28, '2024-07-25 15:38:40', 2, '2024-07-25 15:38:40', 2),
(70, 160, 0, 2, 1, 85, 1, 0, 3, '-', 10, '2024-07-25 15:38:40', 2, '2024-07-25 15:38:40', 2),
(71, 161, 0, 2, 1, 85, 1, 0, 3, '-', 10, '2024-07-25 15:38:40', 2, '2024-07-25 15:38:40', 2),
(72, 162, 0, 2, 1, 85, 1, 0, 3, '-', 29, '2024-07-25 15:38:40', 2, '2024-07-25 15:38:40', 2),
(73, 163, 0, 2, 1, 13, 1, 0, 3, 'Ex Amelia', 30, '2024-07-25 15:38:45', 2, '2024-07-25 15:38:45', 2),
(74, 164, 0, 2, 1, 86, 1, 0, 3, 'ex Laode Rahman staff yayasan', 31, '2024-07-25 15:38:45', 2, '2024-07-25 15:38:45', 2),
(75, 165, 0, 2, 1, 87, 1, 0, 3, 'Ex David Marketing, Ex Benny Marketing', 32, '2024-07-25 15:38:45', 2, '2024-07-25 15:38:45', 2),
(76, 166, 0, 2, 1, 88, 1, 0, 3, 'Ex Trisno, Ex Derry', 33, '2024-07-25 15:38:45', 2, '2024-07-25 15:38:45', 2),
(77, 167, 0, 2, 1, 89, 1, 0, 3, 'Ex Cicilia, Eveline', 34, '2024-07-25 15:38:45', 2, '2024-07-25 15:38:45', 2),
(78, 168, 0, 2, 1, 90, 1, 0, 3, 'Ex Sugiono ex ivana,riri', 10, '2024-07-25 15:38:45', 2, '2024-07-25 15:38:45', 2),
(79, 169, 0, 2, 1, 91, 1, 0, 3, 'Ex Ryan,ex,ridwan untuk backup kelas', 34, '2024-07-25 15:38:45', 2, '2024-07-25 15:38:45', 2),
(80, 170, 0, 2, 1, 92, 1, 0, 3, '-', 33, '2024-07-25 15:38:45', 2, '2024-07-25 15:38:45', 2),
(81, 171, 0, 2, 1, 37, 1, 0, 3, 'Ex Project ex Bismar G ex jorgie', 35, '2024-07-25 15:38:45', 2, '2024-07-25 15:38:45', 2),
(82, 172, 0, 2, 1, 93, 1, 0, 3, 'Ex Nina Pertiwi 01-08-2018 ex Tri Intan P,esty', 36, '2024-07-25 15:38:45', 2, '2024-07-25 15:38:45', 2),
(83, 173, 0, 2, 1, 94, 1, 0, 3, '-', 37, '2024-07-25 15:38:45', 2, '2024-07-25 15:38:45', 2),
(84, 174, 0, 2, 1, 95, 1, 0, 3, '-', 38, '2024-07-25 15:38:45', 2, '2024-07-25 15:38:45', 2),
(85, 175, 0, 2, 1, 96, 1, 0, 3, 'Ex Pak Rismi SPMI,ex Sany H,Christine H', 39, '2024-07-25 15:38:45', 2, '2024-07-25 15:38:45', 2),
(86, 176, 0, 2, 1, 97, 1, 0, 3, 'Ex 507 01-08-18 Ex aang 31-12-18', 40, '2024-07-25 15:38:45', 2, '2024-07-25 15:38:45', 2),
(87, 177, 0, 2, 1, 98, 1, 0, 3, 'ex Sovie L', 41, '2024-07-25 15:38:45', 2, '2024-07-25 15:38:45', 2),
(88, 178, 0, 2, 1, 99, 1, 0, 3, 'ex Intan P hbp,ex eris setiawan asc,ex yoga w', 41, '2024-07-25 15:38:45', 2, '2024-07-25 15:38:45', 2),
(89, 179, 0, 2, 1, 100, 1, 0, 3, 'Ex Diki Adum', 10, '2024-07-25 15:38:45', 2, '2024-07-25 15:38:45', 2),
(90, 180, 0, 2, 1, 101, 1, 0, 3, '-', 42, '2024-07-25 15:38:45', 2, '2024-07-25 15:38:45', 2),
(91, 181, 0, 2, 1, 24, 1, 0, 3, 'Ex Dina, Ex Pinta Purchasing ex Ratna dina', 43, '2024-07-25 15:38:45', 2, '2024-07-25 15:38:45', 2),
(92, 182, 0, 2, 1, 102, 1, 0, 3, 'Ex Klas 521, Ex Hardi Indra Kemahasiswaan, Eka Sitohang,ex pak meco,Fajar', 44, '2024-07-25 15:38:45', 2, '2024-07-25 15:38:45', 2),
(93, 183, 0, 2, 1, 103, 1, 0, 3, '-', 45, '2024-07-25 15:38:45', 2, '2024-07-25 15:38:45', 2),
(94, 184, 0, 2, 1, 104, 1, 0, 3, 'Sebelumnya PC Ruang Kasur', 46, '2024-07-25 15:38:45', 2, '2024-07-25 15:38:45', 2),
(95, 185, 0, 2, 1, 105, 1, 0, 3, '-', 47, '2024-07-25 15:38:45', 2, '2024-07-25 15:38:45', 2),
(96, 186, 0, 2, 1, 106, 1, 0, 3, 'Ex Project, Ex Ridha Rahmatia', 48, '2024-07-25 15:38:45', 2, '2024-07-25 15:38:45', 2),
(97, 187, 0, 2, 1, 107, 1, 0, 3, 'Ex Sandra, ex Marlan Laboran Lab Fisika, ex Suci', 40, '2024-07-25 15:38:45', 2, '2024-07-25 15:38:45', 2),
(98, 188, 0, 2, 1, 108, 1, 0, 3, 'ex Erwin S,Ivana', 49, '2024-07-25 15:38:45', 2, '2024-07-25 15:38:45', 2),
(99, 189, 0, 2, 1, 109, 1, 0, 3, 'Ex Pinta,ex SenoAji reza', 44, '2024-07-25 15:38:45', 2, '2024-07-25 15:38:45', 2),
(100, 190, 0, 2, 1, 110, 1, 0, 3, '-', 48, '2024-07-25 15:38:45', 2, '2024-07-25 15:38:45', 2),
(101, 191, 0, 2, 1, 111, 1, 0, 3, 'ex Nita Fauziah,lany', 50, '2024-07-25 15:38:45', 2, '2024-07-25 15:38:45', 2),
(102, 192, 0, 2, 1, 104, 1, 0, 3, '-', 46, '2024-07-25 15:38:45', 2, '2024-07-25 15:38:45', 2),
(103, 193, 0, 2, 1, 104, 1, 0, 3, '-', 46, '2024-07-25 15:38:45', 2, '2024-07-25 15:38:45', 2),
(104, 194, 0, 2, 1, 104, 1, 0, 3, '-', 46, '2024-07-25 15:38:45', 2, '2024-07-25 15:38:45', 2),
(105, 195, 0, 2, 1, 112, 1, 0, 3, 'ex vincent', 51, '2024-07-25 15:38:45', 2, '2024-07-25 15:38:45', 2),
(106, 196, 0, 2, 1, 113, 1, 0, 3, 'Ex 506 01-08-18 ex Nina Pertiwi,ex bahrul ulum pucel,ex zulkifli i.m', 52, '2024-07-25 15:38:45', 2, '2024-07-25 15:38:45', 2),
(107, 197, 0, 2, 1, 114, 1, 0, 3, 'ex Richa Deswita,Heasy,carla', 36, '2024-07-25 15:38:45', 2, '2024-07-25 15:38:45', 2),
(108, 198, 0, 2, 1, 5, 1, 0, 3, 'Ex Yudo,', 53, '2024-07-25 15:38:45', 2, '2024-07-25 15:38:45', 2),
(109, 199, 0, 2, 1, 115, 1, 0, 3, '-', 54, '2024-07-25 15:38:45', 2, '2024-07-25 15:38:45', 2),
(110, 200, 0, 2, 1, 87, 1, 0, 3, 'ex riko,ex Qory,ex prasetiyo', 54, '2024-07-25 15:38:45', 2, '2024-07-25 15:38:45', 2),
(111, 201, 0, 2, 1, 116, 1, 0, 3, 'Ex Klas 505', 31, '2024-07-25 15:38:45', 2, '2024-07-25 15:38:45', 2),
(112, 202, 0, 2, 1, 117, 1, 0, 3, 'ex.511', 42, '2024-07-25 15:38:45', 2, '2024-07-25 15:38:45', 2),
(113, 203, 0, 2, 1, 118, 1, 0, 3, 'ex.512/ Lab Fisika', 44, '2024-07-25 15:38:45', 2, '2024-07-25 15:38:45', 2),
(114, 204, 0, 2, 1, 43, 1, 0, 3, 'Ex 507, 508, Ex Pak Daniel', 44, '2024-07-25 15:38:45', 2, '2024-07-25 15:38:45', 2),
(115, 205, 0, 2, 1, 119, 1, 0, 3, 'ex.602', 44, '2024-07-25 15:38:45', 2, '2024-07-25 15:38:45', 2),
(116, 206, 0, 2, 1, 120, 1, 0, 3, 'Ex Dewi Mentari / Ex pricila BA,dede', 49, '2024-07-25 15:38:45', 2, '2024-07-25 15:38:45', 2),
(117, 207, 0, 2, 1, 121, 1, 0, 3, '-', 55, '2024-07-25 15:38:45', 2, '2024-07-25 15:38:45', 2),
(118, 208, 0, 2, 1, 10, 1, 0, 3, 'Ex  Ridha Rahmatia, Ex Ahmad Parid Admin Dekan Sosial', 56, '2024-07-25 15:38:45', 2, '2024-07-25 15:38:45', 2),
(119, 209, 0, 2, 1, 122, 1, 0, 3, 'ex Merry S', 48, '2024-07-25 15:38:45', 2, '2024-07-25 15:38:45', 2),
(120, 210, 0, 2, 1, 123, 1, 0, 3, '-', 46, '2024-07-25 15:38:45', 2, '2024-07-25 15:38:45', 2),
(121, 211, 0, 2, 1, 124, 1, 0, 3, 'Ex Fidiansyah,ex reyhan', 57, '2024-07-25 15:38:45', 2, '2024-07-25 15:38:45', 2),
(122, 212, 0, 2, 1, 123, 1, 0, 3, '-', 46, '2024-07-25 15:38:45', 2, '2024-07-25 15:38:45', 2),
(123, 213, 0, 2, 1, 25, 1, 0, 3, 'Ex Iqlimah,ex Dewi D', 58, '2024-07-25 15:38:45', 2, '2024-07-25 15:38:45', 2),
(124, 214, 0, 2, 1, 125, 1, 0, 3, '-', 59, '2024-07-25 15:38:45', 2, '2024-07-25 15:38:45', 2),
(125, 215, 0, 2, 1, 126, 1, 0, 3, 'EX Estevania Marketing', 60, '2024-07-25 15:38:45', 2, '2024-07-25 15:38:45', 2),
(126, 216, 0, 2, 1, 16, 1, 0, 3, 'Ex Klas 517', 61, '2024-07-25 15:38:45', 2, '2024-07-25 15:38:45', 2),
(127, 217, 0, 2, 1, 127, 1, 0, 3, 'ex.516', 62, '2024-07-25 15:38:45', 2, '2024-07-25 15:38:45', 2),
(128, 218, 0, 2, 1, 94, 1, 0, 3, '-', 44, '2024-07-25 15:38:45', 2, '2024-07-25 15:38:45', 2),
(129, 219, 0, 2, 1, 128, 1, 0, 3, 'ex Kurnia Sholihah,Melinda L', 63, '2024-07-25 15:38:45', 2, '2024-07-25 15:38:45', 2),
(130, 220, 0, 2, 1, 112, 1, 0, 3, 'Ex Klas 511 ex Wulan raema,ex wahyu', 41, '2024-07-25 15:38:45', 2, '2024-07-25 15:38:45', 2),
(131, 221, 0, 2, 1, 94, 1, 0, 3, 'Ex Klas 510, Ex Fransisca Finance', 44, '2024-07-25 15:38:45', 2, '2024-07-25 15:38:45', 2),
(132, 222, 0, 2, 1, 126, 1, 0, 3, '-', 64, '2024-07-25 15:38:45', 2, '2024-07-25 15:38:45', 2),
(133, 223, 0, 2, 1, 126, 1, 0, 3, '-', 65, '2024-07-25 15:38:45', 2, '2024-07-25 15:38:45', 2),
(134, 224, 0, 2, 1, 126, 1, 0, 3, '-', 65, '2024-07-25 15:38:45', 2, '2024-07-25 15:38:45', 2),
(135, 225, 0, 2, 1, 126, 1, 0, 3, '-', 65, '2024-07-25 15:38:45', 2, '2024-07-25 15:38:45', 2),
(136, 226, 0, 2, 1, 126, 1, 0, 3, '-', 65, '2024-07-25 15:38:45', 2, '2024-07-25 15:38:45', 2),
(137, 227, 0, 2, 1, 129, 1, 0, 3, 'ex lab akuntansi', 44, '2024-07-25 15:38:45', 2, '2024-07-25 15:38:45', 2),
(138, 228, 0, 2, 1, 126, 1, 0, 3, '-', 65, '2024-07-25 15:38:45', 2, '2024-07-25 15:38:45', 2),
(139, 229, 0, 2, 1, 126, 1, 0, 3, '-', 65, '2024-07-25 15:38:45', 2, '2024-07-25 15:38:45', 2),
(140, 230, 0, 2, 1, 126, 1, 0, 3, '-', 65, '2024-07-25 15:38:45', 2, '2024-07-25 15:38:45', 2),
(141, 231, 0, 2, 1, 38, 1, 0, 3, '-', 48, '2024-07-25 15:38:45', 2, '2024-07-25 15:38:45', 2),
(142, 232, 0, 2, 1, 130, 1, 0, 3, 'ex sunny,sabrina', 66, '2024-07-25 15:38:45', 2, '2024-07-25 15:38:45', 2),
(143, 233, 0, 2, 1, 131, 1, 0, 3, 'ex Chandra Gunawan (Spesifikasi PC Core i5 4690 RAM 32Gb, Grafik Display NVIDIA GeForce GTX 1050 Ti)', 67, '2024-07-25 15:38:45', 2, '2024-07-25 15:38:45', 2),
(144, 234, 0, 2, 1, 112, 1, 0, 3, 'Ex klas 520, ex Yoga Wibisono,vivi F', 68, '2024-07-25 15:38:45', 2, '2024-07-25 15:38:45', 2),
(145, 235, 0, 2, 1, 132, 1, 0, 3, 'Ex klas 522, ex Jorgie, Ex Daniel,ex Yoga,ariska', 69, '2024-07-25 15:38:45', 2, '2024-07-25 15:38:45', 2),
(146, 236, 0, 2, 1, 133, 1, 0, 3, '-', 70, '2024-07-25 15:38:45', 2, '2024-07-25 15:38:45', 2),
(147, 237, 0, 2, 1, 134, 1, 0, 3, '-', 71, '2024-07-25 15:38:45', 2, '2024-07-25 15:38:45', 2),
(148, 238, 0, 2, 1, 134, 1, 0, 3, '-', 71, '2024-07-25 15:38:45', 2, '2024-07-25 15:38:45', 2),
(149, 239, 0, 2, 1, 135, 1, 0, 3, '-', 58, '2024-07-25 15:38:45', 2, '2024-07-25 15:38:45', 2),
(150, 240, 0, 2, 1, 136, 1, 0, 3, '-', 72, '2024-07-25 15:38:45', 2, '2024-07-25 15:38:45', 2),
(151, 241, 0, 2, 1, 137, 1, 0, 3, 'ex ika,ex Rubby halim,ex rosalia A.O marcom', 73, '2024-07-25 15:38:45', 2, '2024-07-25 15:38:45', 2),
(152, 242, 0, 2, 1, 29, 1, 0, 3, '-', 61, '2024-07-25 15:38:45', 2, '2024-07-25 15:38:45', 2),
(153, 243, 0, 2, 1, 134, 1, 0, 3, '-', 71, '2024-07-25 15:38:45', 2, '2024-07-25 15:38:45', 2),
(154, 244, 0, 2, 1, 134, 1, 0, 3, '-', 71, '2024-07-25 15:38:45', 2, '2024-07-25 15:38:45', 2),
(155, 245, 0, 2, 1, 94, 1, 0, 3, 'Ex Octa 30-06-2018, Ex Yesi Kurniawati Finance', 74, '2024-07-25 15:38:45', 2, '2024-07-25 15:38:45', 2),
(156, 246, 0, 2, 1, 138, 1, 0, 3, 'Ex Husna 31-12-2017 / Ex Ivanna 27-09-2018, ex Zulfikar Madzid (BA),Naufal Andawa', 75, '2024-07-25 15:38:45', 2, '2024-07-25 15:38:45', 2),
(157, 247, 0, 2, 1, 139, 1, 0, 3, 'Ex Ayu,ex rizki amelia', 72, '2024-07-25 15:38:45', 2, '2024-07-25 15:38:45', 2),
(158, 248, 0, 2, 1, 140, 1, 0, 3, 'ex ika o admin arsitek', 76, '2024-07-25 15:38:45', 2, '2024-07-25 15:38:45', 2),
(159, 249, 0, 2, 1, 141, 1, 0, 3, 'Ex Pak Michael, Ex Achmad Setiadi', 77, '2024-07-25 15:38:45', 2, '2024-07-25 15:38:45', 2),
(160, 250, 0, 2, 1, 142, 1, 0, 3, '-', 49, '2024-07-25 15:38:45', 2, '2024-07-25 15:38:45', 2),
(161, 251, 0, 2, 1, 143, 1, 0, 3, '-', 78, '2024-07-25 15:38:45', 2, '2024-07-25 15:38:45', 2),
(162, 252, 0, 2, 1, 87, 1, 0, 3, 'Ex Irfan IT,ex fransisca,tika finanace,', 48, '2024-07-25 15:38:45', 2, '2024-07-25 15:38:45', 2),
(163, 253, 0, 2, 1, 144, 1, 0, 3, 'ex Nandang IT,fajar', 44, '2024-07-25 15:38:45', 2, '2024-07-25 15:38:45', 2),
(164, 254, 0, 2, 1, 145, 1, 0, 3, 'Ex Tarra 31-12-2017', 39, '2024-07-25 15:38:45', 2, '2024-07-25 15:38:45', 2),
(165, 255, 0, 2, 1, 140, 1, 0, 3, 'Ex Bu Silvia,jamih', 79, '2024-07-25 15:38:45', 2, '2024-07-25 15:38:45', 2),
(166, 256, 0, 2, 1, 146, 1, 0, 3, '-', 80, '2024-07-25 15:38:45', 2, '2024-07-25 15:38:45', 2),
(167, 257, 0, 2, 1, 147, 1, 0, 3, 'ex Asep S.B', 72, '2024-07-25 15:38:45', 2, '2024-07-25 15:38:45', 2),
(168, 258, 0, 2, 1, 148, 1, 0, 3, 'Ex Novita IT', 81, '2024-07-25 15:38:45', 2, '2024-07-25 15:38:45', 2),
(169, 259, 0, 2, 1, 94, 1, 0, 3, 'ex Pucel, ex Ridha Rahmatia', 44, '2024-07-25 15:38:45', 2, '2024-07-25 15:38:45', 2),
(170, 260, 0, 2, 1, 11, 1, 0, 3, 'ex Rossana felda', 66, '2024-07-25 15:38:45', 2, '2024-07-25 15:38:45', 2),
(171, 261, 0, 2, 1, 78, 1, 0, 3, 'ex,Santoni,faisal', 75, '2024-07-25 15:38:45', 2, '2024-07-25 15:38:45', 2),
(172, 262, 0, 2, 1, 94, 1, 0, 3, 'ex Delvina staff marketing,ex Printer finance', 44, '2024-07-25 15:38:45', 2, '2024-07-25 15:38:45', 2),
(173, 263, 0, 2, 1, 149, 1, 0, 3, 'ex,sheila', 44, '2024-07-25 15:38:45', 2, '2024-07-25 15:38:45', 2),
(174, 264, 0, 2, 1, 112, 1, 0, 3, 'ex,olivia,irna', 48, '2024-07-25 15:38:45', 2, '2024-07-25 15:38:45', 2),
(175, 265, 0, 2, 1, 150, 1, 0, 3, ' (ex Bayu Adrianto)ex gareil m,', 67, '2024-07-25 15:38:45', 2, '2024-07-25 15:38:45', 2),
(176, 266, 0, 2, 1, 151, 1, 0, 3, '-', 82, '2024-07-25 15:38:45', 2, '2024-07-25 15:38:45', 2),
(177, 267, 0, 2, 1, 152, 1, 0, 3, 'ex Alhadi Rahman IT', 44, '2024-07-25 15:38:45', 2, '2024-07-25 15:38:45', 2),
(178, 268, 0, 2, 1, 153, 1, 0, 3, 'ex Fendy Kurniawan Tambun,ex adinda p,ex sabrina', 83, '2024-07-25 15:38:45', 2, '2024-07-25 15:38:45', 2),
(179, 269, 0, 2, 1, 154, 1, 0, 3, 'Ex Ezra Mayrama,ex Lia Fitriana', 45, '2024-07-25 15:38:45', 2, '2024-07-25 15:38:45', 2),
(180, 270, 0, 2, 1, 155, 1, 0, 3, '-', 70, '2024-07-25 15:38:45', 2, '2024-07-25 15:38:45', 2),
(181, 271, 0, 2, 1, 156, 1, 0, 3, 'Ex Fitri Ratna Wulan ex.Kristina', 82, '2024-07-25 15:38:45', 2, '2024-07-25 15:38:45', 2),
(182, 272, 0, 2, 1, 6, 1, 0, 3, 'Ex Futri, Ex Trisno Kurwardi Marketing', 84, '2024-07-25 15:38:45', 2, '2024-07-25 15:38:45', 2),
(183, 273, 0, 2, 1, 157, 1, 0, 3, 'ex.506', 75, '2024-07-25 15:38:45', 2, '2024-07-25 15:38:45', 2),
(184, 274, 0, 2, 1, 158, 1, 0, 3, 'ex507,ex siti inayah,ex Richa deswita', 44, '2024-07-25 15:38:45', 2, '2024-07-25 15:38:45', 2),
(185, 275, 0, 2, 1, 159, 1, 0, 3, '-', 70, '2024-07-25 15:38:45', 2, '2024-07-25 15:38:45', 2),
(186, 276, 0, 2, 1, 160, 1, 0, 3, '-', 70, '2024-07-25 15:38:45', 2, '2024-07-25 15:38:45', 2),
(187, 277, 0, 2, 1, 161, 1, 0, 3, 'ex,Sandra Dewi', 48, '2024-07-25 15:38:45', 2, '2024-07-25 15:38:45', 2),
(188, 278, 0, 2, 1, 87, 1, 0, 3, 'PC Backup IT, Ditukar dengan Asset 121, Ex Class 511,douwes', 56, '2024-07-25 15:38:45', 2, '2024-07-25 15:38:45', 2),
(189, 279, 0, 2, 1, 162, 1, 0, 3, '-', 85, '2024-07-25 15:38:45', 2, '2024-07-25 15:38:45', 2),
(190, 280, 0, 2, 1, 87, 1, 0, 3, 'Komputer gagal booting OS /  Kelas 511, Ex Jorgie ex Febri D ex Adi S,ex icha', 86, '2024-07-25 15:38:45', 2, '2024-07-25 15:38:45', 2),
(191, 281, 0, 2, 1, 94, 1, 0, 3, 'ex,522', 44, '2024-07-25 15:38:45', 2, '2024-07-25 15:38:45', 2),
(192, 282, 0, 2, 1, 163, 1, 0, 3, '-', 70, '2024-07-25 15:38:45', 2, '2024-07-25 15:38:45', 2),
(193, 283, 0, 2, 1, 94, 1, 0, 3, 'Ex Kelas 521', 44, '2024-07-25 15:38:45', 2, '2024-07-25 15:38:45', 2),
(194, 284, 0, 2, 1, 164, 1, 0, 3, '-', 70, '2024-07-25 15:38:45', 2, '2024-07-25 15:38:45', 2),
(195, 285, 0, 2, 1, 165, 1, 0, 3, 'Ex.Vivian finance,fransisca 1', 48, '2024-07-25 15:38:45', 2, '2024-07-25 15:38:45', 2),
(196, 286, 0, 2, 1, 166, 1, 0, 3, '-', 70, '2024-07-25 15:38:45', 2, '2024-07-25 15:38:45', 2),
(197, 287, 0, 2, 1, 166, 1, 0, 3, '-', 70, '2024-07-25 15:38:45', 2, '2024-07-25 15:38:45', 2),
(198, 288, 0, 2, 1, 166, 1, 0, 3, '-', 70, '2024-07-25 15:38:45', 2, '2024-07-25 15:38:45', 2),
(199, 289, 0, 2, 1, 166, 1, 0, 3, '-', 70, '2024-07-25 15:38:45', 2, '2024-07-25 15:38:45', 2),
(200, 290, 0, 2, 1, 167, 1, 0, 3, 'di ruang IT lt5 untuk server opera /pinjam', 87, '2024-07-25 15:38:45', 2, '2024-07-25 15:38:45', 2),
(201, 291, 0, 2, 1, 168, 1, 0, 3, ' di r IT lantai 5 untuk acces door posisi dirak server/pinjam', 87, '2024-07-25 15:38:45', 2, '2024-07-25 15:38:45', 2),
(202, 292, 0, 2, 1, 169, 1, 0, 3, 'di ruang IT Lt 5 untuk server opera /pinjam', 87, '2024-07-25 15:38:45', 2, '2024-07-25 15:38:45', 2),
(203, 293, 0, 2, 1, 170, 1, 0, 3, '-', 88, '2024-07-25 15:38:45', 2, '2024-07-25 15:38:45', 2),
(204, 294, 0, 2, 1, 171, 1, 0, 3, 'di ruang It lantai 5 untuk sister/pinjam ex pak jamih', 87, '2024-07-25 15:38:45', 2, '2024-07-25 15:38:45', 2),
(205, 295, 0, 2, 1, 172, 1, 0, 3, 'di ruang IT Lt 5 untuk server opera /pinjam', 87, '2024-07-25 15:38:45', 2, '2024-07-25 15:38:45', 2),
(206, 296, 0, 2, 1, 170, 1, 0, 3, '-', 88, '2024-07-25 15:38:45', 2, '2024-07-25 15:38:45', 2),
(207, 297, 0, 2, 1, 173, 1, 0, 3, 'di ruang IT Lt 5 untuk server opera /pinjam', 87, '2024-07-25 15:38:45', 2, '2024-07-25 15:38:45', 2),
(208, 298, 0, 2, 1, 174, 1, 0, 3, 'ex.Kurniadi ( Spesifikasi PC Core i5-9400F 2.90GHz, RAM 16Gb, grafik display NVIDIA GeForce GTX 1650)', 83, '2024-07-25 15:38:45', 2, '2024-07-25 15:38:45', 2),
(209, 299, 0, 2, 1, 175, 1, 0, 3, 'ex Bacelius Ruru', 35, '2024-07-25 15:38:45', 2, '2024-07-25 15:38:45', 2),
(210, 300, 0, 2, 1, 176, 1, 0, 3, '-', 89, '2024-07-25 15:38:45', 2, '2024-07-25 15:38:45', 2),
(211, 301, 0, 2, 1, 177, 1, 0, 3, '-', 90, '2024-07-25 15:38:51', 2, '2024-07-25 15:38:51', 2),
(212, 302, 0, 2, 1, 177, 1, 0, 3, '-', 90, '2024-07-25 15:38:51', 2, '2024-07-25 15:38:51', 2),
(213, 303, 0, 2, 1, 177, 1, 0, 3, '-', 90, '2024-07-25 15:38:51', 2, '2024-07-25 15:38:51', 2),
(214, 304, 0, 2, 1, 177, 1, 0, 3, '-', 90, '2024-07-25 15:38:51', 2, '2024-07-25 15:38:51', 2),
(215, 305, 0, 2, 1, 178, 1, 0, 3, '-', 40, '2024-07-25 15:38:51', 2, '2024-07-25 15:38:51', 2),
(216, 306, 0, 2, 1, 177, 1, 0, 3, '-', 90, '2024-07-25 15:38:51', 2, '2024-07-25 15:38:51', 2),
(217, 307, 0, 2, 1, 177, 1, 0, 3, '-', 90, '2024-07-25 15:38:51', 2, '2024-07-25 15:38:51', 2),
(218, 308, 0, 2, 1, 177, 1, 0, 3, 'sudah selesai perbaikan 25-09-23', 40, '2024-07-25 15:38:51', 2, '2024-07-25 15:38:51', 2),
(219, 309, 0, 2, 1, 177, 1, 0, 3, '-', 90, '2024-07-25 15:38:51', 2, '2024-07-25 15:38:51', 2),
(220, 310, 0, 2, 1, 177, 1, 0, 3, '-', 90, '2024-07-25 15:38:51', 2, '2024-07-25 15:38:51', 2),
(221, 311, 0, 2, 1, 179, 1, 0, 2, '[Removal /Dimusnahkan - 11 Juni 2020]', 10, '2024-07-25 15:38:51', 2, '2024-07-25 15:38:51', 2),
(222, 312, 0, 2, 1, 177, 1, 0, 3, '-', 90, '2024-07-25 15:38:51', 2, '2024-07-25 15:38:51', 2),
(223, 313, 0, 2, 1, 177, 1, 0, 3, '-', 90, '2024-07-25 15:38:51', 2, '2024-07-25 15:38:51', 2),
(224, 314, 0, 2, 1, 178, 1, 0, 3, '-', 90, '2024-07-25 15:38:51', 2, '2024-07-25 15:38:51', 2),
(225, 315, 0, 2, 1, 177, 1, 0, 3, '-', 90, '2024-07-25 15:38:51', 2, '2024-07-25 15:38:51', 2),
(226, 316, 0, 2, 1, 177, 1, 0, 3, '-', 90, '2024-07-25 15:38:51', 2, '2024-07-25 15:38:51', 2),
(227, 317, 0, 2, 1, 177, 1, 0, 3, '-', 90, '2024-07-25 15:38:51', 2, '2024-07-25 15:38:51', 2),
(228, 318, 0, 2, 1, 179, 1, 0, 2, '[Removal /Dimusnahkan - 11 Juni 2020]', 10, '2024-07-25 15:38:51', 2, '2024-07-25 15:38:51', 2),
(229, 319, 0, 2, 1, 180, 1, 0, 3, 'Dipinjamkan Tri Intan P', 40, '2024-07-25 15:38:51', 2, '2024-07-25 15:38:51', 2),
(230, 320, 0, 2, 1, 177, 1, 0, 3, '-', 90, '2024-07-25 15:38:51', 2, '2024-07-25 15:38:51', 2),
(231, 321, 0, 2, 1, 179, 1, 0, 2, '[Removal /Dimusnahkan - 11 Juni 2020]', 10, '2024-07-25 15:38:51', 2, '2024-07-25 15:38:51', 2),
(232, 322, 0, 2, 1, 119, 1, 0, 4, 'pebaikan lcd pecah/rencana dmusnahkan', 90, '2024-07-25 15:38:51', 2, '2024-07-25 15:38:51', 2),
(233, 323, 0, 2, 1, 177, 1, 0, 3, '-', 90, '2024-07-25 15:38:51', 2, '2024-07-25 15:38:51', 2),
(234, 324, 0, 2, 1, 177, 1, 0, 3, 'di Pinjamkan ke lab 503', 90, '2024-07-25 15:38:51', 2, '2024-07-25 15:38:51', 2),
(235, 325, 0, 2, 1, 181, 1, 0, 3, '-', 90, '2024-07-25 15:38:51', 2, '2024-07-25 15:38:51', 2),
(236, 326, 0, 2, 1, 182, 1, 0, 3, 'Di Pinjamkan ke Yamin IT', 55, '2024-07-25 15:38:51', 2, '2024-07-25 15:38:51', 2),
(237, 327, 0, 2, 1, 177, 1, 0, 3, '-', 90, '2024-07-25 15:38:51', 2, '2024-07-25 15:38:51', 2),
(238, 328, 0, 2, 1, 119, 1, 0, 4, 'perbaikan/lcd pecah rencana dimusnahkan', 90, '2024-07-25 15:38:51', 2, '2024-07-25 15:38:51', 2),
(239, 329, 0, 2, 1, 181, 1, 0, 3, '-', 90, '2024-07-25 15:38:51', 2, '2024-07-25 15:38:51', 2),
(240, 330, 0, 2, 1, 177, 1, 0, 3, '-', 90, '2024-07-25 15:38:51', 2, '2024-07-25 15:38:51', 2),
(241, 331, 0, 2, 1, 179, 1, 0, 2, '[Removal /Dimusnahkan - 11 Juni 2020]', 10, '2024-07-25 15:38:51', 2, '2024-07-25 15:38:51', 2),
(242, 332, 0, 2, 1, 179, 1, 0, 2, '[Removal /Dimusnahkan - 11 Juni 2020]', 10, '2024-07-25 15:38:51', 2, '2024-07-25 15:38:51', 2),
(243, 333, 0, 2, 1, 170, 1, 0, 3, '-', 90, '2024-07-25 15:38:51', 2, '2024-07-25 15:38:51', 2),
(244, 334, 0, 2, 1, 177, 1, 0, 3, 'di Pinjamkan ke lab 503', 90, '2024-07-25 15:38:51', 2, '2024-07-25 15:38:51', 2),
(245, 335, 0, 2, 1, 170, 1, 0, 3, 'sudah selesai perbaikan 25-03-24', 73, '2024-07-25 15:38:51', 2, '2024-07-25 15:38:51', 2),
(246, 336, 0, 2, 1, 177, 1, 0, 3, '-', 90, '2024-07-25 15:38:51', 2, '2024-07-25 15:38:51', 2),
(247, 337, 0, 2, 1, 178, 1, 0, 3, '-', 40, '2024-07-25 15:38:51', 2, '2024-07-25 15:38:51', 2),
(248, 338, 0, 2, 1, 178, 1, 0, 3, '-', 40, '2024-07-25 15:38:51', 2, '2024-07-25 15:38:51', 2),
(249, 339, 0, 2, 1, 178, 1, 0, 3, '-', 40, '2024-07-25 15:38:51', 2, '2024-07-25 15:38:51', 2),
(250, 340, 0, 2, 1, 119, 1, 0, 3, 'Perbaikan di ruang IT lt5', 40, '2024-07-25 15:38:51', 2, '2024-07-25 15:38:51', 2),
(251, 341, 0, 2, 1, 181, 1, 0, 3, '-', 90, '2024-07-25 15:38:51', 2, '2024-07-25 15:38:51', 2),
(252, 342, 0, 2, 1, 170, 1, 0, 3, '-', 90, '2024-07-25 15:38:51', 2, '2024-07-25 15:38:51', 2),
(253, 343, 0, 2, 1, 181, 1, 0, 3, '-', 90, '2024-07-25 15:38:51', 2, '2024-07-25 15:38:51', 2),
(254, 344, 0, 2, 1, 181, 1, 0, 3, '-', 90, '2024-07-25 15:38:51', 2, '2024-07-25 15:38:51', 2),
(255, 345, 0, 2, 1, 170, 1, 0, 3, '-', 90, '2024-07-25 15:38:51', 2, '2024-07-25 15:38:51', 2),
(256, 346, 0, 2, 1, 181, 1, 0, 3, '-', 90, '2024-07-25 15:38:51', 2, '2024-07-25 15:38:51', 2),
(257, 347, 0, 2, 1, 181, 1, 0, 3, '-', 90, '2024-07-25 15:38:51', 2, '2024-07-25 15:38:51', 2),
(258, 348, 0, 2, 1, 181, 1, 0, 3, '-', 90, '2024-07-25 15:38:51', 2, '2024-07-25 15:38:51', 2),
(259, 349, 0, 2, 1, 181, 1, 0, 3, '-', 90, '2024-07-25 15:38:51', 2, '2024-07-25 15:38:51', 2),
(260, 350, 0, 2, 1, 181, 1, 0, 3, '-', 90, '2024-07-25 15:38:51', 2, '2024-07-25 15:38:51', 2),
(261, 351, 0, 2, 1, 181, 1, 0, 3, '-', 90, '2024-07-25 15:38:51', 2, '2024-07-25 15:38:51', 2),
(262, 352, 0, 2, 1, 181, 1, 0, 3, '-', 90, '2024-07-25 15:38:51', 2, '2024-07-25 15:38:51', 2),
(263, 353, 0, 2, 1, 181, 1, 0, 3, '-', 90, '2024-07-25 15:38:51', 2, '2024-07-25 15:38:51', 2),
(264, 354, 0, 2, 1, 181, 1, 0, 3, '-', 90, '2024-07-25 15:38:51', 2, '2024-07-25 15:38:51', 2),
(265, 355, 0, 2, 1, 181, 1, 0, 3, '-', 90, '2024-07-25 15:38:51', 2, '2024-07-25 15:38:51', 2),
(266, 356, 0, 2, 1, 181, 1, 0, 3, '-', 90, '2024-07-25 15:38:51', 2, '2024-07-25 15:38:51', 2),
(267, 357, 0, 2, 1, 181, 1, 0, 3, '-', 90, '2024-07-25 15:38:51', 2, '2024-07-25 15:38:51', 2),
(268, 358, 0, 2, 1, 181, 1, 0, 3, '-', 90, '2024-07-25 15:38:51', 2, '2024-07-25 15:38:51', 2),
(269, 359, 0, 2, 1, 177, 1, 0, 3, 'di Pinjamkan ke lab 503', 90, '2024-07-25 15:38:51', 2, '2024-07-25 15:38:51', 2),
(270, 360, 0, 2, 1, 181, 1, 0, 3, '-', 90, '2024-07-25 15:38:51', 2, '2024-07-25 15:38:51', 2),
(271, 361, 0, 2, 1, 166, 1, 0, 3, '-', 40, '2024-07-25 15:38:51', 2, '2024-07-25 15:38:51', 2),
(272, 362, 0, 2, 1, 183, 1, 0, 3, '-', 40, '2024-07-25 15:38:51', 2, '2024-07-25 15:38:51', 2),
(273, 363, 0, 2, 1, 184, 1, 0, 3, '-', 55, '2024-07-25 15:38:51', 2, '2024-07-25 15:38:51', 2),
(274, 364, 0, 2, 1, 185, 1, 0, 3, '-', 55, '2024-07-25 15:38:51', 2, '2024-07-25 15:38:51', 2),
(275, 365, 0, 2, 1, 186, 1, 0, 3, '-', 55, '2024-07-25 15:38:51', 2, '2024-07-25 15:38:51', 2),
(276, 366, 0, 2, 1, 187, 1, 0, 3, '-', 55, '2024-07-25 15:38:51', 2, '2024-07-25 15:38:51', 2),
(277, 367, 0, 2, 1, 188, 1, 0, 3, '-', 55, '2024-07-25 15:38:51', 2, '2024-07-25 15:38:51', 2),
(278, 368, 0, 2, 1, 44, 1, 0, 1, 'NJIS', 8, '2024-07-25 15:38:56', 2, '2024-07-25 15:38:56', 2),
(279, 369, 0, 2, 1, 189, 1, 0, 2, '[Removal /Dimusnahkan - 11 Juni 2020]', 91, '2024-07-25 15:38:56', 2, '2024-07-25 15:38:56', 2),
(280, 370, 0, 2, 1, 190, 1, 0, 3, 'Marketing', 92, '2024-07-25 15:38:56', 2, '2024-07-25 15:38:56', 2),
(281, 371, 0, 2, 1, 0, 1, 0, 2, '[Removal - Dimusnahkan - 16 Oktober 2016]', 93, '2024-07-25 15:38:56', 2, '2024-07-25 15:38:56', 2),
(282, 372, 0, 2, 1, 191, 1, 0, 3, 'R.Warek 2/finance', 94, '2024-07-25 15:38:56', 2, '2024-07-25 15:38:56', 2),
(283, 373, 0, 2, 1, 192, 1, 0, 3, 'Maintenance/diruang IT', 95, '2024-07-25 15:38:56', 2, '2024-07-25 15:38:56', 2),
(284, 374, 0, 2, 1, 193, 1, 0, 3, 'R.ADUM /GA', 95, '2024-07-25 15:38:56', 2, '2024-07-25 15:38:56', 2),
(285, 375, 0, 2, 1, 194, 1, 0, 3, 'R.Rektor Lt6', 96, '2024-07-25 15:38:56', 2, '2024-07-25 15:38:56', 2),
(286, 376, 0, 2, 1, 71, 1, 0, 2, '[Removal /Dimusnahkan - 11 Juni 2020]', 97, '2024-07-25 15:38:56', 2, '2024-07-25 15:38:56', 2),
(287, 377, 0, 2, 1, 195, 1, 0, 2, '[Removal /Dimusnahkan - 11 Juni 2020]', 97, '2024-07-25 15:38:56', 2, '2024-07-25 15:38:56', 2),
(288, 378, 0, 2, 1, 196, 1, 0, 3, 'HRD', 98, '2024-07-25 15:38:56', 2, '2024-07-25 15:38:56', 2),
(289, 379, 0, 2, 1, 196, 1, 0, 2, '[Removal /Dimusnahkan - 11 Juni 2020]', 97, '2024-07-25 15:38:56', 2, '2024-07-25 15:38:56', 2),
(290, 380, 0, 2, 1, 178, 1, 0, 2, '[Removal /Dimusnahkan - 11 Juni 2020]', 97, '2024-07-25 15:38:56', 2, '2024-07-25 15:38:56', 2),
(291, 381, 0, 2, 1, 180, 1, 0, 3, 'Front office LAB HBP', 99, '2024-07-25 15:38:56', 2, '2024-07-25 15:38:56', 2),
(292, 382, 0, 2, 1, 196, 1, 0, 3, 'R.HRD Lt6', 91, '2024-07-25 15:38:56', 2, '2024-07-25 15:38:56', 2),
(293, 383, 0, 2, 1, 180, 1, 0, 3, 'R.CHEF', 100, '2024-07-25 15:38:56', 2, '2024-07-25 15:38:56', 2),
(294, 384, 0, 2, 1, 180, 1, 0, 3, 'LAB Resto', 101, '2024-07-25 15:38:56', 2, '2024-07-25 15:38:56', 2),
(295, 385, 0, 2, 1, 180, 1, 0, 3, 'Lab Resto HBP', 101, '2024-07-25 15:38:56', 2, '2024-07-25 15:38:56', 2),
(296, 386, 0, 2, 1, 180, 1, 0, 3, 'Lab Resto HBP', 101, '2024-07-25 15:38:56', 2, '2024-07-25 15:38:56', 2),
(297, 387, 0, 2, 1, 180, 1, 0, 3, 'Lab Resto HBP', 101, '2024-07-25 15:38:56', 2, '2024-07-25 15:38:56', 2),
(298, 388, 0, 2, 1, 197, 1, 0, 3, 'Workshop Arsitek', 102, '2024-07-25 15:38:56', 2, '2024-07-25 15:38:56', 2),
(299, 389, 0, 2, 1, 197, 1, 0, 2, '[Removal /Dimusnahkan - 11 Juni 2020]', 97, '2024-07-25 15:38:56', 2, '2024-07-25 15:38:56', 2),
(300, 390, 0, 2, 1, 192, 1, 0, 5, 'Maintenance/diruang IT', 103, '2024-07-25 15:38:56', 2, '2024-07-25 15:38:56', 2),
(301, 391, 0, 2, 1, 193, 1, 0, 3, 'disimpen GA', 95, '2024-07-25 15:38:56', 2, '2024-07-25 15:38:56', 2),
(302, 392, 0, 2, 1, 198, 1, 0, 2, '[Removal /Dimusnahkan - 11 Juni 2020]', 104, '2024-07-25 15:38:56', 2, '2024-07-25 15:38:56', 2),
(303, 393, 0, 2, 1, 180, 1, 0, 2, '[Removal /Dimusnahkan - 11 Juni 2020]', 97, '2024-07-25 15:38:56', 2, '2024-07-25 15:38:56', 2),
(304, 394, 0, 2, 1, 199, 1, 0, 2, '[Removal /Dimusnahkan - 11 Juni 2020]', 97, '2024-07-25 15:38:56', 2, '2024-07-25 15:38:56', 2),
(305, 395, 0, 2, 1, 200, 1, 0, 3, 'Ecospace', 105, '2024-07-25 15:38:56', 2, '2024-07-25 15:38:56', 2),
(306, 396, 0, 2, 1, 198, 1, 0, 2, '[Removal /Dimusnahkan - 11 Juni 2020]', 97, '2024-07-25 15:38:56', 2, '2024-07-25 15:38:56', 2),
(307, 397, 0, 2, 1, 201, 1, 0, 3, '-', 106, '2024-07-25 15:38:56', 2, '2024-07-25 15:38:56', 2),
(308, 398, 0, 2, 1, 202, 1, 0, 3, 'R.SAS', 103, '2024-07-25 15:38:56', 2, '2024-07-25 15:38:56', 2),
(309, 399, 0, 2, 1, 198, 1, 0, 3, 'R.Finance', 91, '2024-07-25 15:38:56', 2, '2024-07-25 15:38:56', 2),
(310, 400, 0, 2, 1, 180, 1, 0, 3, 'Lab HBP', 91, '2024-07-25 15:38:56', 2, '2024-07-25 15:38:56', 2),
(311, 401, 0, 2, 1, 180, 1, 0, 3, 'Lab HBP', 91, '2024-07-25 15:38:56', 2, '2024-07-25 15:38:56', 2),
(312, 402, 0, 2, 1, 180, 1, 0, 3, 'Lab HBP', 91, '2024-07-25 15:38:56', 2, '2024-07-25 15:38:56', 2),
(313, 403, 0, 2, 1, 180, 1, 0, 3, 'Lab HBP', 91, '2024-07-25 15:38:56', 2, '2024-07-25 15:38:56', 2),
(314, 404, 0, 2, 1, 203, 1, 0, 3, '-', 107, '2024-07-25 15:39:07', 2, '2024-07-25 15:39:07', 2),
(315, 405, 0, 2, 1, 204, 1, 0, 3, '-', 108, '2024-07-25 15:39:07', 2, '2024-07-25 15:39:07', 2),
(316, 406, 0, 2, 1, 205, 1, 0, 3, '-', 109, '2024-07-25 15:39:07', 2, '2024-07-25 15:39:07', 2),
(317, 407, 0, 2, 1, 206, 1, 0, 3, '-', 110, '2024-07-25 15:39:07', 2, '2024-07-25 15:39:07', 2),
(318, 408, 0, 2, 1, 206, 1, 0, 3, '-', 110, '2024-07-25 15:39:07', 2, '2024-07-25 15:39:07', 2),
(319, 409, 0, 2, 1, 205, 1, 0, 3, '-', 109, '2024-07-25 15:39:07', 2, '2024-07-25 15:39:07', 2),
(320, 410, 0, 2, 1, 205, 1, 0, 3, '-', 109, '2024-07-25 15:39:07', 2, '2024-07-25 15:39:07', 2),
(321, 411, 0, 2, 1, 89, 1, 0, 3, '-', 53, '2024-07-25 15:39:07', 2, '2024-07-25 15:39:07', 2),
(322, 412, 0, 2, 1, 89, 1, 0, 3, '-', 53, '2024-07-25 15:39:07', 2, '2024-07-25 15:39:07', 2),
(323, 413, 0, 2, 1, 203, 1, 0, 3, '-', 107, '2024-07-25 15:39:07', 2, '2024-07-25 15:39:07', 2),
(324, 414, 0, 2, 1, 55, 1, 0, 3, 'Ruang Marketing', 111, '2024-07-25 15:39:07', 2, '2024-07-25 15:39:07', 2),
(325, 415, 0, 2, 1, 55, 1, 0, 3, 'Depan SAS', 111, '2024-07-25 15:39:07', 2, '2024-07-25 15:39:07', 2),
(326, 416, 0, 2, 1, 55, 1, 0, 3, 'Lt.6', 111, '2024-07-25 15:39:07', 2, '2024-07-25 15:39:07', 2),
(327, 417, 0, 2, 1, 55, 1, 0, 3, 'R.Sekretariat Lt.6', 111, '2024-07-25 15:39:07', 2, '2024-07-25 15:39:07', 2),
(328, 418, 0, 2, 1, 55, 1, 0, 3, 'R.library Lt.5', 111, '2024-07-25 15:39:07', 2, '2024-07-25 15:39:07', 2),
(329, 419, 0, 2, 1, 55, 1, 0, 3, 'Lt.5 depan 512', 111, '2024-07-25 15:39:07', 2, '2024-07-25 15:39:07', 2),
(330, 420, 0, 2, 1, 55, 1, 0, 3, 'Depan 508/R.server IT', 111, '2024-07-25 15:39:07', 2, '2024-07-25 15:39:07', 2),
(331, 421, 0, 2, 1, 55, 1, 0, 3, 'Depan 505', 111, '2024-07-25 15:39:07', 2, '2024-07-25 15:39:07', 2),
(332, 422, 0, 2, 1, 55, 1, 0, 3, 'Depan Resto baru Lt.6', 111, '2024-07-25 15:39:07', 2, '2024-07-25 15:39:07', 2),
(333, 423, 0, 2, 1, 55, 1, 0, 3, 'Depan 507', 111, '2024-07-25 15:39:07', 2, '2024-07-25 15:39:07', 2),
(334, 424, 0, 2, 1, 55, 1, 0, 3, 'R.HBP Lt.6', 111, '2024-07-25 15:39:07', 2, '2024-07-25 15:39:07', 2),
(335, 425, 0, 2, 1, 55, 1, 0, 3, 'Depan 513', 111, '2024-07-25 15:39:07', 2, '2024-07-25 15:39:07', 2),
(336, 426, 0, 2, 1, 55, 1, 0, 3, 'Depan 517 kantin', 111, '2024-07-25 15:39:07', 2, '2024-07-25 15:39:07', 2),
(337, 427, 0, 2, 1, 203, 1, 0, 3, '-', 107, '2024-07-25 15:39:07', 2, '2024-07-25 15:39:07', 2),
(338, 428, 0, 2, 1, 203, 1, 0, 3, '-', 107, '2024-07-25 15:39:07', 2, '2024-07-25 15:39:07', 2),
(339, 429, 0, 2, 1, 207, 1, 0, 3, '-', 112, '2024-07-25 15:39:07', 2, '2024-07-25 15:39:07', 2),
(340, 430, 0, 2, 1, 55, 1, 0, 3, 'Front  Office HBP', 111, '2024-07-25 15:39:07', 2, '2024-07-25 15:39:07', 2),
(341, 431, 0, 2, 1, 55, 1, 0, 3, 'Lt.6', 111, '2024-07-25 15:39:07', 2, '2024-07-25 15:39:07', 2),
(342, 432, 0, 2, 1, 55, 1, 0, 3, 'R.Dosen Lt.5', 111, '2024-07-25 15:39:07', 2, '2024-07-25 15:39:07', 2),
(343, 433, 0, 2, 1, 55, 1, 0, 3, 'Coridor lt.6 depan HBP lama', 111, '2024-07-25 15:39:07', 2, '2024-07-25 15:39:07', 2),
(344, 434, 0, 2, 1, 208, 1, 0, 3, '-', 113, '2024-07-25 15:39:07', 2, '2024-07-25 15:39:07', 2),
(345, 435, 0, 2, 1, 209, 1, 0, 3, '-', 114, '2024-07-25 15:39:07', 2, '2024-07-25 15:39:07', 2),
(346, 436, 0, 2, 1, 210, 1, 0, 3, '-', 115, '2024-07-25 15:39:07', 2, '2024-07-25 15:39:07', 2),
(347, 437, 0, 2, 1, 210, 1, 0, 3, '-', 115, '2024-07-25 15:39:07', 2, '2024-07-25 15:39:07', 2),
(348, 438, 0, 2, 1, 211, 1, 0, 3, 'Depan Class 519', 116, '2024-07-25 15:39:07', 2, '2024-07-25 15:39:07', 2),
(349, 439, 0, 2, 1, 212, 1, 0, 3, 'R.KaProdi Lt.5', 117, '2024-07-25 15:39:07', 2, '2024-07-25 15:39:07', 2),
(350, 440, 0, 2, 1, 213, 1, 0, 3, 'Depan 501', 118, '2024-07-25 15:39:07', 2, '2024-07-25 15:39:07', 2),
(351, 441, 0, 2, 1, 214, 1, 0, 3, '-', 119, '2024-07-25 15:39:07', 2, '2024-07-25 15:39:07', 2),
(352, 442, 0, 2, 1, 215, 1, 0, 3, '-', 120, '2024-07-25 15:39:07', 2, '2024-07-25 15:39:07', 2),
(353, 443, 0, 2, 1, 216, 1, 0, 3, '-', 121, '2024-07-25 15:39:07', 2, '2024-07-25 15:39:07', 2),
(354, 444, 0, 2, 1, 217, 1, 0, 3, '-', 122, '2024-07-25 15:39:07', 2, '2024-07-25 15:39:07', 2),
(355, 445, 0, 2, 1, 55, 1, 0, 3, 'Depan R.Arsitek Lt.6', 111, '2024-07-25 15:39:07', 2, '2024-07-25 15:39:07', 2),
(356, 446, 0, 2, 1, 55, 1, 0, 3, 'R.Finance lt.6/auditorium', 111, '2024-07-25 15:39:07', 2, '2024-07-25 15:39:07', 2),
(357, 447, 0, 2, 1, 218, 1, 0, 3, '-', 123, '2024-07-25 15:39:07', 2, '2024-07-25 15:39:07', 2),
(358, 448, 0, 2, 1, 205, 1, 0, 3, '-', 109, '2024-07-25 15:39:07', 2, '2024-07-25 15:39:07', 2),
(359, 449, 0, 2, 1, 217, 1, 0, 3, '-', 122, '2024-07-25 15:39:07', 2, '2024-07-25 15:39:07', 2),
(360, 450, 0, 2, 1, 55, 1, 0, 3, '-', 111, '2024-07-25 15:39:07', 2, '2024-07-25 15:39:07', 2),
(361, 451, 0, 2, 1, 55, 1, 0, 3, '-', 111, '2024-07-25 15:39:07', 2, '2024-07-25 15:39:07', 2),
(362, 452, 0, 2, 1, 218, 1, 0, 3, '-', 123, '2024-07-25 15:39:07', 2, '2024-07-25 15:39:07', 2),
(363, 453, 0, 2, 1, 178, 1, 0, 3, '-', 124, '2024-07-25 15:39:07', 2, '2024-07-25 15:39:07', 2),
(364, 454, 0, 2, 1, 219, 1, 0, 3, '-', 125, '2024-07-25 15:39:07', 2, '2024-07-25 15:39:07', 2),
(365, 455, 0, 2, 1, 220, 1, 0, 3, '-', 126, '2024-07-25 15:39:07', 2, '2024-07-25 15:39:07', 2),
(366, 456, 0, 2, 1, 221, 1, 0, 3, '-', 127, '2024-07-25 15:39:07', 2, '2024-07-25 15:39:07', 2),
(367, 457, 0, 2, 1, 222, 1, 0, 3, '-', 128, '2024-07-25 15:39:07', 2, '2024-07-25 15:39:07', 2),
(368, 458, 0, 2, 1, 223, 1, 0, 3, '-', 129, '2024-07-25 15:39:07', 2, '2024-07-25 15:39:07', 2),
(369, 459, 0, 2, 1, 224, 1, 0, 3, '-', 130, '2024-07-25 15:39:07', 2, '2024-07-25 15:39:07', 2),
(370, 460, 0, 2, 1, 166, 1, 0, 3, '-', 131, '2024-07-25 15:39:07', 2, '2024-07-25 15:39:07', 2),
(371, 461, 0, 2, 1, 225, 1, 0, 3, '-', 132, '2024-07-25 15:39:07', 2, '2024-07-25 15:39:07', 2),
(372, 462, 0, 2, 1, 226, 1, 0, 3, '-', 133, '2024-07-25 15:39:07', 2, '2024-07-25 15:39:07', 2),
(373, 463, 0, 2, 1, 227, 1, 0, 3, '-', 134, '2024-07-25 15:39:07', 2, '2024-07-25 15:39:07', 2),
(374, 464, 0, 2, 1, 228, 1, 0, 3, '-', 135, '2024-07-25 15:39:07', 2, '2024-07-25 15:39:07', 2),
(375, 465, 0, 2, 1, 229, 1, 0, 3, '-', 136, '2024-07-25 15:39:07', 2, '2024-07-25 15:39:07', 2),
(376, 466, 0, 2, 1, 230, 1, 0, 3, '-', 137, '2024-07-25 15:39:07', 2, '2024-07-25 15:39:07', 2),
(377, 467, 0, 2, 1, 205, 1, 0, 3, '-', 109, '2024-07-25 15:39:07', 2, '2024-07-25 15:39:07', 2),
(378, 468, 0, 2, 1, 205, 1, 0, 3, '-', 109, '2024-07-25 15:39:07', 2, '2024-07-25 15:39:07', 2),
(379, 469, 0, 2, 1, 205, 1, 0, 3, '-', 109, '2024-07-25 15:39:07', 2, '2024-07-25 15:39:07', 2),
(380, 470, 0, 2, 1, 231, 1, 0, 3, '-', 138, '2024-07-25 15:39:11', 2, '2024-07-25 15:39:11', 2),
(381, 471, 0, 2, 1, 231, 1, 0, 3, '-', 138, '2024-07-25 15:39:11', 2, '2024-07-25 15:39:11', 2),
(382, 472, 0, 2, 1, 232, 1, 0, 3, '-', 139, '2024-07-25 15:39:16', 2, '2024-07-25 15:39:16', 2),
(383, 473, 0, 2, 1, 233, 1, 0, 3, '-', 40, '2024-07-25 15:39:16', 2, '2024-07-25 15:39:16', 2),
(384, 474, 0, 2, 1, 234, 1, 0, 3, '-', 140, '2024-07-25 15:39:21', 2, '2024-07-25 15:39:21', 2),
(385, 475, 0, 2, 1, 157, 1, 0, 3, '-', 141, '2024-07-25 15:39:21', 2, '2024-07-25 15:39:21', 2),
(386, 476, 0, 2, 1, 235, 1, 0, 3, '-', 142, '2024-07-25 15:39:21', 2, '2024-07-25 15:39:21', 2),
(387, 477, 0, 2, 1, 234, 1, 0, 3, 'Ex508', 140, '2024-07-25 15:39:21', 2, '2024-07-25 15:39:21', 2),
(388, 478, 0, 2, 1, 160, 1, 0, 3, '-', 143, '2024-07-25 15:39:21', 2, '2024-07-25 15:39:21', 2),
(389, 479, 0, 2, 1, 163, 1, 0, 3, '-', 144, '2024-07-25 15:39:21', 2, '2024-07-25 15:39:21', 2),
(390, 480, 0, 2, 1, 141, 1, 0, 3, '-', 145, '2024-07-25 15:39:21', 2, '2024-07-25 15:39:21', 2),
(391, 481, 0, 2, 1, 155, 1, 0, 3, '-', 146, '2024-07-25 15:39:21', 2, '2024-07-25 15:39:21', 2),
(392, 482, 0, 2, 1, 236, 1, 0, 3, 'ex 515 Perbaikan 1-Nov-2023,di ruang IT lt5', 147, '2024-07-25 15:39:21', 2, '2024-07-25 15:39:21', 2),
(393, 483, 0, 2, 1, 132, 1, 0, 3, '-', 148, '2024-07-25 15:39:21', 2, '2024-07-25 15:39:21', 2),
(394, 484, 0, 2, 1, 234, 1, 0, 3, '-', 140, '2024-07-25 15:39:21', 2, '2024-07-25 15:39:21', 2),
(395, 485, 0, 2, 1, 117, 1, 0, 3, '-', 149, '2024-07-25 15:39:21', 2, '2024-07-25 15:39:21', 2),
(396, 486, 0, 2, 1, 78, 1, 0, 3, '-', 22, '2024-07-25 15:39:21', 2, '2024-07-25 15:39:21', 2),
(397, 487, 0, 2, 1, 237, 1, 0, 2, '-', 150, '2024-07-25 15:39:21', 2, '2024-07-25 15:39:21', 2),
(398, 488, 0, 2, 1, 238, 1, 0, 3, '-', 151, '2024-07-25 15:39:21', 2, '2024-07-25 15:39:21', 2),
(399, 489, 0, 2, 1, 101, 1, 0, 3, '-', 152, '2024-07-25 15:39:21', 2, '2024-07-25 15:39:21', 2),
(400, 490, 0, 2, 1, 237, 1, 0, 2, '-', 150, '2024-07-25 15:39:21', 2, '2024-07-25 15:39:21', 2),
(401, 491, 0, 2, 1, 97, 1, 0, 3, '-', 153, '2024-07-25 15:39:21', 2, '2024-07-25 15:39:21', 2),
(402, 492, 0, 2, 1, 164, 1, 0, 3, 'dipinjem 515', 154, '2024-07-25 15:39:21', 2, '2024-07-25 15:39:21', 2),
(403, 493, 0, 2, 1, 237, 1, 0, 3, 'ex513', 150, '2024-07-25 15:39:21', 2, '2024-07-25 15:39:21', 2),
(404, 494, 0, 2, 1, 237, 1, 0, 3, 'ex521', 150, '2024-07-25 15:39:21', 2, '2024-07-25 15:39:21', 2),
(405, 495, 0, 2, 1, 186, 1, 0, 3, '604', 155, '2024-07-25 15:39:21', 2, '2024-07-25 15:39:21', 2),
(406, 496, 0, 2, 1, 184, 1, 0, 3, '605', 156, '2024-07-25 15:39:21', 2, '2024-07-25 15:39:21', 2),
(407, 497, 0, 2, 1, 236, 1, 0, 3, 'ex 605 Perbaikan 5-Feb-2024,di ruang IT lt5', 147, '2024-07-25 15:39:21', 2, '2024-07-25 15:39:21', 2),
(408, 498, 0, 2, 1, 236, 1, 0, 3, 'ex 607 Perbaikan 5-Feb-2024,di ruang IT lt5', 147, '2024-07-25 15:39:21', 2, '2024-07-25 15:39:21', 2),
(409, 499, 0, 2, 1, 239, 1, 0, 3, '-', 157, '2024-07-25 15:39:21', 2, '2024-07-25 15:39:21', 2),
(410, 500, 0, 2, 1, 239, 1, 0, 3, '-', 157, '2024-07-25 15:39:21', 2, '2024-07-25 15:39:21', 2),
(411, 501, 0, 2, 1, 239, 1, 0, 3, '-', 157, '2024-07-25 15:39:21', 2, '2024-07-25 15:39:21', 2),
(412, 502, 0, 2, 1, 237, 1, 0, 3, 'ex523', 150, '2024-07-25 15:39:21', 2, '2024-07-25 15:39:21', 2),
(413, 503, 0, 2, 1, 240, 1, 0, 3, '-', 158, '2024-07-25 15:39:21', 2, '2024-07-25 15:39:21', 2),
(414, 504, 0, 2, 1, 241, 1, 0, 3, '-', 159, '2024-07-25 15:39:21', 2, '2024-07-25 15:39:21', 2),
(415, 505, 0, 2, 1, 137, 1, 0, 3, '-', 160, '2024-07-25 15:39:21', 2, '2024-07-25 15:39:21', 2),
(416, 506, 0, 2, 1, 188, 1, 0, 3, '-', 161, '2024-07-25 15:39:21', 2, '2024-07-25 15:39:21', 2),
(417, 507, 0, 2, 1, 242, 1, 0, 3, '-', 162, '2024-07-25 15:39:21', 2, '2024-07-25 15:39:21', 2),
(418, 508, 0, 2, 1, 243, 1, 0, 3, '-', 163, '2024-07-25 15:39:21', 2, '2024-07-25 15:39:21', 2),
(419, 509, 0, 2, 1, 244, 1, 0, 3, '-', 164, '2024-07-25 15:39:21', 2, '2024-07-25 15:39:21', 2),
(420, 510, 0, 2, 1, 65, 1, 0, 3, '-', 11, '2024-07-25 15:39:25', 2, '2024-07-25 15:39:25', 2),
(421, 511, 0, 2, 1, 66, 1, 0, 3, 'ex.504', 12, '2024-07-25 15:39:25', 2, '2024-07-25 15:39:25', 2),
(422, 512, 0, 2, 1, 67, 1, 0, 3, '-', 13, '2024-07-25 15:39:25', 2, '2024-07-25 15:39:25', 2),
(423, 513, 0, 2, 1, 68, 1, 0, 3, '-', 14, '2024-07-25 15:39:25', 2, '2024-07-25 15:39:25', 2),
(424, 514, 0, 2, 1, 69, 1, 0, 3, '-', 15, '2024-07-25 15:39:25', 2, '2024-07-25 15:39:25', 2),
(425, 515, 0, 2, 1, 66, 1, 0, 3, 'ex.508', 12, '2024-07-25 15:39:25', 2, '2024-07-25 15:39:25', 2),
(426, 516, 0, 2, 1, 70, 1, 0, 3, '-', 16, '2024-07-25 15:39:25', 2, '2024-07-25 15:39:25', 2),
(427, 517, 0, 2, 1, 71, 1, 0, 2, '[Removal /Dimusnahkan - 11 Juni 2020]', 10, '2024-07-25 15:39:25', 2, '2024-07-25 15:39:25', 2),
(428, 518, 0, 2, 1, 245, 1, 0, 3, '-', 165, '2024-07-25 15:39:30', 2, '2024-07-25 15:39:30', 2),
(429, 519, 0, 2, 1, 246, 1, 0, 3, '-', 166, '2024-07-25 15:39:30', 2, '2024-07-25 15:39:30', 2),
(430, 520, 0, 2, 1, 247, 1, 0, 3, '-', 167, '2024-07-25 15:39:30', 2, '2024-07-25 15:39:30', 2),
(431, 521, 0, 2, 1, 248, 1, 0, 3, '-', 168, '2024-07-25 15:39:30', 2, '2024-07-25 15:39:30', 2),
(432, 522, 0, 2, 1, 233, 1, 0, 3, '-', 40, '2024-07-25 15:39:36', 2, '2024-07-25 15:39:36', 2),
(433, 523, 0, 2, 1, 249, 1, 0, 3, '-', 169, '2024-07-25 15:39:36', 2, '2024-07-25 15:39:36', 2),
(434, 524, 0, 2, 1, 249, 1, 0, 3, '-', 169, '2024-07-25 15:39:36', 2, '2024-07-25 15:39:36', 2),
(435, 525, 0, 2, 1, 249, 1, 0, 3, '-', 169, '2024-07-25 15:39:36', 2, '2024-07-25 15:39:36', 2),
(436, 526, 0, 2, 1, 249, 1, 0, 3, '-', 169, '2024-07-25 15:39:36', 2, '2024-07-25 15:39:36', 2),
(437, 527, 0, 2, 1, 233, 1, 0, 3, '-', 40, '2024-07-25 15:39:36', 2, '2024-07-25 15:39:36', 2),
(438, 528, 0, 2, 1, 233, 1, 0, 3, '-', 40, '2024-07-25 15:39:36', 2, '2024-07-25 15:39:36', 2),
(439, 529, 0, 2, 1, 233, 1, 0, 3, '-', 40, '2024-07-25 15:39:36', 2, '2024-07-25 15:39:36', 2);

-- --------------------------------------------------------

--
-- Table structure for table `m_user`
--

CREATE TABLE `m_user` (
  `id` int(11) NOT NULL,
  `name` varchar(255) NOT NULL,
  `username` varchar(255) NOT NULL,
  `password` varchar(255) NOT NULL,
  `email` varchar(255) NOT NULL,
  `department` varchar(255) NOT NULL,
  `people` int(1) NOT NULL DEFAULT 1,
  `jabatan` varchar(255) NOT NULL,
  `phone_number` varchar(30) NOT NULL,
  `id_role` int(11) NOT NULL,
  `photo` varchar(255) NOT NULL,
  `status` int(11) NOT NULL DEFAULT 1,
  `created_at` datetime NOT NULL DEFAULT current_timestamp(),
  `created_by` int(11) NOT NULL,
  `updated_at` datetime NOT NULL DEFAULT current_timestamp(),
  `updated_by` int(11) NOT NULL
) ENGINE=InnoDB DEFAULT CHARSET=utf8mb4;

--
-- Dumping data for table `m_user`
--

INSERT INTO `m_user` (`id`, `name`, `username`, `password`, `email`, `department`, `people`, `jabatan`, `phone_number`, `id_role`, `photo`, `status`, `created_at`, `created_by`, `updated_at`, `updated_by`) VALUES
(1, 'Muhammad Supriyadi', 'musupadi', '202cb962ac59075b964b07152d234b70', 'musupadi159@gmail.com', 'IT', 1, '', '123', 1, 'default.png', 1, '2024-05-29 11:19:40', 1, '2024-05-29 11:19:40', 1),
(2, 'Ridwan', 'ridwan', '202cb962ac59075b964b07152d234b70', 'ridwan@gmail.com', 'IT', 1, '', '123', 3, 'logo.jpg', 1, '2024-05-29 11:20:19', 1, '2024-07-25 15:40:53', 1),
(3, 'Martin', '2018034', '202cb962ac59075b964b07152d234b70', 'martin.hasen@podomorouniversity.ac.id', 'IT', 1, '', '123', 1, 'logo.jpg', 1, '2024-05-29 15:55:25', 1, '2024-05-30 08:20:50', 1),
(4, 'Rosalia Airin Octavianti', '2022040', '202cb962ac59075b964b07152d234b70', 'rosalia.octavianti@podomorouniversity.ac.id', 'Marketing', 1, '', '0', 4, 'logo.jpg', 1, '2024-05-31 12:00:53', 3, '2024-06-05 16:10:01', 3),
(5, 'Aji Kowiyu', '2021020', '202cb962ac59075b964b07152d234b70', 'aji.kowiyu@podomorouniversity.ac.id', 'IT', 1, '', '0', 3, 'logo.jpg', 1, '2024-05-31 12:02:03', 3, '2024-05-31 14:24:51', 3),
(6, 'Ridha Rahmatia', '1017104', '202cb962ac59075b964b07152d234b70', 'ridha.rahmatia@podomorouniversity.ac.id', 'Prodi', 1, '', '0', 4, 'logo.jpg', 1, '2024-05-31 12:08:45', 3, '2024-05-31 12:08:45', 3),
(7, 'Rachel Gavriela', '2023038', '202cb962ac59075b964b07152d234b70', 'rachel.gavriela@podomorouniversity.ac.id', 'Marketing Communication', 1, '', '0', 3, 'logo.jpg', 1, '2024-05-31 15:17:41', 3, '2024-06-05 15:15:01', 3),
(8, 'Novianah Dwi Pratiwi', '1015044', '202cb962ac59075b964b07152d234b70', 'novianah.dwi@podomorouniversity.ac.id', 'LPMI', 1, '', '0', 4, 'logo.jpg', 1, '2024-05-31 15:19:17', 3, '2024-05-31 15:19:17', 3),
(9, 'Try Intan Permatasari', '1018050', '202cb962ac59075b964b07152d234b70', 'try.permatasari@podomorouniversity.ac.id', 'Prodi', 1, '', '0', 4, 'logo.jpg', 1, '2024-05-31 15:20:09', 3, '2024-05-31 15:20:09', 3),
(10, 'Dina Mairani', '1017089', '202cb962ac59075b964b07152d234b70', 'dina.mairani@podomorouniversity.ac.id', 'Faculty', 1, '', '0', 4, 'logo.jpg', 1, '2024-05-31 15:20:48', 3, '2024-05-31 14:24:38', 3),
(11, 'Nida Aisyah', '1021019', '202cb962ac59075b964b07152d234b70', 'nida.aisyah@podomorouniversity.ac.id', 'LPPM', 1, '', '0', 4, 'logo.jpg', 1, '2024-05-31 15:21:45', 3, '2024-05-31 15:21:45', 3),
(12, 'Herlia Eka Saputri', '1016024', '202cb962ac59075b964b07152d234b70', 'herlia.eka@podomorouniversity.ac.id', 'Prodi', 1, '', '0', 4, 'logo.jpg', 1, '2024-05-31 15:23:04', 3, '2024-05-31 15:23:04', 3),
(13, 'Rahmi Taufika', '1018030', '202cb962ac59075b964b07152d234b70', 'rahmi.taufika@podomorouniversity.ac.id', 'Prodi', 1, '', '0', 4, 'logo.jpg', 1, '2024-05-31 15:24:24', 3, '2024-05-31 14:24:32', 3),
(14, 'Ika Prasetya Oktora', '1016072', '202cb962ac59075b964b07152d234b70', 'ika.oktora@podomorouniversity.ac.id', 'Kerjasama', 1, '', '0', 4, 'logo.jpg', 1, '2024-05-31 15:26:53', 3, '2024-05-31 15:26:53', 3),
(15, 'Idham Muhamad Furqon', '1023041', '202cb962ac59075b964b07152d234b70', 'idham.furqon@podomorouniversity.ac.id', 'PUX', 1, '', '0', 4, 'logo.jpg', 1, '2024-05-31 15:27:27', 3, '2024-05-31 15:27:27', 3),
(16, 'Erlina', '1017049', '202cb962ac59075b964b07152d234b70', 'erlina@podomorouniversity.ac.id', 'Faculty', 1, '', '0', 4, 'logo.jpg', 1, '2024-06-03 15:26:54', 3, '2024-06-03 15:26:54', 3),
(17, 'Prima Putri Roulina', '2016020', '202cb962ac59075b964b07152d234b70', 'prima.putri@podomorouniversity.ac.id', 'Marketing', 1, '', '0', 4, 'logo.jpg', 1, '2024-06-04 09:57:42', 3, '2024-06-04 09:57:42', 3),
(18, 'Trisno Kuswardi', '2015040', '202cb962ac59075b964b07152d234b70', 'trisno.kuswardi@podomorouniversity.ac.id', 'Marketing', 1, '', '0', 4, 'logo.jpg', 1, '2024-06-04 09:58:44', 3, '2024-06-04 09:58:44', 3),
(19, 'Shandy Susanto', '3120040', '202cb962ac59075b964b07152d234b70', 'shandy.susanto@podomorouniversity.ac.id', 'Prodi', 1, '', '0', 4, 'logo.jpg', 1, '2024-06-04 10:04:42', 3, '2024-06-04 10:04:42', 3),
(20, 'Candra Tjahyono', '2020052', '202cb962ac59075b964b07152d234b70', 'candra.tjahyono@podomorouniversity.ac.id', 'PUX', 1, '', '0', 4, 'logo.jpg', 1, '2024-06-04 10:05:36', 3, '2024-06-04 10:05:36', 3),
(21, 'Dewi Destilani', '1016068', '202cb962ac59075b964b07152d234b70', 'dewi.destilani@podomorouniversity.ac.id', 'Prodi', 1, '', '0', 4, 'logo.jpg', 1, '2024-06-04 10:43:04', 3, '2024-06-04 10:43:04', 3),
(22, 'Ariska Kristianto', '1021023', '202cb962ac59075b964b07152d234b70', 'ariska.kristianto@podomorouniversity.ac.id', 'Student Life', 1, '', '0', 4, 'logo.jpg', 1, '2024-06-04 10:45:40', 3, '2024-06-04 10:45:40', 3),
(23, 'Sanggup Leonard Agustian', '3018074', '202cb962ac59075b964b07152d234b70', 'sanggup.agustian@podomorouniversity.ac.id', 'Prodi', 1, '', '0', 4, 'logo.jpg', 1, '2024-06-04 10:46:23', 3, '2024-06-04 10:46:23', 3),
(24, 'Sunny', '1016010', '202cb962ac59075b964b07152d234b70', 'sunny@podomorouniversity.ac.id', 'Sekretariat', 1, '', '0', 4, 'logo.jpg', 1, '2024-06-04 10:47:31', 3, '2024-06-04 10:47:31', 3),
(25, 'Carla Margareta', '1022019', '202cb962ac59075b964b07152d234b70', 'carla.margareta@podomorouniversity.ac.id', 'Prodi', 1, '', '0', 4, 'logo.jpg', 1, '2024-06-04 10:48:29', 3, '2024-06-04 10:48:29', 3),
(26, 'Rifa\'ih', '1016011', '202cb962ac59075b964b07152d234b70', 'rifaih@podomorouniversity.ac.id', 'Prodi', 1, '', '0', 4, 'logo.jpg', 1, '2024-06-04 10:49:20', 3, '2024-06-04 10:49:20', 3),
(27, 'Denny Ardhi Wibowo', '3018001', '202cb962ac59075b964b07152d234b70', 'denny.wibowo@podomorouniversity.ac.id', 'Prodi', 1, '', '0', 4, 'logo.jpg', 1, '2024-06-04 11:09:11', 3, '2024-06-04 11:09:11', 3),
(28, 'Zulkifli Ihza Mahendra', '1022041', '202cb962ac59075b964b07152d234b70', 'zulkifli.mahendra@podomorouniversity.ac.id', 'Kerjasama', 1, '', '0', 4, 'logo.jpg', 1, '2024-06-04 12:07:26', 3, '2024-06-04 12:07:26', 3),
(29, 'Yanti Puspita', '3117019', '202cb962ac59075b964b07152d234b70', 'yanti.puspita@podomorouniversity.ac.id', 'Sekretariat', 1, '', '0', 4, 'logo.jpg', 1, '2024-06-04 12:08:12', 3, '2024-06-04 12:08:12', 3),
(30, 'Aliya Safithri', '1022035', '202cb962ac59075b964b07152d234b70', 'aliya.safithri@podomorouniversity.ac.id', 'Student Life', 1, '', '0', 4, 'logo.jpg', 1, '2024-06-04 12:09:49', 3, '2024-06-04 12:09:49', 3),
(31, 'Sabrina Krizia', '2023015', '202cb962ac59075b964b07152d234b70', 'sabrina.krizia@podomorouniversity.ac.id', 'PUX', 1, '', '0', 4, 'logo.jpg', 1, '2024-06-04 12:19:11', 3, '2024-06-04 12:19:11', 3),
(32, 'Christine Hartaty Hutauruk', '2023002', '202cb962ac59075b964b07152d234b70', 'christine.hutauruk@podomorouniversity.ac.id', 'Marketing', 1, '', '0', 4, 'logo.jpg', 1, '2024-06-04 13:02:17', 3, '2024-06-04 13:02:17', 3),
(33, 'Aryanto Ruben Surbakti', '2017086', '202cb962ac59075b964b07152d234b70', 'aryanto.ruben@podomorouniversity.ac.id', 'Marketing', 1, '', '0', 4, 'logo.jpg', 1, '2024-06-04 13:04:43', 3, '2024-06-04 13:04:43', 3),
(34, 'Sonny Tejasukmana', '2023030', '202cb962ac59075b964b07152d234b70', 'sonny.tejasukmana@podomorouniversity.ac.id', 'Marketing', 1, '', '0', 4, 'logo.jpg', 1, '2024-06-04 13:17:28', 3, '2024-06-04 13:17:28', 3),
(35, 'Dede Suhendar', '2014021', '202cb962ac59075b964b07152d234b70', 'dede.suhendar@podomorouniversity.ac.id', 'GA', 1, '', '0', 4, 'logo.jpg', 1, '2024-06-04 16:57:24', 3, '2024-06-04 16:57:24', 3),
(36, 'Douwes Lasmana', '2024005', '202cb962ac59075b964b07152d234b70', 'douwes.lasmana@podomorouniversity.ac.id', 'Marketing', 1, '', '0', 3, 'logo.jpg', 1, '2024-06-05 15:53:17', 3, '2024-06-05 14:54:32', 3),
(37, 'Ferghyna ', '2022006', '202cb962ac59075b964b07152d234b70', 'ferghyna@podomorouniversity.ac.id', 'IT', 1, '', '0', 1, 'logo.jpg', 1, '2024-06-06 10:07:59', 1, '2024-06-06 10:07:59', 1),
(38, 'Anggi Agista', 'Anggi Agista', '3ad048096d3cd33f17bc7b5276f1bb94', 'anggi.agista@podomorouniversity.ac.id', 'Purchasing', 1, '', '085691721998', 4, 'logo.jpg', 1, '2024-06-19 11:26:26', 0, '2024-06-19 11:26:26', 0),
(39, 'user', 'us', 'e10adc3949ba59abbe56e057f20f883e', 'user@gmail.com', '', 1, '', '', 4, 'logo.jpg', 1, '2024-06-19 11:31:33', 0, '2024-06-19 11:31:33', 0),
(40, 'Adhy Arini', '2018027', '202cb962ac59075b964b07152d234b70', 'adhy.arini@podomorouniversity.ac.id', 'General Affairs', 1, '', '0', 3, 'logo.jpg', 1, '2024-06-24 15:37:49', 3, '2024-06-24 15:37:49', 3),
(41, 'Aang Sumpena', '1018090', '202cb962ac59075b964b07152d234b70', 'aang.sumpena@podomorouniversity.ac.id', 'General Affairs', 1, '', '0', 3, 'logo.jpg', 1, '2024-06-24 15:38:26', 3, '2024-06-24 15:38:26', 3),
(42, ' Wahyu Imam Samudera', '1022008', '202cb962ac59075b964b07152d234b70', 'wahyu.samudera@podomorouniversity.ac.id', 'General Affairs', 1, '', '0', 3, 'logo.jpg', 1, '2024-06-24 15:39:16', 3, '2024-06-24 15:39:16', 3),
(43, 'Agustian', 'Agustian', '219d47d651c448fdbcf1061a2de7128e', '', '', 1, '-', '', 4, 'logo.jpg', 1, '2024-07-25 15:38:34', 2, '2024-07-25 15:38:34', 2),
(44, 'NJIS', 'NJIS', '219d47d651c448fdbcf1061a2de7128e', '', '', 0, '-', '', 4, 'logo.jpg', 1, '2024-07-25 15:38:34', 2, '2024-07-25 15:38:34', 2),
(45, 'Demaged', 'Demaged', '219d47d651c448fdbcf1061a2de7128e', '', '', 0, '-', '', 4, 'logo.jpg', 1, '2024-07-25 15:38:34', 2, '2024-07-25 15:38:34', 2),
(46, 'Priskila Anggraeni', 'Priskila Anggraeni', '219d47d651c448fdbcf1061a2de7128e', '', '', 1, '-', '', 4, 'logo.jpg', 1, '2024-07-25 15:38:34', 2, '2024-07-25 15:38:34', 2),
(47, 'Sani Heryanto', 'Sani Heryanto', '219d47d651c448fdbcf1061a2de7128e', '', '', 1, '-', '', 4, 'logo.jpg', 1, '2024-07-25 15:38:34', 2, '2024-07-25 15:38:34', 2),
(48, 'Peminjaman Mobile no1', 'Peminjaman Mobile no1', '219d47d651c448fdbcf1061a2de7128e', '', '', 0, '-', '', 4, 'logo.jpg', 1, '2024-07-25 15:38:34', 2, '2024-07-25 15:38:34', 2),
(49, 'Veronika Paska', 'Veronika Paska', '219d47d651c448fdbcf1061a2de7128e', '', '', 1, '-', '', 4, 'logo.jpg', 1, '2024-07-25 15:38:34', 2, '2024-07-25 15:38:34', 2),
(50, 'Marlina S', 'Marlina S', '219d47d651c448fdbcf1061a2de7128e', '', '', 1, '-', '', 4, 'logo.jpg', 1, '2024-07-25 15:38:34', 2, '2024-07-25 15:38:34', 2),
(51, 'Fernando Syahputra', 'Fernando Syahputra', '219d47d651c448fdbcf1061a2de7128e', '', '', 1, '-', '', 4, 'logo.jpg', 1, '2024-07-25 15:38:34', 2, '2024-07-25 15:38:34', 2),
(52, 'Belmiro', 'Belmiro', '219d47d651c448fdbcf1061a2de7128e', '', '', 1, '-', '', 4, 'logo.jpg', 1, '2024-07-25 15:38:34', 2, '2024-07-25 15:38:34', 2),
(53, 'Rahmatyas Aditantri', 'Rahmatyas Aditantri', '219d47d651c448fdbcf1061a2de7128e', '', '', 1, '-', '', 4, 'logo.jpg', 1, '2024-07-25 15:38:34', 2, '2024-07-25 15:38:34', 2),
(54, 'Peminjaman Mobile no3', 'Peminjaman Mobile no3', '219d47d651c448fdbcf1061a2de7128e', '', '', 0, '-', '', 4, 'logo.jpg', 1, '2024-07-25 15:38:34', 2, '2024-07-25 15:38:34', 2),
(55, 'R.IT lantai 5', 'R.IT lantai 5', '219d47d651c448fdbcf1061a2de7128e', '', '', 0, '-', '', 4, 'logo.jpg', 1, '2024-07-25 15:38:34', 2, '2024-07-25 15:38:34', 2),
(56, 'Back up peminjaman', 'Back up peminjaman', '219d47d651c448fdbcf1061a2de7128e', '', '', 0, '-', '', 4, 'logo.jpg', 1, '2024-07-25 15:38:34', 2, '2024-07-25 15:38:34', 2),
(57, 'Steven setiadi', 'Steven setiadi', '219d47d651c448fdbcf1061a2de7128e', '', '', 1, '-', '', 4, 'logo.jpg', 1, '2024-07-25 15:38:34', 2, '2024-07-25 15:38:34', 2),
(58, 'Ferdinand Fassa', 'Ferdinand Fassa', '219d47d651c448fdbcf1061a2de7128e', '', '', 1, '-', '', 4, 'logo.jpg', 1, '2024-07-25 15:38:34', 2, '2024-07-25 15:38:34', 2),
(59, 'Lenywati', 'Lenywati', '219d47d651c448fdbcf1061a2de7128e', '', '', 1, '-', '', 4, 'logo.jpg', 1, '2024-07-25 15:38:34', 2, '2024-07-25 15:38:34', 2),
(60, 'Devia Megasari', 'Devia Megasari', '219d47d651c448fdbcf1061a2de7128e', '', '', 1, '-', '', 4, 'logo.jpg', 1, '2024-07-25 15:38:34', 2, '2024-07-25 15:38:34', 2),
(61, 'Viktor', 'Viktor', '219d47d651c448fdbcf1061a2de7128e', '', '', 1, '-', '', 4, 'logo.jpg', 1, '2024-07-25 15:38:34', 2, '2024-07-25 15:38:34', 2),
(62, 'Martin Hasen', 'Martin Hasen', '219d47d651c448fdbcf1061a2de7128e', '', '', 1, '-', '', 4, 'logo.jpg', 1, '2024-07-25 15:38:34', 2, '2024-07-25 15:38:34', 2),
(63, 'Heri Windawati', 'Heri Windawati', '219d47d651c448fdbcf1061a2de7128e', '', '', 1, '-', '', 4, 'logo.jpg', 1, '2024-07-25 15:38:34', 2, '2024-07-25 15:38:34', 2),
(64, 'Sovie L', 'Sovie L', '219d47d651c448fdbcf1061a2de7128e', '', '', 1, '-', '', 4, 'logo.jpg', 1, '2024-07-25 15:38:34', 2, '2024-07-25 15:38:34', 2),
(65, 'Class 503', 'Class 503', '219d47d651c448fdbcf1061a2de7128e', '', '', 0, '-', '', 4, 'logo.jpg', 1, '2024-07-25 15:38:40', 2, '2024-07-25 15:38:40', 2),
(66, 'R.IT ', 'R.IT ', '219d47d651c448fdbcf1061a2de7128e', '', '', 0, '-', '', 4, 'logo.jpg', 1, '2024-07-25 15:38:40', 2, '2024-07-25 15:38:40', 2),
(67, 'Class 505', 'Class 505', '219d47d651c448fdbcf1061a2de7128e', '', '', 0, '-', '', 4, 'logo.jpg', 1, '2024-07-25 15:38:40', 2, '2024-07-25 15:38:40', 2),
(68, 'Class 506', 'Class 506', '219d47d651c448fdbcf1061a2de7128e', '', '', 0, '-', '', 4, 'logo.jpg', 1, '2024-07-25 15:38:40', 2, '2024-07-25 15:38:40', 2),
(69, 'Class 523', 'Class 523', '219d47d651c448fdbcf1061a2de7128e', '', '', 0, '-', '', 4, 'logo.jpg', 1, '2024-07-25 15:38:40', 2, '2024-07-25 15:38:40', 2),
(70, 'Class 510', 'Class 510', '219d47d651c448fdbcf1061a2de7128e', '', '', 0, '-', '', 4, 'logo.jpg', 1, '2024-07-25 15:38:40', 2, '2024-07-25 15:38:40', 2),
(71, '-', '-', '219d47d651c448fdbcf1061a2de7128e', '', '', 0, '-', '', 4, 'logo.jpg', 1, '2024-07-25 15:38:40', 2, '2024-07-25 15:38:40', 2),
(72, 'Class 512', 'Class 512', '219d47d651c448fdbcf1061a2de7128e', '', '', 0, '-', '', 4, 'logo.jpg', 1, '2024-07-25 15:38:40', 2, '2024-07-25 15:38:40', 2),
(73, 'Class 508', 'Class 508', '219d47d651c448fdbcf1061a2de7128e', '', '', 0, '-', '', 4, 'logo.jpg', 1, '2024-07-25 15:38:40', 2, '2024-07-25 15:38:40', 2),
(74, 'Class 515', 'Class 515', '219d47d651c448fdbcf1061a2de7128e', '', '', 0, '-', '', 4, 'logo.jpg', 1, '2024-07-25 15:38:40', 2, '2024-07-25 15:38:40', 2),
(75, 'Class 516', 'Class 516', '219d47d651c448fdbcf1061a2de7128e', '', '', 0, '-', '', 4, 'logo.jpg', 1, '2024-07-25 15:38:40', 2, '2024-07-25 15:38:40', 2),
(76, 'Class 517', 'Class 517', '219d47d651c448fdbcf1061a2de7128e', '', '', 0, '-', '', 4, 'logo.jpg', 1, '2024-07-25 15:38:40', 2, '2024-07-25 15:38:40', 2),
(77, 'LAB ACC LT5', 'LAB ACC LT5', '219d47d651c448fdbcf1061a2de7128e', '', '', 0, '-', '', 4, 'logo.jpg', 1, '2024-07-25 15:38:40', 2, '2024-07-25 15:38:40', 2),
(78, '507', '507', '219d47d651c448fdbcf1061a2de7128e', '', '', 0, '-', '', 4, 'logo.jpg', 1, '2024-07-25 15:38:40', 2, '2024-07-25 15:38:40', 2),
(79, 'Backup Operasional/R.IT', 'Backup Operasional/R.IT', '219d47d651c448fdbcf1061a2de7128e', '', '', 0, '-', '', 4, 'logo.jpg', 1, '2024-07-25 15:38:40', 2, '2024-07-25 15:38:40', 2),
(80, 'Class 511', 'Class 511', '219d47d651c448fdbcf1061a2de7128e', '', '', 0, '-', '', 4, 'logo.jpg', 1, '2024-07-25 15:38:40', 2, '2024-07-25 15:38:40', 2),
(81, 'Class 520', 'Class 520', '219d47d651c448fdbcf1061a2de7128e', '', '', 0, '-', '', 4, 'logo.jpg', 1, '2024-07-25 15:38:40', 2, '2024-07-25 15:38:40', 2),
(82, 'Class 521', 'Class 521', '219d47d651c448fdbcf1061a2de7128e', '', '', 0, '-', '', 4, 'logo.jpg', 1, '2024-07-25 15:38:40', 2, '2024-07-25 15:38:40', 2),
(83, 'Class 522', 'Class 522', '219d47d651c448fdbcf1061a2de7128e', '', '', 0, '-', '', 4, 'logo.jpg', 1, '2024-07-25 15:38:40', 2, '2024-07-25 15:38:40', 2),
(84, 'Class 602', 'Class 602', '219d47d651c448fdbcf1061a2de7128e', '', '', 0, '-', '', 4, 'logo.jpg', 1, '2024-07-25 15:38:40', 2, '2024-07-25 15:38:40', 2),
(85, 'IT (Belum Deploy)', 'IT (Belum Deploy)', '219d47d651c448fdbcf1061a2de7128e', '', '', 0, '-', '', 4, 'logo.jpg', 1, '2024-07-25 15:38:40', 2, '2024-07-25 15:38:40', 2),
(86, 'Herlia Eka', 'Herlia Eka', '219d47d651c448fdbcf1061a2de7128e', '', '', 1, 'Admin Entrepreneurship', '', 4, 'logo.jpg', 1, '2024-07-25 15:38:45', 2, '2024-07-25 15:38:45', 2),
(87, 'vacant', 'vacant', '219d47d651c448fdbcf1061a2de7128e', '', '', 0, '-', '', 4, 'logo.jpg', 1, '2024-07-25 15:38:45', 2, '2024-07-25 15:38:45', 2),
(88, 'Steven', 'Steven', '219d47d651c448fdbcf1061a2de7128e', '', '', 1, 'Staff admisi lt3', '', 4, 'logo.jpg', 1, '2024-07-25 15:38:45', 2, '2024-07-25 15:38:45', 2),
(89, 'Ruang IT lt5', 'Ruang IT lt5', '219d47d651c448fdbcf1061a2de7128e', '', '', 0, '-', '', 4, 'logo.jpg', 1, '2024-07-25 15:38:45', 2, '2024-07-25 15:38:45', 2),
(90, 'RuangIT LT5', 'RuangIT LT5', '219d47d651c448fdbcf1061a2de7128e', '', '', 0, '-', '', 4, 'logo.jpg', 1, '2024-07-25 15:38:45', 2, '2024-07-25 15:38:45', 2),
(91, 'Ruang IT', 'Ruang IT', '219d47d651c448fdbcf1061a2de7128e', '', '', 0, '-', '', 4, 'logo.jpg', 1, '2024-07-25 15:38:45', 2, '2024-07-25 15:38:45', 2),
(92, 'Ready admisi lt3', 'Ready admisi lt3', '219d47d651c448fdbcf1061a2de7128e', '', '', 0, 'Staff  admisi', '', 4, 'logo.jpg', 1, '2024-07-25 15:38:45', 2, '2024-07-25 15:38:45', 2),
(93, 'Ready sas lt5', 'Ready sas lt5', '219d47d651c448fdbcf1061a2de7128e', '', '', 1, 'Staff Akademik - SAS', '', 4, 'logo.jpg', 1, '2024-07-25 15:38:45', 2, '2024-07-25 15:38:45', 2),
(94, 'Maintenance ', 'Maintenance ', '219d47d651c448fdbcf1061a2de7128e', '', '', 0, '-', '', 4, 'logo.jpg', 1, '2024-07-25 15:38:45', 2, '2024-07-25 15:38:45', 2),
(95, 'Rufianah Hidayati', 'Rufianah Hidayati', '219d47d651c448fdbcf1061a2de7128e', '', '', 1, 'Staff Purchasing/BisDev', '', 4, 'logo.jpg', 1, '2024-07-25 15:38:45', 2, '2024-07-25 15:38:45', 2),
(96, 'Rosalia A.O', 'Rosalia A.O', '219d47d651c448fdbcf1061a2de7128e', '', '', 1, 'Admin Marketing', '', 4, 'logo.jpg', 1, '2024-07-25 15:38:45', 2, '2024-07-25 15:38:45', 2),
(97, '522', '522', '219d47d651c448fdbcf1061a2de7128e', '', '', 0, 'Kelas', '', 4, 'logo.jpg', 1, '2024-07-25 15:38:45', 2, '2024-07-25 15:38:45', 2),
(98, 'Ready staff asc lt6', 'Ready staff asc lt6', '219d47d651c448fdbcf1061a2de7128e', '', '', 0, 'Staff ASC', '', 4, 'logo.jpg', 1, '2024-07-25 15:38:45', 2, '2024-07-25 15:38:45', 2),
(99, 'Lany', 'Lany', '219d47d651c448fdbcf1061a2de7128e', '', '', 1, 'Staff ASC', '', 4, 'logo.jpg', 1, '2024-07-25 15:38:45', 2, '2024-07-25 15:38:45', 2),
(100, 'Removal/Dimusnahkan', 'Removal/Dimusnahkan', '219d47d651c448fdbcf1061a2de7128e', '', '', 0, '-', '', 4, 'logo.jpg', 1, '2024-07-25 15:38:45', 2, '2024-07-25 15:38:45', 2),
(101, '514', '514', '219d47d651c448fdbcf1061a2de7128e', '', '', 0, 'Kelas', '', 4, 'logo.jpg', 1, '2024-07-25 15:38:45', 2, '2024-07-25 15:38:45', 2),
(102, 'Ready ruang T lt5', 'Ready ruang T lt5', '219d47d651c448fdbcf1061a2de7128e', '', '', 0, 'Ruang IT lantai 5', '', 4, 'logo.jpg', 1, '2024-07-25 15:38:45', 2, '2024-07-25 15:38:45', 2),
(103, 'Victor Kosim', 'Victor Kosim', '219d47d651c448fdbcf1061a2de7128e', '', '', 1, 'Staff HRD', '', 4, 'logo.jpg', 1, '2024-07-25 15:38:45', 2, '2024-07-25 15:38:45', 2),
(104, 'Front Office', 'Front Office', '219d47d651c448fdbcf1061a2de7128e', '', '', 1, 'Lab HBP', '', 4, 'logo.jpg', 1, '2024-07-25 15:38:45', 2, '2024-07-25 15:38:45', 2),
(105, 'Jessica Ribka/ok', 'Jessica Ribka/ok', '219d47d651c448fdbcf1061a2de7128e', '', '', 1, 'Admin PUCEL', '', 4, 'logo.jpg', 1, '2024-07-25 15:38:45', 2, '2024-07-25 15:38:45', 2),
(106, 'Dimas Akih', 'Dimas Akih', '219d47d651c448fdbcf1061a2de7128e', '', '', 1, 'Staff Finance lt6', '', 4, 'logo.jpg', 1, '2024-07-25 15:38:45', 2, '2024-07-25 15:38:45', 2),
(107, 'vacant belakang 512', 'vacant belakang 512', '219d47d651c448fdbcf1061a2de7128e', '', '', 0, 'kelas 512', '', 4, 'logo.jpg', 1, '2024-07-25 15:38:45', 2, '2024-07-25 15:38:45', 2),
(108, 'Wahyu Samudera', 'Wahyu Samudera', '219d47d651c448fdbcf1061a2de7128e', '', '', 1, 'Ruang GA', '', 4, 'logo.jpg', 1, '2024-07-25 15:38:45', 2, '2024-07-25 15:38:45', 2),
(109, 'maintenance it lt5', 'maintenance it lt5', '219d47d651c448fdbcf1061a2de7128e', '', '', 0, 'ruang IT', '', 4, 'logo.jpg', 1, '2024-07-25 15:38:45', 2, '2024-07-25 15:38:45', 2),
(110, 'Andrian Supriyadi', 'Andrian Supriyadi', '219d47d651c448fdbcf1061a2de7128e', '', '', 1, 'Staff Finance', '', 4, 'logo.jpg', 1, '2024-07-25 15:38:45', 2, '2024-07-25 15:38:45', 2),
(111, 'Esty S.H ', 'Esty S.H ', '219d47d651c448fdbcf1061a2de7128e', '', '', 1, 'Staff Akademik - SAS', '', 4, 'logo.jpg', 1, '2024-07-25 15:38:45', 2, '2024-07-25 15:38:45', 2),
(112, 'Ready', 'Ready', '219d47d651c448fdbcf1061a2de7128e', '', '', 0, 'Staff admisi', '', 4, 'logo.jpg', 1, '2024-07-25 15:38:45', 2, '2024-07-25 15:38:45', 2),
(113, 'Ika P.O', 'Ika P.O', '219d47d651c448fdbcf1061a2de7128e', '', '', 1, 'Admin kerjasama', '', 4, 'logo.jpg', 1, '2024-07-25 15:38:45', 2, '2024-07-25 15:38:45', 2),
(114, 'Michelle M.Sucitas ', 'Michelle M.Sucitas ', '219d47d651c448fdbcf1061a2de7128e', '', '', 1, 'Staff Akademik - SAS', '', 4, 'logo.jpg', 1, '2024-07-25 15:38:45', 2, '2024-07-25 15:38:45', 2),
(115, 'Sri sulastri', 'Sri sulastri', '219d47d651c448fdbcf1061a2de7128e', '', '', 1, 'Kabag Library', '', 4, 'logo.jpg', 1, '2024-07-25 15:38:45', 2, '2024-07-25 15:38:45', 2),
(116, 'Suci Dewi Sartika ', 'Suci Dewi Sartika ', '219d47d651c448fdbcf1061a2de7128e', '', '', 1, 'Admin Teknik TKB', '', 4, 'logo.jpg', 1, '2024-07-25 15:38:45', 2, '2024-07-25 15:38:45', 2),
(117, '506', '506', '219d47d651c448fdbcf1061a2de7128e', '', '', 0, 'Kelas', '', 4, 'logo.jpg', 1, '2024-07-25 15:38:45', 2, '2024-07-25 15:38:45', 2),
(118, 'perbaikan', 'perbaikan', '219d47d651c448fdbcf1061a2de7128e', '', '', 0, 'ruang IT', '', 4, 'logo.jpg', 1, '2024-07-25 15:38:45', 2, '2024-07-25 15:38:45', 2),
(119, 'R.IT lt5', 'R.IT lt5', '219d47d651c448fdbcf1061a2de7128e', '', '', 0, '-', '', 4, 'logo.jpg', 1, '2024-07-25 15:38:45', 2, '2024-07-25 15:38:45', 2),
(120, 'Sarwanto', 'Sarwanto', '219d47d651c448fdbcf1061a2de7128e', '', '', 1, 'Staff GA', '', 4, 'logo.jpg', 1, '2024-07-25 15:38:45', 2, '2024-07-25 15:38:45', 2),
(121, 'Lydia Dessyana', 'Lydia Dessyana', '219d47d651c448fdbcf1061a2de7128e', '', '', 1, 'Yayasan / Sekretaris', '', 4, 'logo.jpg', 1, '2024-07-25 15:38:45', 2, '2024-07-25 15:38:45', 2),
(122, 'Mira Angelica S', 'Mira Angelica S', '219d47d651c448fdbcf1061a2de7128e', '', '', 1, 'Staff Finance', '', 4, 'logo.jpg', 1, '2024-07-25 15:38:45', 2, '2024-07-25 15:38:45', 2),
(123, 'Resto lama', 'Resto lama', '219d47d651c448fdbcf1061a2de7128e', '', '', 1, 'Lab HBP', '', 4, 'logo.jpg', 1, '2024-07-25 15:38:45', 2, '2024-07-25 15:38:45', 2),
(124, 'M.imron sopary', 'M.imron sopary', '219d47d651c448fdbcf1061a2de7128e', '', '', 1, 'Laboran Kitchen HBP', '', 4, 'logo.jpg', 1, '2024-07-25 15:38:45', 2, '2024-07-25 15:38:45', 2),
(125, 'Rifaih', 'Rifaih', '219d47d651c448fdbcf1061a2de7128e', '', '', 1, 'Laboran Arsitektur', '', 4, 'logo.jpg', 1, '2024-07-25 15:38:45', 2, '2024-07-25 15:38:45', 2),
(126, 'Lab Accounting', 'Lab Accounting', '219d47d651c448fdbcf1061a2de7128e', '', '', 0, 'Kelas', '', 4, 'logo.jpg', 1, '2024-07-25 15:38:45', 2, '2024-07-25 15:38:45', 2),
(127, 'Rachel G', 'Rachel G', '219d47d651c448fdbcf1061a2de7128e', '', '', 1, 'Staff Markom', '', 4, 'logo.jpg', 1, '2024-07-25 15:38:45', 2, '2024-07-25 15:38:45', 2),
(128, 'Anggraeny Pramesti', 'Anggraeny Pramesti', '219d47d651c448fdbcf1061a2de7128e', '', '', 1, 'Staff Library', '', 4, 'logo.jpg', 1, '2024-07-25 15:38:45', 2, '2024-07-25 15:38:45', 2),
(129, 'di Ruang IT Lt5/perbaikan', 'di Ruang IT Lt5/perbaikan', '219d47d651c448fdbcf1061a2de7128e', '', '', 0, 'Kelas', '', 4, 'logo.jpg', 1, '2024-07-25 15:38:45', 2, '2024-07-25 15:38:45', 2),
(130, 'vacant lt6', 'vacant lt6', '219d47d651c448fdbcf1061a2de7128e', '', '', 0, 'Admin LPPM', '', 4, 'logo.jpg', 1, '2024-07-25 15:38:45', 2, '2024-07-25 15:38:45', 2),
(131, 'Lucretia', 'Lucretia', '219d47d651c448fdbcf1061a2de7128e', '', '', 1, 'Staff Marcomm', '', 4, 'logo.jpg', 1, '2024-07-25 15:38:45', 2, '2024-07-25 15:38:45', 2),
(132, '516', '516', '219d47d651c448fdbcf1061a2de7128e', '', '', 0, 'Staff Kemahasiswaan', '', 4, 'logo.jpg', 1, '2024-07-25 15:38:45', 2, '2024-07-25 15:38:45', 2),
(133, '523', '523', '219d47d651c448fdbcf1061a2de7128e', '', '', 0, 'Kelas', '', 4, 'logo.jpg', 1, '2024-07-25 15:38:45', 2, '2024-07-25 15:38:45', 2),
(134, 'Lab Architecture', 'Lab Architecture', '219d47d651c448fdbcf1061a2de7128e', '', '', 0, 'Workshop Architecture', '', 4, 'logo.jpg', 1, '2024-07-25 15:38:45', 2, '2024-07-25 15:38:45', 2),
(135, 'Denny Wibowo', 'Denny Wibowo', '219d47d651c448fdbcf1061a2de7128e', '', '', 1, 'Laboran Business Law', '', 4, 'logo.jpg', 1, '2024-07-25 15:38:45', 2, '2024-07-25 15:38:45', 2),
(136, 'vacant/spmi', 'vacant/spmi', '219d47d651c448fdbcf1061a2de7128e', '', '', 0, '-', '', 4, 'logo.jpg', 1, '2024-07-25 15:38:45', 2, '2024-07-25 15:38:45', 2),
(137, '511', '511', '219d47d651c448fdbcf1061a2de7128e', '', '', 0, 'Kelas', '', 4, 'logo.jpg', 1, '2024-07-25 15:38:45', 2, '2024-07-25 15:38:45', 2),
(138, '515', '515', '219d47d651c448fdbcf1061a2de7128e', '', '', 0, 'Kelas ', '', 4, 'logo.jpg', 1, '2024-07-25 15:38:45', 2, '2024-07-25 15:38:45', 2),
(139, 'Novianah Dwi Pertiwi', 'Novianah Dwi Pertiwi', '219d47d651c448fdbcf1061a2de7128e', '', '', 1, 'Admin SPMI', '', 4, 'logo.jpg', 1, '2024-07-25 15:38:45', 2, '2024-07-25 15:38:45', 2),
(140, 'vacant/', 'vacant/', '219d47d651c448fdbcf1061a2de7128e', '', '', 0, 'Admin Architecture', '', 4, 'logo.jpg', 1, '2024-07-25 15:38:45', 2, '2024-07-25 15:38:45', 2),
(141, '602', '602', '219d47d651c448fdbcf1061a2de7128e', '', '', 0, 'Kelas', '', 4, 'logo.jpg', 1, '2024-07-25 15:38:45', 2, '2024-07-25 15:38:45', 2),
(142, 'Heru', 'Heru', '219d47d651c448fdbcf1061a2de7128e', '', '', 1, 'Staff GA', '', 4, 'logo.jpg', 1, '2024-07-25 15:38:45', 2, '2024-07-25 15:38:45', 2),
(143, 'Mayga Ayu', 'Mayga Ayu', '219d47d651c448fdbcf1061a2de7128e', '', '', 1, 'Laboran HBP', '', 4, 'logo.jpg', 1, '2024-07-25 15:38:45', 2, '2024-07-25 15:38:45', 2),
(144, 'Ridwantoro', 'Ridwantoro', '219d47d651c448fdbcf1061a2de7128e', '', '', 1, 'Staff IT', '', 4, 'logo.jpg', 1, '2024-07-25 15:38:45', 2, '2024-07-25 15:38:45', 2),
(145, 'Trisno K', 'Trisno K', '219d47d651c448fdbcf1061a2de7128e', '', '', 1, 'Staff Marketing', '', 4, 'logo.jpg', 1, '2024-07-25 15:38:45', 2, '2024-07-25 15:38:45', 2),
(146, 'For Printer/lab madison', 'For Printer/lab madison', '219d47d651c448fdbcf1061a2de7128e', '', '', 0, 'Operasional Mesin Laser Cutting', '', 4, 'logo.jpg', 1, '2024-07-25 15:38:45', 2, '2024-07-25 15:38:45', 2),
(147, 'Fitri Abdillah', 'Fitri Abdillah', '219d47d651c448fdbcf1061a2de7128e', '', '', 1, 'Staff SPMI', '', 4, 'logo.jpg', 1, '2024-07-25 15:38:45', 2, '2024-07-25 15:38:45', 2),
(148, '521', '521', '219d47d651c448fdbcf1061a2de7128e', '', '', 0, 'Kelas', '', 4, 'logo.jpg', 1, '2024-07-25 15:38:45', 2, '2024-07-25 15:38:45', 2),
(149, 'Diruang IT lt5', 'Diruang IT lt5', '219d47d651c448fdbcf1061a2de7128e', '', '', 0, 'Ruang IT lantai 5', '', 4, 'logo.jpg', 1, '2024-07-25 15:38:45', 2, '2024-07-25 15:38:45', 2),
(150, 'Indira', 'Indira', '219d47d651c448fdbcf1061a2de7128e', '', '', 1, 'Staff MarComm', '', 4, 'logo.jpg', 1, '2024-07-25 15:38:45', 2, '2024-07-25 15:38:45', 2),
(151, 'Nadira Nunki', 'Nadira Nunki', '219d47d651c448fdbcf1061a2de7128e', '', '', 1, 'Kabag kemahasiswaan', '', 4, 'logo.jpg', 1, '2024-07-25 15:38:45', 2, '2024-07-25 15:38:45', 2),
(152, 'Ruang Server IT lt5', 'Ruang Server IT lt5', '219d47d651c448fdbcf1061a2de7128e', '', '', 0, 'Staff IT', '', 4, 'logo.jpg', 1, '2024-07-25 15:38:45', 2, '2024-07-25 15:38:45', 2),
(153, 'Idham furqon', 'Idham furqon', '219d47d651c448fdbcf1061a2de7128e', '', '', 1, 'Staff Pu-x', '', 4, 'logo.jpg', 1, '2024-07-25 15:38:45', 2, '2024-07-25 15:38:45', 2),
(154, 'Jason', 'Jason', '219d47d651c448fdbcf1061a2de7128e', '', '', 1, 'Staff HRD', '', 4, 'logo.jpg', 1, '2024-07-25 15:38:45', 2, '2024-07-25 15:38:45', 2),
(155, '505', '505', '219d47d651c448fdbcf1061a2de7128e', '', '', 0, 'Kelas', '', 4, 'logo.jpg', 1, '2024-07-25 15:38:45', 2, '2024-07-25 15:38:45', 2),
(156, 'Aliya Safitri', 'Aliya Safitri', '219d47d651c448fdbcf1061a2de7128e', '', '', 1, 'Staff Kemahasiswaan', '', 4, 'logo.jpg', 1, '2024-07-25 15:38:45', 2, '2024-07-25 15:38:45', 2),
(157, '512', '512', '219d47d651c448fdbcf1061a2de7128e', '', '', 0, 'Kelas', '', 4, 'logo.jpg', 1, '2024-07-25 15:38:45', 2, '2024-07-25 15:38:45', 2),
(158, 'For Printer finance', 'For Printer finance', '219d47d651c448fdbcf1061a2de7128e', '', '', 0, 'finance lt6', '', 4, 'logo.jpg', 1, '2024-07-25 15:38:45', 2, '2024-07-25 15:38:45', 2),
(159, '508', '508', '219d47d651c448fdbcf1061a2de7128e', '', '', 0, 'Kelas', '', 4, 'logo.jpg', 1, '2024-07-25 15:38:45', 2, '2024-07-25 15:38:45', 2),
(160, '510', '510', '219d47d651c448fdbcf1061a2de7128e', '', '', 0, 'Kelas', '', 4, 'logo.jpg', 1, '2024-07-25 15:38:45', 2, '2024-07-25 15:38:45', 2),
(161, 'Sheila', 'Sheila', '219d47d651c448fdbcf1061a2de7128e', '', '', 1, 'Staff Finance - AP', '', 4, 'logo.jpg', 1, '2024-07-25 15:38:45', 2, '2024-07-25 15:38:45', 2),
(162, 'Adhi Arini', 'Adhi Arini', '219d47d651c448fdbcf1061a2de7128e', '', '', 1, 'Kasubag GA', '', 4, 'logo.jpg', 1, '2024-07-25 15:38:45', 2, '2024-07-25 15:38:45', 2),
(163, '520', '520', '219d47d651c448fdbcf1061a2de7128e', '', '', 0, 'Kelas', '', 4, 'logo.jpg', 1, '2024-07-25 15:38:45', 2, '2024-07-25 15:38:45', 2),
(164, '517', '517', '219d47d651c448fdbcf1061a2de7128e', '', '', 0, 'Kelas', '', 4, 'logo.jpg', 1, '2024-07-25 15:38:45', 2, '2024-07-25 15:38:45', 2),
(165, 'Novena Racelly I', 'Novena Racelly I', '219d47d651c448fdbcf1061a2de7128e', '', '', 1, 'Staff finance', '', 4, 'logo.jpg', 1, '2024-07-25 15:38:45', 2, '2024-07-25 15:38:45', 2),
(166, '504', '504', '219d47d651c448fdbcf1061a2de7128e', '', '', 0, 'Kelas / LAB PWK', '', 4, 'logo.jpg', 1, '2024-07-25 15:38:45', 2, '2024-07-25 15:38:45', 2),
(167, 'Server printer tritanu', 'Server printer tritanu', '219d47d651c448fdbcf1061a2de7128e', '', '', 0, 'R.Server Lt5', '', 4, 'logo.jpg', 1, '2024-07-25 15:38:45', 2, '2024-07-25 15:38:45', 2),
(168, 'Server acces door', 'Server acces door', '219d47d651c448fdbcf1061a2de7128e', '', '', 0, 'R.Server Lt5', '', 4, 'logo.jpg', 1, '2024-07-25 15:38:45', 2, '2024-07-25 15:38:45', 2),
(169, 'Server OJS jurnal', 'Server OJS jurnal', '219d47d651c448fdbcf1061a2de7128e', '', '', 0, 'R.Server Lt5', '', 4, 'logo.jpg', 1, '2024-07-25 15:38:45', 2, '2024-07-25 15:38:45', 2),
(170, 'Lab 503', 'Lab 503', '219d47d651c448fdbcf1061a2de7128e', '', '', 0, 'Lab 503', '', 4, 'logo.jpg', 1, '2024-07-25 15:38:45', 2, '2024-07-25 15:38:45', 2),
(171, 'Server Opera', 'Server Opera', '219d47d651c448fdbcf1061a2de7128e', '', '', 0, 'R.Server Lt5', '', 4, 'logo.jpg', 1, '2024-07-25 15:38:45', 2, '2024-07-25 15:38:45', 2),
(172, 'Server Nginx', 'Server Nginx', '219d47d651c448fdbcf1061a2de7128e', '', '', 0, 'R.Server Lt5', '', 4, 'logo.jpg', 1, '2024-07-25 15:38:45', 2, '2024-07-25 15:38:45', 2),
(173, 'Server GL', 'Server GL', '219d47d651c448fdbcf1061a2de7128e', '', '', 0, 'R.Server Lt5', '', 4, 'logo.jpg', 1, '2024-07-25 15:38:45', 2, '2024-07-25 15:38:45', 2),
(174, 'Candra', 'Candra', '219d47d651c448fdbcf1061a2de7128e', '', '', 1, 'Staff PU-X', '', 4, 'logo.jpg', 1, '2024-07-25 15:38:45', 2, '2024-07-25 15:38:45', 2),
(175, ' M Supriyadi', ' M Supriyadi', '219d47d651c448fdbcf1061a2de7128e', '', '', 1, 'Staff IT', '', 4, 'logo.jpg', 1, '2024-07-25 15:38:45', 2, '2024-07-25 15:38:45', 2),
(176, 'Lab Resto baru HBP', 'Lab Resto baru HBP', '219d47d651c448fdbcf1061a2de7128e', '', '', 0, 'Resto baru lantai 6', '', 4, 'logo.jpg', 1, '2024-07-25 15:38:45', 2, '2024-07-25 15:38:45', 2),
(177, '503', '503', '219d47d651c448fdbcf1061a2de7128e', '', '', 0, '-', '', 4, 'logo.jpg', 1, '2024-07-25 15:38:51', 2, '2024-07-25 15:38:51', 2),
(178, 'Library', 'Library', '219d47d651c448fdbcf1061a2de7128e', '', '', 0, '-', '', 4, 'logo.jpg', 1, '2024-07-25 15:38:51', 2, '2024-07-25 15:38:51', 2),
(179, 'Rusak', 'Rusak', '219d47d651c448fdbcf1061a2de7128e', '', '', 0, '-', '', 4, 'logo.jpg', 1, '2024-07-25 15:38:51', 2, '2024-07-25 15:38:51', 2),
(180, 'HBP', 'HBP', '219d47d651c448fdbcf1061a2de7128e', '', '', 0, '-', '', 4, 'logo.jpg', 1, '2024-07-25 15:38:51', 2, '2024-07-25 15:38:51', 2),
(181, '519', '519', '219d47d651c448fdbcf1061a2de7128e', '', '', 0, '-', '', 4, 'logo.jpg', 1, '2024-07-25 15:38:51', 2, '2024-07-25 15:38:51', 2),
(182, 'IT Developer', 'IT Developer', '219d47d651c448fdbcf1061a2de7128e', '', '', 0, '-', '', 4, 'logo.jpg', 1, '2024-07-25 15:38:51', 2, '2024-07-25 15:38:51', 2),
(183, '513', '513', '219d47d651c448fdbcf1061a2de7128e', '', '', 0, '-', '', 4, 'logo.jpg', 1, '2024-07-25 15:38:51', 2, '2024-07-25 15:38:51', 2),
(184, '604', '604', '219d47d651c448fdbcf1061a2de7128e', '', '', 0, '-', '', 4, 'logo.jpg', 1, '2024-07-25 15:38:51', 2, '2024-07-25 15:38:51', 2),
(185, '605', '605', '219d47d651c448fdbcf1061a2de7128e', '', '', 0, '-', '', 4, 'logo.jpg', 1, '2024-07-25 15:38:51', 2, '2024-07-25 15:38:51', 2),
(186, '606', '606', '219d47d651c448fdbcf1061a2de7128e', '', '', 0, '-', '', 4, 'logo.jpg', 1, '2024-07-25 15:38:51', 2, '2024-07-25 15:38:51', 2),
(187, '607', '607', '219d47d651c448fdbcf1061a2de7128e', '', '', 0, '-', '', 4, 'logo.jpg', 1, '2024-07-25 15:38:51', 2, '2024-07-25 15:38:51', 2),
(188, '608', '608', '219d47d651c448fdbcf1061a2de7128e', '', '', 0, '-', '', 4, 'logo.jpg', 1, '2024-07-25 15:38:51', 2, '2024-07-25 15:38:51', 2),
(189, 'Rektorat', 'Rektorat', '219d47d651c448fdbcf1061a2de7128e', '', '', 0, '-', '', 4, 'logo.jpg', 1, '2024-07-25 15:38:56', 2, '2024-07-25 15:38:56', 2),
(190, 'Admission', 'Admission', '219d47d651c448fdbcf1061a2de7128e', '', '', 0, '-', '', 4, 'logo.jpg', 1, '2024-07-25 15:38:56', 2, '2024-07-25 15:38:56', 2),
(191, 'Warek II', 'Warek II', '219d47d651c448fdbcf1061a2de7128e', '', '', 0, '-', '', 4, 'logo.jpg', 1, '2024-07-25 15:38:56', 2, '2024-07-25 15:38:56', 2),
(192, 'IT', 'IT', '219d47d651c448fdbcf1061a2de7128e', '', '', 0, '-', '', 4, 'logo.jpg', 1, '2024-07-25 15:38:56', 2, '2024-07-25 15:38:56', 2),
(193, 'General Affair', 'General Affair', '219d47d651c448fdbcf1061a2de7128e', '', '', 0, '-', '', 4, 'logo.jpg', 1, '2024-07-25 15:38:56', 2, '2024-07-25 15:38:56', 2),
(194, 'Warek I', 'Warek I', '219d47d651c448fdbcf1061a2de7128e', '', '', 0, '-', '', 4, 'logo.jpg', 1, '2024-07-25 15:38:56', 2, '2024-07-25 15:38:56', 2),
(195, 'Marcomm', 'Marcomm', '219d47d651c448fdbcf1061a2de7128e', '', '', 0, '-', '', 4, 'logo.jpg', 1, '2024-07-25 15:38:56', 2, '2024-07-25 15:38:56', 2),
(196, 'HRD', 'HRD', '219d47d651c448fdbcf1061a2de7128e', '', '', 0, '-', '', 4, 'logo.jpg', 1, '2024-07-25 15:38:56', 2, '2024-07-25 15:38:56', 2),
(197, 'Architecture', 'Architecture', '219d47d651c448fdbcf1061a2de7128e', '', '', 0, '-', '', 4, 'logo.jpg', 1, '2024-07-25 15:38:56', 2, '2024-07-25 15:38:56', 2),
(198, 'Finance', 'Finance', '219d47d651c448fdbcf1061a2de7128e', '', '', 0, '-', '', 4, 'logo.jpg', 1, '2024-07-25 15:38:56', 2, '2024-07-25 15:38:56', 2),
(199, 'Lecturers', 'Lecturers', '219d47d651c448fdbcf1061a2de7128e', '', '', 0, '-', '', 4, 'logo.jpg', 1, '2024-07-25 15:38:56', 2, '2024-07-25 15:38:56', 2),
(200, 'Entrepreneurship', 'Entrepreneurship', '219d47d651c448fdbcf1061a2de7128e', '', '', 0, '-', '', 4, 'logo.jpg', 1, '2024-07-25 15:38:56', 2, '2024-07-25 15:38:56', 2),
(201, 'Fak.Teknik', 'Fak.Teknik', '219d47d651c448fdbcf1061a2de7128e', '', '', 0, '-', '', 4, 'logo.jpg', 1, '2024-07-25 15:38:56', 2, '2024-07-25 15:38:56', 2),
(202, 'Academic', 'Academic', '219d47d651c448fdbcf1061a2de7128e', '', '', 0, '-', '', 4, 'logo.jpg', 1, '2024-07-25 15:38:56', 2, '2024-07-25 15:38:56', 2),
(203, 'Ruang Server IT/maintenance', 'Ruang Server IT/maintenance', '219d47d651c448fdbcf1061a2de7128e', '', '', 0, '-', '', 4, 'logo.jpg', 1, '2024-07-25 15:39:01', 2, '2024-07-25 15:39:01', 2),
(204, 'Ruang Server finance lt6', 'Ruang Server finance lt6', '219d47d651c448fdbcf1061a2de7128e', '', '', 0, '-', '', 4, 'logo.jpg', 1, '2024-07-25 15:39:01', 2, '2024-07-25 15:39:01', 2),
(205, 'Ruang Server IT', 'Ruang Server IT', '219d47d651c448fdbcf1061a2de7128e', '', '', 0, '-', '', 4, 'logo.jpg', 1, '2024-07-25 15:39:01', 2, '2024-07-25 15:39:01', 2),
(206, 'R.Musholla lt.6', 'R.Musholla lt.6', '219d47d651c448fdbcf1061a2de7128e', '', '', 0, '-', '', 4, 'logo.jpg', 1, '2024-07-25 15:39:01', 2, '2024-07-25 15:39:01', 2),
(207, 'R. Markom', 'R. Markom', '219d47d651c448fdbcf1061a2de7128e', '', '', 0, '-', '', 4, 'logo.jpg', 1, '2024-07-25 15:39:01', 2, '2024-07-25 15:39:01', 2),
(208, 'Ruang Mushola lt5', 'Ruang Mushola lt5', '219d47d651c448fdbcf1061a2de7128e', '', '', 0, '-', '', 4, 'logo.jpg', 1, '2024-07-25 15:39:01', 2, '2024-07-25 15:39:01', 2),
(209, 'Ruang Server finance lt6/perbaikan', 'Ruang Server finance lt6/perbaikan', '219d47d651c448fdbcf1061a2de7128e', '', '', 0, '-', '', 4, 'logo.jpg', 1, '2024-07-25 15:39:01', 2, '2024-07-25 15:39:01', 2),
(210, 'Ruang Server IT / PABX', 'Ruang Server IT / PABX', '219d47d651c448fdbcf1061a2de7128e', '', '', 0, '-', '', 4, 'logo.jpg', 1, '2024-07-25 15:39:01', 2, '2024-07-25 15:39:01', 2),
(211, 'Depan Class 519/R.IT lt5', 'Depan Class 519/R.IT lt5', '219d47d651c448fdbcf1061a2de7128e', '', '', 0, '-', '', 4, 'logo.jpg', 1, '2024-07-25 15:39:01', 2, '2024-07-25 15:39:01', 2),
(212, 'R.KaProdi Lt.5/R.It lt5', 'R.KaProdi Lt.5/R.It lt5', '219d47d651c448fdbcf1061a2de7128e', '', '', 0, '-', '', 4, 'logo.jpg', 1, '2024-07-25 15:39:01', 2, '2024-07-25 15:39:01', 2),
(213, 'Depan 501/R.IT lt5', 'Depan 501/R.IT lt5', '219d47d651c448fdbcf1061a2de7128e', '', '', 0, '-', '', 4, 'logo.jpg', 1, '2024-07-25 15:39:01', 2, '2024-07-25 15:39:01', 2),
(214, 'R.Server IT/PABX', 'R.Server IT/PABX', '219d47d651c448fdbcf1061a2de7128e', '', '', 0, '-', '', 4, 'logo.jpg', 1, '2024-07-25 15:39:01', 2, '2024-07-25 15:39:01', 2),
(215, 'R.Server IT/ PABX', 'R.Server IT/ PABX', '219d47d651c448fdbcf1061a2de7128e', '', '', 0, '-', '', 4, 'logo.jpg', 1, '2024-07-25 15:39:01', 2, '2024-07-25 15:39:01', 2),
(216, 'R.IT lantai 5/ex hbp kitchen', 'R.IT lantai 5/ex hbp kitchen', '219d47d651c448fdbcf1061a2de7128e', '', '', 0, '-', '', 4, 'logo.jpg', 1, '2024-07-25 15:39:01', 2, '2024-07-25 15:39:01', 2),
(217, 'R.Server lantai 5/maintenance', 'R.Server lantai 5/maintenance', '219d47d651c448fdbcf1061a2de7128e', '', '', 0, '-', '', 4, 'logo.jpg', 1, '2024-07-25 15:39:01', 2, '2024-07-25 15:39:01', 2),
(218, 'R.Adum/GA lt5', 'R.Adum/GA lt5', '219d47d651c448fdbcf1061a2de7128e', '', '', 0, '-', '', 4, 'logo.jpg', 1, '2024-07-25 15:39:01', 2, '2024-07-25 15:39:01', 2),
(219, 'Ruang LPPM ', 'Ruang LPPM ', '219d47d651c448fdbcf1061a2de7128e', '', '', 0, '-', '', 4, 'logo.jpg', 1, '2024-07-25 15:39:01', 2, '2024-07-25 15:39:01', 2),
(220, 'Ruang Kemahasiswaan', 'Ruang Kemahasiswaan', '219d47d651c448fdbcf1061a2de7128e', '', '', 0, '-', '', 4, 'logo.jpg', 1, '2024-07-25 15:39:01', 2, '2024-07-25 15:39:01', 2),
(221, 'Ruang Development IT lt6', 'Ruang Development IT lt6', '219d47d651c448fdbcf1061a2de7128e', '', '', 0, '-', '', 4, 'logo.jpg', 1, '2024-07-25 15:39:01', 2, '2024-07-25 15:39:01', 2),
(222, 'Front  Office HBP', 'Front  Office HBP', '219d47d651c448fdbcf1061a2de7128e', '', '', 0, '-', '', 4, 'logo.jpg', 1, '2024-07-25 15:39:01', 2, '2024-07-25 15:39:01', 2),
(223, 'Ruang PU-X 2', 'Ruang PU-X 2', '219d47d651c448fdbcf1061a2de7128e', '', '', 0, '-', '', 4, 'logo.jpg', 1, '2024-07-25 15:39:01', 2, '2024-07-25 15:39:01', 2),
(224, 'R.IT lt5/peminjaman', 'R.IT lt5/peminjaman', '219d47d651c448fdbcf1061a2de7128e', '', '', 0, '-', '', 4, 'logo.jpg', 1, '2024-07-25 15:39:01', 2, '2024-07-25 15:39:01', 2),
(225, 'Ruang admin prodi lt5', 'Ruang admin prodi lt5', '219d47d651c448fdbcf1061a2de7128e', '', '', 0, '-', '', 4, 'logo.jpg', 1, '2024-07-25 15:39:01', 2, '2024-07-25 15:39:01', 2),
(226, 'Depan Ruang Rektorat/R.It lt5', 'Depan Ruang Rektorat/R.It lt5', '219d47d651c448fdbcf1061a2de7128e', '', '', 0, '-', '', 4, 'logo.jpg', 1, '2024-07-25 15:39:01', 2, '2024-07-25 15:39:01', 2),
(227, 'Depan Ruang IT/di R.IT lt5', 'Depan Ruang IT/di R.IT lt5', '219d47d651c448fdbcf1061a2de7128e', '', '', 0, '-', '', 4, 'logo.jpg', 1, '2024-07-25 15:39:01', 2, '2024-07-25 15:39:01', 2),
(228, 'R.IT/ Lab 2 HBP perbaikan lt5', 'R.IT/ Lab 2 HBP perbaikan lt5', '219d47d651c448fdbcf1061a2de7128e', '', '', 0, '-', '', 4, 'logo.jpg', 1, '2024-07-25 15:39:01', 2, '2024-07-25 15:39:01', 2),
(229, ' Depan 512/R.It lt5', ' Depan 512/R.It lt5', '219d47d651c448fdbcf1061a2de7128e', '', '', 0, '-', '', 4, 'logo.jpg', 1, '2024-07-25 15:39:01', 2, '2024-07-25 15:39:01', 2),
(230, 'Auditorium/R.It lt5', 'Auditorium/R.It lt5', '219d47d651c448fdbcf1061a2de7128e', '', '', 0, '-', '', 4, 'logo.jpg', 1, '2024-07-25 15:39:01', 2, '2024-07-25 15:39:01', 2),
(231, 'IT Server', 'IT Server', '219d47d651c448fdbcf1061a2de7128e', '', '', 0, '-', '', 4, 'logo.jpg', 1, '2024-07-25 15:39:11', 2, '2024-07-25 15:39:11', 2),
(232, 'Lantai 3', 'Lantai 3', '219d47d651c448fdbcf1061a2de7128e', '', '', 0, '-', '', 4, 'logo.jpg', 1, '2024-07-25 15:39:16', 2, '2024-07-25 15:39:16', 2),
(233, 'Lantai 5', 'Lantai 5', '219d47d651c448fdbcf1061a2de7128e', '', '', 0, '-', '', 4, 'logo.jpg', 1, '2024-07-25 15:39:16', 2, '2024-07-25 15:39:16', 2),
(234, '[Removal /Dimusnahkan - 11 Juni 2020]', '[Removal /Dimusnahkan - 11 Juni 2020]', '219d47d651c448fdbcf1061a2de7128e', '', '', 0, '-', '', 4, 'logo.jpg', 1, '2024-07-25 15:39:21', 2, '2024-07-25 15:39:21', 2),
(235, '[Removal / Dimusnahkan 27 November 2016]', '[Removal / Dimusnahkan 27 November 2016]', '219d47d651c448fdbcf1061a2de7128e', '', '', 0, '-', '', 4, 'logo.jpg', 1, '2024-07-25 15:39:21', 2, '2024-07-25 15:39:21', 2),
(236, 'perbaikan di ruang IT lt5', 'perbaikan di ruang IT lt5', '219d47d651c448fdbcf1061a2de7128e', '', '', 0, '-', '', 4, 'logo.jpg', 1, '2024-07-25 15:39:21', 2, '2024-07-25 15:39:21', 2),
(237, 'Removal /Dimusnahkan 16-Desember-2022', 'Removal /Dimusnahkan 16-Desember-2022', '219d47d651c448fdbcf1061a2de7128e', '', '', 0, '-', '', 4, 'logo.jpg', 1, '2024-07-25 15:39:21', 2, '2024-07-25 15:39:21', 2),
(238, 'R 508', 'R 508', '219d47d651c448fdbcf1061a2de7128e', '', '', 0, '-', '', 4, 'logo.jpg', 1, '2024-07-25 15:39:21', 2, '2024-07-25 15:39:21', 2),
(239, 'Marketing', 'Marketing', '219d47d651c448fdbcf1061a2de7128e', '', '', 0, '-', '', 4, 'logo.jpg', 1, '2024-07-25 15:39:21', 2, '2024-07-25 15:39:21', 2),
(240, 'Kemahasiswaan /nadira', 'Kemahasiswaan /nadira', '219d47d651c448fdbcf1061a2de7128e', '', '', 0, '-', '', 4, 'logo.jpg', 1, '2024-07-25 15:39:21', 2, '2024-07-25 15:39:21', 2),
(241, 'Markom/Lulu', 'Markom/Lulu', '219d47d651c448fdbcf1061a2de7128e', '', '', 0, '-', '', 4, 'logo.jpg', 1, '2024-07-25 15:39:21', 2, '2024-07-25 15:39:21', 2),
(242, '513 new', '513 new', '219d47d651c448fdbcf1061a2de7128e', '', '', 0, '-', '', 4, 'logo.jpg', 1, '2024-07-25 15:39:21', 2, '2024-07-25 15:39:21', 2),
(243, '521new', '521new', '219d47d651c448fdbcf1061a2de7128e', '', '', 0, '-', '', 4, 'logo.jpg', 1, '2024-07-25 15:39:21', 2, '2024-07-25 15:39:21', 2),
(244, ' 523new', ' 523new', '219d47d651c448fdbcf1061a2de7128e', '', '', 0, '-', '', 4, 'logo.jpg', 1, '2024-07-25 15:39:21', 2, '2024-07-25 15:39:21', 2),
(245, 'R.IT Lt 5', 'R.IT Lt 5', '219d47d651c448fdbcf1061a2de7128e', '', '', 0, '-', '', 4, 'logo.jpg', 1, '2024-07-25 15:39:30', 2, '2024-07-25 15:39:30', 2),
(246, 'Musholla lt5', 'Musholla lt5', '219d47d651c448fdbcf1061a2de7128e', '', '', 0, '-', '', 4, 'logo.jpg', 1, '2024-07-25 15:39:30', 2, '2024-07-25 15:39:30', 2),
(247, 'R.GA Lt.5', 'R.GA Lt.5', '219d47d651c448fdbcf1061a2de7128e', '', '', 0, '-', '', 4, 'logo.jpg', 1, '2024-07-25 15:39:30', 2, '2024-07-25 15:39:30', 2),
(248, 'R.finance lt.6', 'R.finance lt.6', '219d47d651c448fdbcf1061a2de7128e', '', '', 0, '-', '', 4, 'logo.jpg', 1, '2024-07-25 15:39:30', 2, '2024-07-25 15:39:30', 2),
(249, 'Lantai 5/maintenance', 'Lantai 5/maintenance', '219d47d651c448fdbcf1061a2de7128e', '', '', 0, '-', '', 4, 'logo.jpg', 1, '2024-07-25 15:39:36', 2, '2024-07-25 15:39:36', 2),
(250, 'GA Test', 'GATEST', '202cb962ac59075b964b07152d234b70', 'test@gmail.com', 'GA', 1, '', '12312', 3, 'logo.jpg', 1, '2024-07-25 15:43:38', 1, '2024-07-25 15:43:38', 1);

-- --------------------------------------------------------

--
-- Table structure for table `m_vendor`
--

CREATE TABLE `m_vendor` (
  `id` int(11) NOT NULL,
  `label` varchar(255) NOT NULL,
  `created_at` datetime NOT NULL DEFAULT current_timestamp(),
  `created_by` int(11) NOT NULL,
  `updated_at` datetime NOT NULL DEFAULT current_timestamp(),
  `updated_by` int(11) NOT NULL
) ENGINE=InnoDB DEFAULT CHARSET=utf8mb4;

--
-- Dumping data for table `m_vendor`
--

INSERT INTO `m_vendor` (`id`, `label`, `created_at`, `created_by`, `updated_at`, `updated_by`) VALUES
(2, 'Lenovo Indonesia', '2024-02-22 10:04:07', 1, '2024-05-31 09:26:54', 3),
(3, 'PT. Kreasi Utama Mandiri', '2024-02-26 10:44:14', 1, '2024-02-26 10:44:14', 1),
(8, 'MSAS', '2024-04-02 14:31:03', 1, '2024-05-29 15:03:39', 3),
(9, 'Others', '2024-05-29 16:04:48', 3, '2024-05-29 16:04:48', 3),
(10, 'CV. Aoii Toga', '2024-05-30 17:37:14', 3, '2024-05-30 17:37:14', 3),
(11, 'Spring Design', '2024-05-30 17:39:07', 3, '2024-05-30 17:39:07', 3),
(13, 'Apple', '2024-06-04 16:58:52', 2, '2024-06-04 16:58:52', 2),
(15, 'xx', '2024-06-28 16:43:21', 37, '2024-06-28 16:43:21', 37),
(16, 'yy', '2024-06-28 16:43:21', 37, '2024-06-28 16:43:21', 37),
(17, '-', '2024-07-25 15:38:34', 2, '2024-07-25 15:38:34', 2),
(18, 'PT Satu Anugrah', '2024-07-25 15:38:40', 2, '2024-07-25 15:38:40', 2),
(19, 'PT. Berkat Jaya Komputindo', '2024-07-25 15:38:40', 2, '2024-07-25 15:38:40', 2),
(20, 'PC Smart', '2024-07-25 15:38:40', 2, '2024-07-25 15:38:40', 2),
(21, 'Mitra Sukses Komputer', '2024-07-25 15:38:40', 2, '2024-07-25 15:38:40', 2),
(22, 'Berkah Komputer', '2024-07-25 15:38:40', 2, '2024-07-25 15:38:40', 2),
(23, 'Berkat Jaya', '2024-07-25 15:39:01', 2, '2024-07-25 15:39:01', 2),
(24, 'Mitra Solusi Infokom', '2024-07-25 15:39:01', 2, '2024-07-25 15:39:01', 2),
(25, 'NETRAIN', '2024-07-25 15:39:01', 2, '2024-07-25 15:39:01', 2),
(26, 'Berca Hadyaperkasa', '2024-07-25 15:39:01', 2, '2024-07-25 15:39:01', 2),
(27, 'Mitra Integrasi Informatika', '2024-07-25 15:39:01', 2, '2024-07-25 15:39:01', 2),
(28, 'PT. Revo Solusindo', '2024-07-25 15:39:01', 2, '2024-07-25 15:39:01', 2),
(29, 'PT. Circle Systems Indonesia', '2024-07-25 15:39:01', 2, '2024-07-25 15:39:01', 2),
(30, 'Digital System', '2024-07-25 15:39:16', 2, '2024-07-25 15:39:16', 2),
(31, 'PT. Datavis Indonesia', '2024-07-25 15:39:16', 2, '2024-07-25 15:39:16', 2),
(32, 'Graha Duta', '2024-07-25 15:39:21', 2, '2024-07-25 15:39:21', 2),
(33, 'SATU ANUGRAH', '2024-07-25 15:39:21', 2, '2024-07-25 15:39:21', 2),
(34, 'Mitra Solusindo', '2024-07-25 15:39:21', 2, '2024-07-25 15:39:21', 2),
(35, 'PT.Satu Anugrah Solusindo', '2024-07-25 15:39:21', 2, '2024-07-25 15:39:21', 2),
(36, 'PT Artha Mulia Trijaya', '2024-07-25 15:39:30', 2, '2024-07-25 15:39:30', 2),
(37, 'PT Berkat Jaya Komputindo', '2024-07-25 15:39:30', 2, '2024-07-25 15:39:30', 2),
(38, 'Bercha Hardyaperkasa', '2024-07-25 15:39:30', 2, '2024-07-25 15:39:30', 2),
(39, 'PT. Berca Hardayaperkasa', '2024-07-25 15:39:36', 2, '2024-07-25 15:39:36', 2);

-- --------------------------------------------------------

--
-- Table structure for table `m_warehouse`
--

CREATE TABLE `m_warehouse` (
  `id` int(11) NOT NULL,
  `name` varchar(255) NOT NULL,
  `description` text NOT NULL,
  `id_location` int(11) NOT NULL,
  `status` int(11) NOT NULL DEFAULT 0,
  `created_at` datetime NOT NULL DEFAULT current_timestamp(),
  `created_by` int(11) NOT NULL,
  `updated_at` datetime NOT NULL DEFAULT current_timestamp(),
  `updated_by` int(11) NOT NULL
) ENGINE=InnoDB DEFAULT CHARSET=utf8mb4;

--
-- Dumping data for table `m_warehouse`
--

INSERT INTO `m_warehouse` (`id`, `name`, `description`, `id_location`, `status`, `created_at`, `created_by`, `updated_at`, `updated_by`) VALUES
(1, 'GA', 'General Affair', 1, 0, '2024-01-09 14:35:30', 1, '2024-06-25 15:30:32', 3),
(2, 'IT', 'IT', 1, 0, '2024-01-22 09:41:51', 1, '2024-04-02 14:07:30', 1),
(6, 'Marcom', 'Marketing Communication', 1, 0, '2024-04-19 14:49:25', 1, '2024-05-29 15:00:25', 3);

-- --------------------------------------------------------

--
-- Table structure for table `role_warehouse`
--

CREATE TABLE `role_warehouse` (
  `id` int(11) NOT NULL,
  `id_user` int(11) NOT NULL,
  `id_warehouse` int(11) NOT NULL,
  `created_at` datetime NOT NULL DEFAULT current_timestamp(),
  `created_by` int(11) NOT NULL,
  `updated_at` datetime NOT NULL DEFAULT current_timestamp(),
  `updated_by` int(11) NOT NULL
) ENGINE=InnoDB DEFAULT CHARSET=utf8mb4;

--
-- Dumping data for table `role_warehouse`
--

INSERT INTO `role_warehouse` (`id`, `id_user`, `id_warehouse`, `created_at`, `created_by`, `updated_at`, `updated_by`) VALUES
(2, 7, 6, '2024-05-31 15:17:41', 3, '2024-06-05 15:15:01', 3),
(3, 5, 6, '2024-05-31 15:24:51', 0, '2024-05-31 14:24:51', 3),
(6, 36, 6, '2024-06-05 15:53:17', 3, '2024-06-05 14:54:32', 3),
(7, 40, 1, '2024-06-24 15:37:49', 3, '2024-06-24 15:37:49', 3),
(8, 41, 1, '2024-06-24 15:38:26', 3, '2024-06-24 15:38:26', 3),
(9, 42, 1, '2024-06-24 15:39:16', 3, '2024-06-24 15:39:16', 3),
(10, 2, 2, '2024-07-25 15:40:53', 0, '2024-07-25 15:40:53', 1),
(11, 250, 1, '2024-07-25 15:43:38', 1, '2024-07-25 15:43:38', 1);

-- --------------------------------------------------------

--
-- Table structure for table `tr_item`
--

CREATE TABLE `tr_item` (
  `id` int(11) NOT NULL,
  `id_user` int(11) NOT NULL,
  `id_item` int(11) NOT NULL,
  `id_warehouse` int(11) NOT NULL,
  `name` varchar(255) NOT NULL,
  `username` varchar(255) NOT NULL,
  `email` varchar(255) NOT NULL,
  `department` varchar(255) NOT NULL,
  `phone_number` varchar(255) NOT NULL,
  `handover_date` date NOT NULL DEFAULT current_timestamp(),
  `reason` text NOT NULL,
  `image` varchar(255) NOT NULL,
  `status` int(11) NOT NULL,
  `qty` int(11) NOT NULL,
  `created_at` datetime NOT NULL DEFAULT current_timestamp() COMMENT '0 = request, 1 = approve, 2 = reject',
  `created_by` int(11) NOT NULL,
  `updated_at` datetime NOT NULL DEFAULT current_timestamp(),
  `updated_by` int(11) NOT NULL COMMENT 'id user di m_user'
) ENGINE=InnoDB DEFAULT CHARSET=utf8mb4;

--
-- Dumping data for table `tr_item`
--

INSERT INTO `tr_item` (`id`, `id_user`, `id_item`, `id_warehouse`, `name`, `username`, `email`, `department`, `phone_number`, `handover_date`, `reason`, `image`, `status`, `qty`, `created_at`, `created_by`, `updated_at`, `updated_by`) VALUES
(1, 8, 12, 6, 'Novianah Dwi Pratiwi', '1015044', 'novianah.dwi@podomorouniversity.ac.id', 'LPMI', '0', '2023-11-17', 'Kegiatan Wisuda', 'default.jpg', 1, 21, '2024-05-31 15:40:38', 8, '2024-05-31 14:42:48', 4),
(2, 9, 12, 6, 'Try Intan Permatasari', '1018050', 'try.permatasari@podomorouniversity.ac.id', 'Prodi', '0', '2023-11-20', 'Pesona Soto Nusantara', 'default.jpg', 1, 30, '2024-06-03 15:06:24', 9, '2024-06-03 14:08:07', 3),
(3, 16, 12, 6, 'Erlina', '1017049', 'erlina@podomorouniversity.ac.id', 'Faculty', '0', '2023-11-21', 'FPDB', 'default.jpg', 1, 20, '2024-06-03 16:03:12', 16, '2024-06-03 15:03:39', 3),
(4, 11, 12, 6, 'Nida Aisyah', '1021019', 'nida.aisyah@podomorouniversity.ac.id', 'LPPM', '0', '2023-12-07', 'LPPM', 'default.jpg', 1, 1, '2024-06-03 16:12:07', 11, '2024-06-03 15:12:45', 4),
(5, 10, 12, 6, 'Dina Mairani', '1017089', 'dina.mairani@podomorouniversity.ac.id', 'Faculty', '0', '2023-12-13', 'FKB', 'default.jpg', 1, 4, '2024-06-03 16:14:15', 10, '2024-06-03 15:21:00', 4),
(6, 12, 12, 6, 'Herlia Eka Saputri', '1016024', 'herlia.eka@podomorouniversity.ac.id', 'Prodi', '0', '2023-12-15', 'Eka', 'default.jpg', 1, 1, '2024-06-03 16:20:12', 12, '2024-06-03 15:22:46', 4),
(7, 13, 12, 6, 'Rahmi Taufika', '1018030', 'rahmi.taufika@podomorouniversity.ac.id', 'Prodi', '0', '2024-01-11', 'pwk', 'default.jpg', 1, 5, '2024-06-04 09:43:23', 13, '2024-06-04 08:44:19', 4),
(8, 17, 12, 6, 'Prima Putri Roulina', '2016020', 'prima.putri@podomorouniversity.ac.id', 'Marketing', '0', '2024-04-19', 'Marketing', 'default.jpg', 1, 1500, '2024-06-04 10:01:26', 17, '2024-06-04 09:01:42', 4),
(9, 19, 12, 6, 'Shandy Susanto', '3120040', 'shandy.susanto@podomorouniversity.ac.id', 'Prodi', '0', '2024-04-20', 'HBP', 'default.jpg', 1, 17, '2024-06-04 10:06:56', 19, '2024-06-04 09:07:16', 4),
(10, 20, 12, 6, 'Candra Tjahyono', '2020052', 'candra.tjahyono@podomorouniversity.ac.id', 'PUX', '0', '2024-04-22', 'PUX', 'default.jpg', 1, 3, '2024-06-04 10:08:02', 20, '2024-06-04 09:08:31', 4),
(11, 18, 12, 6, 'Trisno Kuswardi', '2015040', 'trisno.kuswardi@podomorouniversity.ac.id', 'Marketing', '0', '2024-04-22', 'Marketing', 'default.jpg', 1, 10, '2024-06-04 10:09:08', 18, '2024-06-04 09:10:17', 4),
(12, 14, 12, 6, 'Ika Prasetya Oktora', '1016072', 'ika.oktora@podomorouniversity.ac.id', 'Kerjasama', '0', '2024-04-29', 'kerjasama', 'default.jpg', 1, 5, '2024-06-04 10:11:09', 14, '2024-06-04 09:11:26', 4),
(13, 17, 12, 6, 'Prima Putri Roulina', '2016020', 'prima.putri@podomorouniversity.ac.id', 'Marketing', '0', '2024-05-24', 'Graduation SMK Muhammadiyah 4', 'default.jpg', 1, 500, '2024-06-04 10:17:08', 17, '2024-06-04 09:18:04', 5),
(14, 17, 12, 6, 'Prima Putri Roulina', '2016020', 'prima.putri@podomorouniversity.ac.id', 'Marketing', '0', '2024-05-27', 'edufair STP Bandung', 'default.jpg', 1, 500, '2024-06-04 10:19:09', 17, '2024-06-04 09:19:28', 5),
(15, 17, 16, 6, 'Prima Putri Roulina', '2016020', 'prima.putri@podomorouniversity.ac.id', 'Marketing', '0', '2024-04-19', 'Marketing', 'default.jpg', 1, 1500, '2024-06-04 10:25:16', 17, '2024-06-04 09:25:54', 5),
(16, 21, 17, 6, 'Dewi Destilani', '1016068', 'dewi.destilani@podomorouniversity.ac.id', 'Prodi', '0', '2023-06-05', 'Fieldtrip ke: Anata Salon Spa Clinic', 'default.jpg', 1, 1, '2024-06-04 10:51:17', 21, '2024-06-04 09:52:11', 4),
(17, 22, 17, 6, 'Ariska Kristianto', '1021023', 'ariska.kristianto@podomorouniversity.ac.id', 'Student Life', '0', '2023-06-12', 'Workshop Korean Bento Cake With Martinee Patisserie', 'default.jpg', 1, 1, '2024-06-04 10:51:53', 22, '2024-06-04 09:52:25', 4),
(18, 13, 17, 6, 'Rahmi Taufika', '1018030', 'rahmi.taufika@podomorouniversity.ac.id', 'Prodi', '0', '2023-08-01', 'Seminar Link dan Match', 'default.jpg', 1, 1, '2024-06-04 10:53:13', 13, '2024-06-04 09:53:39', 4),
(19, 22, 17, 6, 'Ariska Kristianto', '1021023', 'ariska.kristianto@podomorouniversity.ac.id', 'Student Life', '0', '2023-08-08', 'IFI dan APL', 'default.jpg', 1, 4, '2024-06-04 10:55:35', 22, '2024-06-04 09:55:54', 4),
(20, 10, 17, 6, 'Dina Mairani', '1017089', 'dina.mairani@podomorouniversity.ac.id', 'Faculty', '0', '2023-08-14', 'Seminar Indikasi Geografis Indonesia oleh Chef Bara', 'default.jpg', 1, 2, '2024-06-04 10:56:33', 10, '2024-06-04 09:56:52', 4),
(21, 13, 17, 6, 'Rahmi Taufika', '1018030', 'rahmi.taufika@podomorouniversity.ac.id', 'Prodi', '0', '2023-09-06', 'Kerjasama MRK dengan Guru SMK', 'default.jpg', 1, 8, '2024-06-04 10:57:32', 13, '2024-06-04 09:57:49', 4),
(22, 23, 17, 6, 'Sanggup Leonard Agustian', '3018074', 'sanggup.agustian@podomorouniversity.ac.id', 'Prodi', '0', '2023-09-07', 'Perkumpulan pengacara dan prakrisi hukum pajak Indonesia', 'default.jpg', 1, 2, '2024-06-04 10:58:22', 23, '2024-06-04 09:58:42', 4),
(23, 24, 17, 6, 'Sunny', '1016010', 'sunny@podomorouniversity.ac.id', 'Sekretariat', '0', '2023-09-29', 'Penandatanganan MoU kerjasama dengan PemKab Manado', 'default.jpg', 1, 2, '2024-06-04 10:59:29', 24, '2024-06-04 10:00:23', 4),
(24, 16, 17, 6, 'Erlina', '1017049', 'erlina@podomorouniversity.ac.id', 'Faculty', '0', '2023-10-04', 'Hibah Program SMK PK Tahun 2023', 'default.jpg', 1, 2, '2024-06-04 11:01:07', 16, '2024-06-04 10:01:47', 4),
(25, 14, 17, 6, 'Ika Prasetya Oktora', '1016072', 'ika.oktora@podomorouniversity.ac.id', 'Kerjasama', '0', '2023-10-05', 'Diskusi Kunjungan Evergren College', 'default.jpg', 1, 1, '2024-06-04 11:02:52', 14, '2024-06-04 10:06:06', 4),
(26, 10, 17, 6, 'Dina Mairani', '1017089', 'dina.mairani@podomorouniversity.ac.id', 'Faculty', '0', '2023-10-05', '2 Wadhwani Foundation (Meetul dan Rajeev) - Kegiatan Seminar Entrepreneur Hub Corner', 'default.jpg', 1, 2, '2024-06-04 11:07:10', 10, '2024-06-04 10:07:29', 4),
(27, 27, 17, 6, 'Denny Ardhi Wibowo', '3018001', 'denny.wibowo@podomorouniversity.ac.id', 'Prodi', '0', '2023-10-09', 'Asessor Akreditasi BLP', 'default.jpg', 1, 3, '2024-06-04 11:10:35', 27, '2024-06-04 10:10:52', 4),
(28, 6, 17, 6, 'Ridha Rahmatia', '1017104', 'ridha.rahmatia@podomorouniversity.ac.id', 'Prodi', '0', '2023-10-10', 'Dosen Tamu: Prodi Arsitektur', 'default.jpg', 1, 1, '2024-06-04 11:16:33', 6, '2024-06-04 10:17:09', 4),
(29, 16, 17, 6, 'Erlina', '1017049', 'erlina@podomorouniversity.ac.id', 'Faculty', '0', '2023-10-11', 'Kunjungan SMKN 1 Cisarua', 'default.jpg', 1, 1, '2024-06-04 11:17:55', 16, '2024-06-04 10:37:27', 4),
(30, 16, 17, 6, 'Erlina', '1017049', 'erlina@podomorouniversity.ac.id', 'Faculty', '0', '2023-10-17', 'Kegiatan Pengabdian Masyarakat - Program SMK PK Kunjungan SMKN 2 Lubuk Linggau, Sumatera Selatan', 'default.jpg', 1, 1, '2024-06-04 11:18:09', 16, '2024-06-04 10:38:52', 4),
(31, 16, 17, 6, 'Erlina', '1017049', 'erlina@podomorouniversity.ac.id', 'Faculty', '0', '2023-11-01', 'Kunjungan ke SMKN 1 Tangerang Selatan, SMKN 7 Tangerang Selatan, SMKS Wisata Indonesia', 'default.jpg', 1, 3, '2024-06-04 11:18:29', 16, '2024-06-04 10:47:08', 4),
(32, 16, 17, 6, 'Erlina', '1017049', 'erlina@podomorouniversity.ac.id', 'Faculty', '0', '2023-12-11', 'Diskusi Peninjauan Visi Misi Fakultas Perencanaan Desain dan Berkelanjutan', 'default.jpg', 1, 3, '2024-06-04 11:18:49', 16, '2024-06-04 10:53:02', 4),
(33, 9, 17, 6, 'Try Intan Permatasari', '1018050', 'try.permatasari@podomorouniversity.ac.id', 'Prodi', '0', '2023-10-11', 'Cooking Demo with Chef Richard Gillet, kegiatan Pekan Gastronomi Prancis', 'default.jpg', 1, 1, '2024-06-04 11:20:50', 9, '2024-06-04 10:38:08', 4),
(34, 9, 17, 6, 'Try Intan Permatasari', '1018050', 'try.permatasari@podomorouniversity.ac.id', 'Prodi', '0', '2023-10-23', 'Kegiatan Live Cooking Demo From JRE Restaurant Netherlands oleh HRC International', 'default.jpg', 1, 4, '2024-06-04 11:21:11', 9, '2024-06-04 10:40:05', 4),
(35, 9, 17, 6, 'Try Intan Permatasari', '1018050', 'try.permatasari@podomorouniversity.ac.id', 'Prodi', '0', '2023-10-25', 'Dosen tamu dari Regent Hongkong', 'default.jpg', 1, 2, '2024-06-04 11:21:30', 9, '2024-06-04 10:46:04', 4),
(36, 9, 17, 6, 'Try Intan Permatasari', '1018050', 'try.permatasari@podomorouniversity.ac.id', 'Prodi', '0', '2023-12-11', 'Kegiatan Monitoring Magang Internasional - Thailand Mahasiswa Prodi Bisnis Perhotelan Angkatan 2022', 'default.jpg', 1, 1, '2024-06-04 11:21:47', 9, '2024-06-04 10:53:29', 4),
(37, 9, 17, 6, 'Try Intan Permatasari', '1018050', 'try.permatasari@podomorouniversity.ac.id', 'Prodi', '0', '2024-01-30', 'Kuliah Umum \"Knife Groove:: Slicing Beats and Culinary Feats!\" HBP X Katto  Mastrada Group', 'default.jpg', 1, 2, '2024-06-04 11:22:05', 9, '2024-06-04 10:58:02', 4),
(38, 6, 17, 6, 'Ridha Rahmatia', '1017104', 'ridha.rahmatia@podomorouniversity.ac.id', 'Prodi', '0', '2023-10-23', 'Fieldtrip: ICAD ke hotel Grand Kemang', 'default.jpg', 1, 1, '2024-06-04 11:24:12', 6, '2024-06-04 10:40:38', 4),
(39, 14, 17, 6, 'Ika Prasetya Oktora', '1016072', 'ika.oktora@podomorouniversity.ac.id', 'Kerjasama', '0', '2023-10-24', 'Kunjungan ke PT Danone', 'default.jpg', 1, 1, '2024-06-04 11:26:42', 14, '2024-06-04 10:41:05', 4),
(40, 14, 17, 6, 'Ika Prasetya Oktora', '1016072', 'ika.oktora@podomorouniversity.ac.id', 'Kerjasama', '0', '2023-10-31', 'Kunjungan Tim Rennes School Of Business', 'default.jpg', 1, 1, '2024-06-04 11:27:00', 14, '2024-06-04 10:46:35', 4),
(41, 14, 17, 6, 'Ika Prasetya Oktora', '1016072', 'ika.oktora@podomorouniversity.ac.id', 'Kerjasama', '0', '2023-11-08', 'Kunjungan dengan pihak Pemda Gorontalo dan Warek 1 serta Warek 2', 'default.jpg', 1, 1, '2024-06-04 11:27:20', 14, '2024-06-04 10:47:36', 4),
(42, 22, 17, 6, 'Ariska Kristianto', '1021023', 'ariska.kristianto@podomorouniversity.ac.id', 'Student Life', '0', '2023-11-10', 'Kegiatan Inspire For Good', 'default.jpg', 1, 1, '2024-06-04 11:29:02', 22, '2024-06-04 10:48:07', 4),
(43, 25, 17, 6, 'Carla Margareta', '1022019', 'carla.margareta@podomorouniversity.ac.id', 'Prodi', '0', '2023-11-10', 'Monitoring Internship', 'default.jpg', 1, 2, '2024-06-04 11:34:03', 25, '2024-06-04 10:48:22', 4),
(44, 25, 17, 6, 'Carla Margareta', '1022019', 'carla.margareta@podomorouniversity.ac.id', 'Prodi', '0', '2023-12-08', 'Monitoring Magang di Elza Syarief Law Office', 'default.jpg', 1, 1, '2024-06-04 11:34:33', 25, '2024-06-04 10:52:01', 4),
(45, 12, 17, 6, 'Herlia Eka Saputri', '1016024', 'herlia.eka@podomorouniversity.ac.id', 'Prodi', '0', '2023-10-25', 'Kunjungan ke Kotak Hukum, ke Cabang BPJS Ketenagakerjaan Tangerang Batuceper, Digital Business Development Lead UOB', 'default.jpg', 1, 3, '2024-06-04 11:42:33', 12, '2024-06-04 10:43:47', 4),
(46, 12, 17, 6, 'Herlia Eka Saputri', '1016024', 'herlia.eka@podomorouniversity.ac.id', 'Prodi', '0', '2023-12-15', 'Kunjungan Institut Agama Kristen Negeri (IAKN) Tarutung ke Podomoro University', 'default.jpg', 1, 1, '2024-06-04 11:43:04', 12, '2024-06-04 10:53:53', 4),
(47, 10, 17, 6, 'Dina Mairani', '1017089', 'dina.mairani@podomorouniversity.ac.id', 'Faculty', '0', '2023-10-25', 'Studi Banding Universitas Teuku Umar - Meulaboh, Aceh Barat ke Podomoro University', 'default.jpg', 1, 1, '2024-06-04 11:44:55', 10, '2024-06-04 10:45:31', 4),
(48, 11, 17, 6, 'Nida Aisyah', '1021019', 'nida.aisyah@podomorouniversity.ac.id', 'LPPM', '0', '2023-12-07', 'Kegiatan Matching Fund Kedaireka Uji Coba Paket Wisata Desa Penadaran', 'default.jpg', 1, 1, '2024-06-04 11:50:29', 11, '2024-06-04 10:51:39', 4),
(49, 26, 17, 6, 'Rifa\'ih', '1016011', 'rifaih@podomorouniversity.ac.id', 'Prodi', '0', '2024-01-05', 'Kegiatan Podomoro Design Festival 2024', 'default.jpg', 1, 4, '2024-06-04 11:54:53', 26, '2024-06-04 10:56:00', 4),
(50, 8, 17, 6, 'Novianah Dwi Pratiwi', '1015044', 'novianah.dwi@podomorouniversity.ac.id', 'LPMI', '0', '2024-01-17', 'Kegiatan studi banding ke Penjamin Mutu (SPMI)- PPM School Management', 'default.jpg', 1, 1, '2024-06-04 11:55:33', 8, '2024-06-04 10:56:16', 4),
(51, 25, 17, 6, 'Carla Margareta', '1022019', 'carla.margareta@podomorouniversity.ac.id', 'Prodi', '0', '2024-01-29', 'Kuliah Umum, Etika dalam Akuntansi Keuangan dan Akuntansi Manajemen (Bimbingan Frayogo - Direktur PT. Sarana Mandiri Utama dan PT. Sarana Mandiri Resourrch)', 'default.jpg', 1, 1, '2024-06-04 11:57:11', 25, '2024-06-04 10:57:42', 4),
(52, 25, 17, 6, 'Carla Margareta', '1022019', 'carla.margareta@podomorouniversity.ac.id', 'Prodi', '0', '2024-05-03', 'a. Seminar perhitungan PPh 21 b. Perhitungan PPh UMKM tamu dari Perkoppi', 'default.jpg', 1, 2, '2024-06-04 11:57:24', 25, '2024-06-04 10:58:18', 4),
(53, 12, 17, 6, 'Herlia Eka Saputri', '1016024', 'herlia.eka@podomorouniversity.ac.id', 'Prodi', '0', '2024-05-28', 'Kunjungan Studi Banding dari Univ Hasanuddin ke Prodi Entre', 'default.jpg', 1, 1, '2024-06-04 12:00:15', 12, '2024-06-04 11:00:32', 5),
(54, 28, 18, 6, 'Zulkifli Ihza Mahendra', '1022041', 'zulkifli.mahendra@podomorouniversity.ac.id', 'Kerjasama', '0', '2023-02-07', 'Kunjungan UCSI University Malaysia ke UAP', 'default.jpg', 1, 1, '2024-06-04 12:14:32', 28, '2024-06-04 11:16:34', 4),
(55, 28, 18, 6, 'Zulkifli Ihza Mahendra', '1022041', 'zulkifli.mahendra@podomorouniversity.ac.id', 'Kerjasama', '0', '2023-03-06', 'MOU Signing Ceremony: Kadin', 'default.jpg', 1, 1, '2024-06-04 12:14:48', 28, '2024-06-04 11:16:46', 4),
(56, 12, 18, 6, 'Herlia Eka Saputri', '1016024', 'herlia.eka@podomorouniversity.ac.id', 'Prodi', '0', '2023-05-12', 'Entrepreneur Hub', 'default.jpg', 1, 5, '2024-06-04 12:17:30', 12, '2024-06-04 11:21:11', 4),
(57, 12, 18, 6, 'Herlia Eka Saputri', '1016024', 'herlia.eka@podomorouniversity.ac.id', 'Prodi', '0', '2023-11-24', 'Seminar Success Story bersama Mustofa Romdloni (Founder PT ABC Plastindo)', 'default.jpg', 1, 1, '2024-06-04 12:17:58', 12, '2024-06-04 11:41:57', 4),
(58, 31, 18, 6, 'Sabrina Krizia', '2023015', 'sabrina.krizia@podomorouniversity.ac.id', 'PUX', '0', '2023-06-23', 'Fieldtrip ke Technicoflor', 'default.jpg', 1, 8, '2024-06-04 12:19:38', 31, '2024-06-04 11:21:32', 4),
(59, 22, 18, 6, 'Ariska Kristianto', '1021023', 'ariska.kristianto@podomorouniversity.ac.id', 'Student Life', '0', '2023-08-08', 'Dubes Perancis dan BNN', 'default.jpg', 1, 2, '2024-06-04 12:23:15', 22, '2024-06-04 11:30:30', 4),
(60, 22, 18, 6, 'Ariska Kristianto', '1021023', 'ariska.kristianto@podomorouniversity.ac.id', 'Student Life', '0', '2023-08-15', 'Talkshow with Andy F Noya', 'default.jpg', 1, 1, '2024-06-04 12:23:30', 22, '2024-06-04 11:30:52', 4),
(61, 24, 18, 6, 'Sunny', '1016010', 'sunny@podomorouniversity.ac.id', 'Sekretariat', '0', '2023-09-29', 'Penandatanganan MoU kerjasama dengan PemKab Manado', 'default.jpg', 1, 3, '2024-06-04 12:24:25', 24, '2024-06-04 11:31:22', 4),
(62, 16, 18, 6, 'Erlina', '1017049', 'erlina@podomorouniversity.ac.id', 'Faculty', '0', '2023-10-04', 'Hibah Program SMK PK Tahun 2023', 'default.jpg', 1, 2, '2024-06-04 12:25:06', 16, '2024-06-04 11:31:41', 4),
(63, 16, 18, 6, 'Erlina', '1017049', 'erlina@podomorouniversity.ac.id', 'Faculty', '0', '2023-10-11', 'Kunjungan Dinas Pendidikan Jawa Barat', 'default.jpg', 1, 1, '2024-06-04 12:25:31', 16, '2024-06-04 11:33:35', 4),
(64, 16, 18, 6, 'Erlina', '1017049', 'erlina@podomorouniversity.ac.id', 'Faculty', '0', '2023-11-01', 'Kunjungan ke Dinas Sumatera Selatan dan Dinas Banten', 'default.jpg', 1, 2, '2024-06-04 12:25:47', 16, '2024-06-04 11:40:57', 4),
(65, 10, 18, 6, 'Dina Mairani', '1017089', 'dina.mairani@podomorouniversity.ac.id', 'Faculty', '0', '2023-10-05', 'Asdep Kemekop UKM (Siti Azizah) - Kegiatan Seminar Entrepreneur Hub Corner', 'default.jpg', 1, 1, '2024-06-04 12:28:54', 10, '2024-06-04 11:32:06', 4),
(66, 10, 18, 6, 'Dina Mairani', '1017089', 'dina.mairani@podomorouniversity.ac.id', 'Faculty', '0', '2023-10-05', 'Studi banding Universitas Udayana - Bali ke Podomoro University', 'default.jpg', 1, 1, '2024-06-04 12:32:38', 10, '2024-06-04 11:33:18', 4),
(67, 9, 18, 6, 'Try Intan Permatasari', '1018050', 'try.permatasari@podomorouniversity.ac.id', 'Prodi', '0', '2023-10-17', 'Kunjungan dari Kedutaan Besar Prancis \"Mr. Febian Penone\"', 'default.jpg', 1, 1, '2024-06-04 12:34:14', 9, '2024-06-04 11:40:14', 4),
(68, 14, 18, 6, 'Ika Prasetya Oktora', '1016072', 'ika.oktora@podomorouniversity.ac.id', 'Kerjasama', '0', '2023-10-27', 'IPSA', 'default.jpg', 1, 14, '2024-06-04 12:35:02', 14, '2024-06-04 11:40:32', 4),
(69, 14, 18, 6, 'Ika Prasetya Oktora', '1016072', 'ika.oktora@podomorouniversity.ac.id', 'Kerjasama', '0', '2024-01-26', 'Kunjungan Universitas Pradita', 'default.jpg', 1, 1, '2024-06-04 12:35:26', 14, '2024-06-04 11:42:48', 4),
(70, 14, 18, 6, 'Ika Prasetya Oktora', '1016072', 'ika.oktora@podomorouniversity.ac.id', 'Kerjasama', '0', '2024-04-29', 'Kunjungan dari Woosong University', 'default.jpg', 1, 1, '2024-06-04 12:35:55', 14, '2024-06-04 11:44:01', 5),
(71, 29, 18, 6, 'Yanti Puspita', '3117019', 'yanti.puspita@podomorouniversity.ac.id', 'Sekretariat', '0', '2023-11-09', 'Audiensi Rektorat dengan Kepala LLDikti Wilayah III', 'default.jpg', 1, 1, '2024-06-04 12:36:47', 29, '2024-06-04 11:41:32', 4),
(72, 30, 18, 6, 'Aliya Safithri', '1022035', 'aliya.safithri@podomorouniversity.ac.id', 'Student Life', '0', '2023-12-15', 'Kunjungan ke Kemendikbudristek untuk keperluan Simkatmawa', 'default.jpg', 1, 2, '2024-06-04 12:37:42', 30, '2024-06-04 11:42:24', 4),
(73, 25, 18, 6, 'Carla Margareta', '1022019', 'carla.margareta@podomorouniversity.ac.id', 'Prodi', '0', '2024-03-19', 'Kunjungan ke DPR', 'default.jpg', 1, 1, '2024-06-04 12:38:34', 25, '2024-06-04 11:43:02', 4),
(74, 25, 18, 6, 'Carla Margareta', '1022019', 'carla.margareta@podomorouniversity.ac.id', 'Prodi', '0', '2024-04-26', 'Seminar Managers Talk dengan Bank DBS', 'default.jpg', 1, 1, '2024-06-04 12:38:50', 25, '2024-06-04 11:43:45', 5),
(75, 25, 18, 6, 'Carla Margareta', '1022019', 'carla.margareta@podomorouniversity.ac.id', 'Prodi', '0', '2024-05-02', 'Kunjungan ke Kementerian Hukum & HAM', 'default.jpg', 1, 1, '2024-06-04 12:39:08', 25, '2024-06-04 11:44:13', 5),
(76, 25, 18, 6, 'Carla Margareta', '1022019', 'carla.margareta@podomorouniversity.ac.id', 'Prodi', '0', '2024-05-27', 'Benchmarking UPN', 'default.jpg', 1, 1, '2024-06-04 12:45:29', 25, '2024-06-04 11:49:02', 5),
(77, 14, 18, 6, 'Ika Prasetya Oktora', '1016072', 'ika.oktora@podomorouniversity.ac.id', 'Kerjasama', '0', '2024-05-20', 'Kunjungan ke Untar', 'default.jpg', 1, 1, '2024-06-04 12:46:52', 14, '2024-06-04 11:48:37', 5),
(78, 32, 19, 6, 'Christine Hartaty Hutauruk', '2023002', 'christine.hutauruk@podomorouniversity.ac.id', 'Marketing', '0', '2023-02-13', 'marketing', 'default.jpg', 1, 24, '2024-06-04 13:06:11', 32, '2024-06-04 12:06:31', 4),
(79, 33, 19, 6, 'Aryanto Ruben Surbakti', '2017086', 'aryanto.ruben@podomorouniversity.ac.id', 'Marketing', '0', '2023-05-10', 'marketing', 'default.jpg', 1, 6, '2024-06-04 13:09:10', 33, '2024-06-04 12:09:33', 4),
(80, 17, 19, 6, 'Prima Putri Roulina', '2016020', 'prima.putri@podomorouniversity.ac.id', 'Marketing', '0', '2023-10-24', 'marketing', 'default.jpg', 1, 500, '2024-06-04 13:14:18', 17, '2024-06-04 12:14:38', 4),
(81, 34, 20, 6, 'Sonny Tejasukmana', '2023030', 'sonny.tejasukmana@podomorouniversity.ac.id', 'Marketing', '0', '2023-10-24', 'marketing', 'default.jpg', 1, 1000, '2024-06-04 13:18:50', 34, '2024-06-04 12:19:09', 4),
(82, 17, 21, 6, 'Prima Putri Roulina', '2016020', 'prima.putri@podomorouniversity.ac.id', 'Marketing', '0', '2024-04-19', 'Marketing', 'default.jpg', 1, 200, '2024-06-04 13:29:53', 17, '2024-06-04 12:34:24', 5),
(83, 19, 21, 6, 'Shandy Susanto', '3120040', 'shandy.susanto@podomorouniversity.ac.id', 'Prodi', '0', '2024-04-20', 'Workshop masak di SMAK 4 Penabur', 'default.jpg', 1, 17, '2024-06-04 13:31:10', 19, '2024-06-04 12:34:43', 5),
(84, 20, 21, 6, 'Candra Tjahyono', '2020052', 'candra.tjahyono@podomorouniversity.ac.id', 'PUX', '0', '2024-04-22', 'Kerjasama PU & SMK Santa Maria', 'default.jpg', 1, 3, '2024-06-04 13:33:52', 20, '2024-06-04 12:34:58', 5),
(85, 18, 21, 6, 'Trisno Kuswardi', '2015040', 'trisno.kuswardi@podomorouniversity.ac.id', 'Marketing', '0', '2024-04-22', 'Kunjungan ke sekolah-sekolah', 'default.jpg', 1, 10, '2024-06-04 13:36:12', 18, '2024-06-04 12:36:29', 5),
(86, 30, 21, 6, 'Aliya Safithri', '1022035', 'aliya.safithri@podomorouniversity.ac.id', 'Student Life', '0', '2024-04-24', 'Festival Rivalitas', 'default.jpg', 1, 20, '2024-06-04 13:40:22', 30, '2024-06-04 12:40:48', 5),
(87, 25, 21, 6, 'Carla Margareta', '1022019', 'carla.margareta@podomorouniversity.ac.id', 'Prodi', '0', '2024-04-26', 'Seminar Managers Talk dengan Bank DBS', 'default.jpg', 1, 1, '2024-06-04 13:44:48', 25, '2024-06-04 12:46:13', 5),
(88, 25, 21, 6, 'Carla Margareta', '1022019', 'carla.margareta@podomorouniversity.ac.id', 'Prodi', '0', '2024-05-02', 'Kunjungan ke Kementerian Hukum & HAM', 'default.jpg', 1, 1, '2024-06-04 13:46:36', 25, '2024-06-04 12:51:17', 5),
(89, 25, 21, 6, 'Carla Margareta', '1022019', 'carla.margareta@podomorouniversity.ac.id', 'Prodi', '0', '2024-05-03', 'a. Seminar perhitungan PPh 21 b. Perhitungan PPh UMKM tamu dari Perkoppi', 'default.jpg', 1, 2, '2024-06-04 13:46:49', 25, '2024-06-04 12:51:28', 5),
(90, 14, 21, 6, 'Ika Prasetya Oktora', '1016072', 'ika.oktora@podomorouniversity.ac.id', 'Kerjasama', '0', '2024-06-04', 'Kunjungan ke Kementerian Hukum & HAM', 'default.jpg', 2, 5, '2024-06-04 13:48:24', 14, '2024-06-04 12:48:49', 5),
(91, 14, 21, 6, 'Ika Prasetya Oktora', '1016072', 'ika.oktora@podomorouniversity.ac.id', 'Kerjasama', '0', '2024-04-29', 'Kunjungan dari Woosong University', 'default.jpg', 1, 5, '2024-06-04 13:49:38', 14, '2024-06-04 12:51:03', 5),
(92, 4, 21, 6, 'Rosalia Airin Octavianti', '2022040', 'rosalia.octavianti@podomorouniversity.ac.id', 'Marketing', '0', '2024-05-16', 'Sponsor Rapat Kerja Guru SMAN 20 Jakarta', 'default.jpg', 1, 50, '2024-06-04 14:02:02', 4, '2024-06-04 13:02:25', 5),
(93, 25, 21, 6, 'Carla Margareta', '1022019', 'carla.margareta@podomorouniversity.ac.id', 'Prodi', '0', '2024-05-17', 'Seminar Auditor Perspective', 'default.jpg', 1, 1, '2024-06-04 14:03:15', 25, '2024-06-04 13:03:30', 5),
(94, 14, 21, 6, 'Ika Prasetya Oktora', '1016072', 'ika.oktora@podomorouniversity.ac.id', 'Kerjasama', '0', '2024-05-20', 'Kunjungan ke Untar', 'default.jpg', 1, 4, '2024-06-04 14:04:45', 14, '2024-06-04 13:05:00', 5),
(95, 9, 21, 6, 'Try Intan Permatasari', '1018050', 'try.permatasari@podomorouniversity.ac.id', 'Prodi', '0', '2024-05-20', 'Monitoring Magang', 'default.jpg', 1, 30, '2024-06-04 14:05:44', 9, '2024-06-04 13:06:18', 5),
(96, 9, 21, 6, 'Try Intan Permatasari', '1018050', 'try.permatasari@podomorouniversity.ac.id', 'Prodi', '0', '2024-05-20', 'Kolaborasi Industri', 'default.jpg', 1, 10, '2024-06-04 14:06:04', 9, '2024-06-04 13:06:29', 5),
(97, 4, 21, 6, 'Rosalia Airin Octavianti', '2022040', 'rosalia.octavianti@podomorouniversity.ac.id', 'Marketing', '0', '2024-05-21', 'Kegiatan Campus Visit SMK Santa Maria', 'default.jpg', 1, 50, '2024-06-04 14:07:21', 4, '2024-06-04 13:07:43', 5),
(98, 12, 21, 6, 'Herlia Eka Saputri', '1016024', 'herlia.eka@podomorouniversity.ac.id', 'Prodi', '0', '2024-05-27', 'Kunjungan ke Sanggar Anak Akar', 'default.jpg', 1, 5, '2024-06-04 14:08:33', 12, '2024-06-04 13:08:53', 5),
(99, 25, 21, 6, 'Carla Margareta', '1022019', 'carla.margareta@podomorouniversity.ac.id', 'Prodi', '0', '2024-05-27', 'Benchmarking UPN', 'default.jpg', 1, 1, '2024-06-04 14:09:39', 25, '2024-06-04 13:10:15', 5),
(100, 12, 21, 6, 'Herlia Eka Saputri', '1016024', 'herlia.eka@podomorouniversity.ac.id', 'Prodi', '0', '2024-05-30', 'Kunjungan dari Univ Hasanuddin ke Prodi Entre', 'default.jpg', 1, 5, '2024-06-04 14:11:19', 12, '2024-06-04 13:11:34', 5),
(101, 19, 22, 6, 'Shandy Susanto', '3120040', 'shandy.susanto@podomorouniversity.ac.id', 'Prodi', '0', '2024-04-20', 'Workshop masak di SMAK 4 Penabur', 'default.jpg', 1, 17, '2024-06-04 14:19:16', 19, '2024-06-04 13:22:10', 5),
(102, 20, 22, 6, 'Candra Tjahyono', '2020052', 'candra.tjahyono@podomorouniversity.ac.id', 'PUX', '0', '2024-04-22', 'Kerjasama PU & SMK Santa Maria', 'default.jpg', 1, 3, '2024-06-04 14:19:50', 20, '2024-06-04 13:22:34', 5),
(103, 18, 22, 6, 'Trisno Kuswardi', '2015040', 'trisno.kuswardi@podomorouniversity.ac.id', 'Marketing', '0', '2024-04-22', 'Kunjungan ke sekolah-sekolah', 'default.jpg', 1, 10, '2024-06-04 14:20:20', 18, '2024-06-04 13:22:50', 5),
(104, 30, 22, 6, 'Aliya Safithri', '1022035', 'aliya.safithri@podomorouniversity.ac.id', 'Student Life', '0', '2024-04-24', 'Festival Rivalitas', 'default.jpg', 1, 20, '2024-06-04 14:21:01', 30, '2024-06-04 13:23:03', 5),
(105, 14, 22, 6, 'Ika Prasetya Oktora', '1016072', 'ika.oktora@podomorouniversity.ac.id', 'Kerjasama', '0', '2024-04-29', 'Kunjungan dari Woosong University', 'default.jpg', 1, 5, '2024-06-04 14:21:44', 14, '2024-06-04 13:23:14', 5),
(106, 4, 22, 6, 'Rosalia Airin Octavianti', '2022040', 'rosalia.octavianti@podomorouniversity.ac.id', 'Marketing', '0', '2024-05-16', 'Sponsor Rapat Kerja Guru SMAN 20 Jakarta', 'default.jpg', 1, 15, '2024-06-04 14:25:13', 4, '2024-06-04 13:25:34', 5),
(107, 4, 22, 6, 'Rosalia Airin Octavianti', '2022040', 'rosalia.octavianti@podomorouniversity.ac.id', 'Marketing', '0', '2024-05-21', 'Kegiatan Campus Visit SMK Santa Maria', 'default.jpg', 1, 25, '2024-06-04 14:26:20', 4, '2024-06-04 15:51:32', 3),
(108, 14, 22, 6, 'Ika Prasetya Oktora', '1016072', 'ika.oktora@podomorouniversity.ac.id', 'Kerjasama', '0', '2024-05-20', 'Kunjungan ke Untar', 'default.jpg', 1, 4, '2024-06-04 14:29:29', 14, '2024-06-04 13:30:15', 5),
(109, 9, 22, 6, 'Try Intan Permatasari', '1018050', 'try.permatasari@podomorouniversity.ac.id', 'Prodi', '0', '2024-06-20', 'Monitoring Magang', 'default.jpg', 1, 30, '2024-06-04 14:30:47', 9, '2024-06-04 13:31:28', 5),
(110, 9, 22, 6, 'Try Intan Permatasari', '1018050', 'try.permatasari@podomorouniversity.ac.id', 'Prodi', '0', '2024-05-20', 'Kolaborasi Industri', 'default.jpg', 1, 10, '2024-06-04 14:31:02', 9, '2024-06-04 15:50:39', 3),
(111, 12, 22, 6, 'Herlia Eka Saputri', '1016024', 'herlia.eka@podomorouniversity.ac.id', 'Prodi', '0', '2024-05-27', 'Kunjungan ke Sanggar Anak Akar', 'default.jpg', 1, 5, '2024-06-04 16:52:31', 12, '2024-06-04 15:52:56', 3),
(112, 12, 22, 6, 'Herlia Eka Saputri', '1016024', 'herlia.eka@podomorouniversity.ac.id', 'Prodi', '0', '2024-05-30', 'Kunjungan Studi Banding dari Univ Hasanuddin ke Prodi Entre', 'default.jpg', 1, 5, '2024-06-04 16:53:49', 12, '2024-06-04 15:54:20', 3),
(113, 14, 23, 6, 'Ika Prasetya Oktora', '1016072', 'ika.oktora@podomorouniversity.ac.id', 'Kerjasama', '0', '2024-06-04', 'kerjasama', 'default.jpg', 2, 3, '2024-06-04 17:03:22', 14, '2024-06-04 16:04:09', 4),
(114, 14, 23, 6, 'Ika Prasetya Oktora', '1016072', 'ika.oktora@podomorouniversity.ac.id', 'Kerjasama', '0', '2023-11-08', 'Kunjungan dengan pihak Pemda Gorontalo dan Warek 1 serta Warek 2', 'default.jpg', 1, 3, '2024-06-04 17:04:30', 14, '2024-06-04 16:05:11', 4),
(115, 14, 23, 6, 'Ika Prasetya Oktora', '1016072', 'ika.oktora@podomorouniversity.ac.id', 'Kerjasama', '0', '2024-01-26', 'Kunjungan Universitas Pradita', 'default.jpg', 1, 3, '2024-06-04 17:06:29', 14, '2024-06-04 16:55:30', 4),
(116, 29, 23, 6, 'Yanti Puspita', '3117019', 'yanti.puspita@podomorouniversity.ac.id', 'Sekretariat', '0', '2023-11-09', 'Audiensi Rektorat dengan Kepala LLDikti Wilayah III', 'default.jpg', 1, 4, '2024-06-04 17:07:34', 29, '2024-06-04 16:08:53', 4),
(117, 9, 23, 6, 'Try Intan Permatasari', '1018050', 'try.permatasari@podomorouniversity.ac.id', 'Prodi', '0', '2023-11-20', 'Pesona Soto Nusantara', 'default.jpg', 1, 30, '2024-06-04 17:10:44', 9, '2024-06-04 16:34:53', 3),
(118, 16, 23, 6, 'Erlina', '1017049', 'erlina@podomorouniversity.ac.id', 'Faculty', '0', '2023-11-21', 'Tamu undangan Sekolah Program Pendampingan SMK PK pada acara Pesona Soto Nusantara', 'default.jpg', 1, 20, '2024-06-04 17:38:12', 16, '2024-06-04 16:38:33', 3),
(119, 16, 23, 6, 'Erlina', '1017049', 'erlina@podomorouniversity.ac.id', 'Faculty', '0', '2023-12-11', 'Diskusi Peninjauan Visi Misi Fakultas Perencanaan Desain dan Berkelanjutan', 'default.jpg', 1, 4, '2024-06-04 17:39:14', 16, '2024-06-04 16:44:59', 3),
(120, 16, 23, 6, 'Erlina', '1017049', 'erlina@podomorouniversity.ac.id', 'Faculty', '0', '2024-03-01', 'Untuk keperluan akreditasi desain produk, diberikan pada 2 asesor dan 1 staf BAN-PT', 'default.jpg', 1, 3, '2024-06-04 17:39:45', 16, '2024-06-04 16:56:03', 4),
(121, 16, 23, 6, 'Erlina', '1017049', 'erlina@podomorouniversity.ac.id', 'Faculty', '0', '2024-05-27', 'Akreditasi PWK', 'default.jpg', 1, 3, '2024-06-04 17:40:19', 16, '2024-06-04 16:57:20', 4),
(122, 25, 23, 6, 'Carla Margareta', '1022019', 'carla.margareta@podomorouniversity.ac.id', 'Prodi', '0', '2023-11-23', 'Monitoring Magang Mahasiswa', 'default.jpg', 1, 1, '2024-06-04 17:41:11', 25, '2024-06-04 16:43:44', 3),
(123, 10, 23, 6, 'Dina Mairani', '1017089', 'dina.mairani@podomorouniversity.ac.id', 'Faculty', '0', '2023-12-13', 'Kegiatan Pengembangan Kurikulum dan Kerjasama - Diskusi Peninjauan Visi Misi Fakultas Kewirausahaan dan Bisnis', 'default.jpg', 1, 4, '2024-06-04 17:42:31', 10, '2024-06-04 16:45:57', 3),
(124, 30, 23, 6, 'Aliya Safithri', '1022035', 'aliya.safithri@podomorouniversity.ac.id', 'Student Life', '0', '2023-12-15', 'Kunjungan ke Kemendikbudristek untuk keperluan Simkatmawa', 'default.jpg', 1, 2, '2024-06-04 17:46:39', 30, '2024-06-04 16:49:12', 3),
(125, 30, 23, 6, 'Aliya Safithri', '1022035', 'aliya.safithri@podomorouniversity.ac.id', 'Student Life', '0', '2024-03-01', 'Souvenir untuk narasumber Kegiatan Workshop Divisi Creative Communication', 'default.jpg', 1, 1, '2024-06-04 17:47:05', 30, '2024-06-04 16:56:30', 4),
(126, 24, 23, 6, 'Sunny', '1016010', 'sunny@podomorouniversity.ac.id', 'Sekretariat', '0', '2023-12-22', 'PemberianPromotion Tools UAP untuk acara di Kuningan City', 'default.jpg', 1, 5, '2024-06-04 17:48:35', 24, '2024-06-04 16:49:31', 3),
(127, 35, 23, 6, 'Dede Suhendar', '2014021', 'dede.suhendar@podomorouniversity.ac.id', 'GA', '0', '2024-01-15', 'Cendra mata foto copy Ci Naga', 'default.jpg', 1, 1, '2024-06-04 17:51:17', 35, '2024-06-04 16:54:25', 4),
(128, 15, 23, 6, 'Idham Muhamad Furqon', '1023041', 'idham.furqon@podomorouniversity.ac.id', 'PUX', '0', '2024-01-18', 'SouvenirUntuk Training Facilities PU-X', 'default.jpg', 1, 5, '2024-06-04 17:52:13', 15, '2024-06-04 16:54:51', 4),
(129, 17, 23, 6, 'Prima Putri Roulina', '2016020', 'prima.putri@podomorouniversity.ac.id', 'Marketing', '0', '2024-03-27', 'marketing', 'default.jpg', 1, 5, '2024-06-04 17:53:00', 17, '2024-06-04 16:56:52', 4),
(130, 17, 23, 6, 'Prima Putri Roulina', '2016020', 'prima.putri@podomorouniversity.ac.id', 'Marketing', '0', '2024-04-03', 'marketing', 'default.jpg', 1, 5, '2024-06-04 17:53:16', 17, '2024-06-04 16:57:03', 4),
(131, 24, 47, 6, 'Sunny', '1016010', 'sunny@podomorouniversity.ac.id', 'Sekretariat', '0', '2024-06-05', 'testing data', 'default.jpg', 2, 1, '2024-06-05 15:35:04', 24, '2024-06-05 14:57:08', 36),
(132, 10, 12, 6, 'Dina Mairani', '1017089', 'dina.mairani@podomorouniversity.ac.id', 'Faculty', '0', '2024-06-05', 'Acara ICP', 'default.jpg', 1, 7, '2024-06-05 17:04:29', 10, '2024-06-05 16:43:05', 7),
(133, 10, 22, 6, 'Dina Mairani', '1017089', 'dina.mairani@podomorouniversity.ac.id', 'Faculty', '0', '2024-06-05', 'Acara ICP', 'default.jpg', 1, 7, '2024-06-05 17:04:53', 10, '2024-06-05 16:42:54', 7),
(134, 10, 21, 6, 'Dina Mairani', '1017089', 'dina.mairani@podomorouniversity.ac.id', 'Faculty', '0', '2024-06-05', 'Acara ICP', 'default.jpg', 1, 7, '2024-06-05 17:05:13', 10, '2024-06-05 16:42:38', 7),
(135, 4, 12, 6, 'Rosalia Airin Octavianti', '2022040', 'rosalia.octavianti@podomorouniversity.ac.id', 'Marketing', '0', '2024-06-05', 'Workshop SMA Tarakanita 2', 'default.jpg', 1, 300, '2024-06-05 17:19:44', 4, '2024-06-05 16:42:17', 7),
(136, 4, 22, 6, 'Rosalia Airin Octavianti', '2022040', 'rosalia.octavianti@podomorouniversity.ac.id', 'Marketing', '0', '2024-06-05', 'Workshop SMA Tarakanita 2', 'default.jpg', 1, 20, '2024-06-05 17:20:40', 4, '2024-06-05 16:42:05', 7),
(137, 10, 18, 6, 'Dina Mairani', '1017089', 'dina.mairani@podomorouniversity.ac.id', 'Faculty', '0', '2024-06-05', 'Acara ICP', 'default.jpg', 1, 1, '2024-06-05 17:43:56', 10, '2024-06-05 16:44:14', 10),
(141, 12, 22, 6, 'Herlia Eka Saputri', '1016024', 'herlia.eka@podomorouniversity.ac.id', 'Prodi', '0', '2024-06-06', 'Hadiah permainan marshmallow challange', 'default.jpg', 1, 5, '2024-06-06 11:50:37', 12, '2024-06-06 10:51:42', 7),
(142, 12, 21, 6, 'Herlia Eka Saputri', '1016024', 'herlia.eka@podomorouniversity.ac.id', 'Prodi', '0', '2024-06-06', 'Hadiah permainan marshmallow challange', 'default.jpg', 1, 5, '2024-06-06 11:50:56', 12, '2024-06-06 10:51:51', 7),
(143, 4, 21, 6, 'Rosalia Airin Octavianti', '2022040', 'rosalia.octavianti@podomorouniversity.ac.id', 'Marketing', '0', '2024-06-06', 'Edufair Dinas Pendidikan di Monas', 'default.jpg', 1, 50, '2024-06-06 15:32:16', 4, '2024-06-06 15:16:27', 7),
(144, 4, 21, 6, 'Rosalia Airin Octavianti', '2022040', 'rosalia.octavianti@podomorouniversity.ac.id', 'Marketing', '0', '2024-06-11', 'Workshop SMK Santa Maria dan SMA Santo Bellarminus', 'default.jpg', 1, 300, '2024-06-10 17:56:00', 4, '2024-06-11 10:21:29', 7),
(145, 4, 22, 6, 'Rosalia Airin Octavianti', '2022040', 'rosalia.octavianti@podomorouniversity.ac.id', 'Marketing', '0', '2024-06-11', 'Workshop SMK Santa Maria dan SMA Santo Bellarminus', 'default.jpg', 1, 15, '2024-06-10 17:56:38', 4, '2024-06-11 10:21:14', 7),
(146, 24, 22, 6, 'Sunny', '1016010', 'sunny@podomorouniversity.ac.id', 'Sekretariat', '0', '2024-06-03', 'Diminta BBu Fita', 'default.jpg', 1, 5, '2024-06-11 11:40:56', 24, '2024-06-11 10:46:59', 7),
(147, 24, 22, 6, 'Sunny', '1016010', 'sunny@podomorouniversity.ac.id', 'Sekretariat', '0', '2024-06-11', 'Diminta BBu Fita', 'default.jpg', 2, 5, '2024-06-11 11:41:05', 24, '2024-06-11 10:47:37', 7),
(148, 9, 22, 6, 'Try Intan Permatasari', '1018050', 'try.permatasari@podomorouniversity.ac.id', 'Prodi', '0', '2024-06-20', 'Souvenir Cooking Demo untuk bintang tamu Marster Chef Australia', 'default.jpg', 1, 6, '2024-06-11 11:43:34', 9, '2024-06-11 10:47:59', 7),
(149, 9, 21, 6, 'Try Intan Permatasari', '1018050', 'try.permatasari@podomorouniversity.ac.id', 'Prodi', '0', '2024-06-20', 'Souvenir Cooking Demo untuk bintang tamu Marster Chef Australia', 'default.jpg', 1, 6, '2024-06-11 11:43:57', 9, '2024-06-11 10:46:23', 7),
(150, 9, 23, 6, 'Try Intan Permatasari', '1018050', 'try.permatasari@podomorouniversity.ac.id', 'Prodi', '0', '2024-06-20', 'Souvenir Cooking Demo untuk bintang tamu Marster Chef Australia', 'default.jpg', 1, 3, '2024-06-11 11:44:28', 9, '2024-06-11 10:46:07', 7),
(151, 9, 18, 6, 'Try Intan Permatasari', '1018050', 'try.permatasari@podomorouniversity.ac.id', 'Prodi', '0', '2024-06-20', 'Souvenir Cooking Demo untuk bintang tamu Marster Chef Australia', 'default.jpg', 1, 1, '2024-06-11 11:44:49', 9, '2024-06-11 10:45:49', 7),
(153, 15, 21, 6, 'Idham Muhamad Furqon', '1023041', 'idham.furqon@podomorouniversity.ac.id', 'PUX', '0', '2024-06-19', 'Training Kit All SPV Dekkson dan media promosi', 'default.jpg', 1, 92, '2024-06-25 15:56:50', 15, '2024-06-25 16:03:07', 7),
(154, 15, 22, 6, 'Idham Muhamad Furqon', '1023041', 'idham.furqon@podomorouniversity.ac.id', 'PUX', '0', '2024-06-19', 'Training Kit All SPV Dekkson dan media promosi', 'default.jpg', 1, 92, '2024-06-25 15:57:49', 15, '2024-06-25 16:02:53', 7),
(155, 15, 16, 6, 'Idham Muhamad Furqon', '1023041', 'idham.furqon@podomorouniversity.ac.id', 'PUX', '0', '2024-06-19', 'Training Kit All SPV Dekkson dan media promosi', 'default.jpg', 1, 92, '2024-06-25 16:00:13', 15, '2024-06-25 16:02:39', 7),
(156, 15, 12, 6, 'Idham Muhamad Furqon', '1023041', 'idham.furqon@podomorouniversity.ac.id', 'PUX', '0', '2024-06-19', 'Training Kit All SPV Dekkson dan media promosi', 'default.jpg', 1, 92, '2024-06-25 16:00:34', 15, '2024-06-25 16:02:23', 7),
(157, 12, 21, 6, 'Herlia Eka Saputri', '1016024', 'herlia.eka@podomorouniversity.ac.id', 'Prodi', '0', '2024-06-24', 'Kunjungan Universitas Teuku Umar', 'default.jpg', 1, 2, '2024-06-25 16:57:02', 12, '2024-06-25 16:01:41', 7),
(158, 12, 22, 6, 'Herlia Eka Saputri', '1016024', 'herlia.eka@podomorouniversity.ac.id', 'Prodi', '0', '2024-06-24', 'Kunjungan Universitas Teuku Umar', 'default.jpg', 1, 2, '2024-06-25 16:57:20', 12, '2024-06-25 16:01:24', 7),
(159, 12, 21, 6, 'Herlia Eka Saputri', '1016024', 'herlia.eka@podomorouniversity.ac.id', 'Prodi', '0', '2024-06-19', 'Kunjungan Universitas Teuku Umar', 'default.jpg', 1, 1, '2024-06-25 16:57:59', 12, '2024-06-25 16:00:57', 7),
(160, 12, 22, 6, 'Herlia Eka Saputri', '1016024', 'herlia.eka@podomorouniversity.ac.id', 'Prodi', '0', '2024-06-19', 'Kunjungan Universitas Teuku Umar', 'default.jpg', 1, 1, '2024-06-25 16:58:15', 12, '2024-06-25 16:00:35', 7),
(161, 12, 18, 6, 'Herlia Eka Saputri', '1016024', 'herlia.eka@podomorouniversity.ac.id', 'Prodi', '0', '2024-06-19', 'Kunjungan Universitas Teuku Umar', 'default.jpg', 1, 1, '2024-06-25 16:58:34', 12, '2024-06-25 16:00:16', 7),
(162, 10, 21, 6, 'Dina Mairani', '1017089', 'dina.mairani@podomorouniversity.ac.id', 'Faculty', '0', '2024-06-28', ' Promotion tools untuk di Sekolah Cinta Kasih Tzu Chi', 'default.jpg', 1, 10, '2024-06-25 17:06:33', 10, '2024-06-25 16:13:03', 7),
(163, 10, 22, 6, 'Dina Mairani', '1017089', 'dina.mairani@podomorouniversity.ac.id', 'Faculty', '0', '2024-06-28', 'Promotion tool di  Sekolah Cinta Kasih Tzu Chi', 'default.jpg', 1, 10, '2024-06-25 17:07:02', 10, '2024-06-25 16:12:47', 7),
(164, 10, 12, 6, 'Dina Mairani', '1017089', 'dina.mairani@podomorouniversity.ac.id', 'Faculty', '0', '2024-06-28', 'Promotion tool di  Sekolah Cinta Kasih Tzu Chi', 'default.jpg', 1, 10, '2024-06-25 17:07:30', 10, '2024-06-25 16:12:18', 7),
(165, 4, 21, 6, 'Rosalia Airin Octavianti', '2022040', 'rosalia.octavianti@podomorouniversity.ac.id', 'Marketing', '0', '2024-06-26', 'Open booth di SMK Jakarta Pusat 1', 'default.jpg', 1, 50, '2024-06-26 14:51:45', 4, '2024-06-26 14:58:26', 7),
(166, 4, 12, 6, 'Rosalia Airin Octavianti', '2022040', 'rosalia.octavianti@podomorouniversity.ac.id', 'Marketing', '0', '2024-06-26', 'Open booth di SMK Jakarta Pusat 1', 'default.jpg', 1, 100, '2024-06-26 14:52:14', 4, '2024-06-26 14:58:47', 7),
(167, 14, 21, 6, 'Ika Prasetya Oktora', '1016072', 'ika.oktora@podomorouniversity.ac.id', 'Kerjasama', '0', '2024-06-26', 'Signing Ceremony universitas Griffith - coorporation days', 'default.jpg', 1, 10, '2024-06-26 15:54:53', 14, '2024-06-26 14:59:21', 7),
(168, 14, 22, 6, 'Ika Prasetya Oktora', '1016072', 'ika.oktora@podomorouniversity.ac.id', 'Kerjasama', '0', '2024-06-26', 'Signing Ceremony universitas Griffith - coorporation days', 'default.jpg', 1, 10, '2024-06-26 15:55:16', 14, '2024-06-26 14:59:05', 7),
(169, 14, 16, 6, 'Ika Prasetya Oktora', '1016072', 'ika.oktora@podomorouniversity.ac.id', 'Kerjasama', '0', '2024-06-26', 'Signing Ceremony universitas Griffith - coorporation days', 'default.jpg', 1, 10, '2024-06-26 15:55:50', 14, '2024-06-26 14:58:04', 7),
(170, 14, 12, 6, 'Ika Prasetya Oktora', '1016072', 'ika.oktora@podomorouniversity.ac.id', 'Kerjasama', '0', '2024-06-26', 'Signing Ceremony universitas Griffith - coorporation days', 'default.jpg', 1, 10, '2024-06-26 15:56:17', 14, '2024-06-26 14:57:46', 7),
(171, 14, 18, 6, 'Ika Prasetya Oktora', '1016072', 'ika.oktora@podomorouniversity.ac.id', 'Kerjasama', '0', '2024-06-26', 'Signing Ceremony universitas Griffith - coorporation days', 'default.jpg', 1, 5, '2024-06-26 15:56:40', 14, '2024-06-26 14:57:27', 7),
(172, 9, 22, 6, 'Try Intan Permatasari', '1018050', 'try.permatasari@podomorouniversity.ac.id', 'Prodi', '0', '2024-07-09', 'Goodie bag Dies Natalis 2024', 'default.jpg', 0, 10, '2024-07-09 09:48:26', 9, '2024-07-09 09:48:26', 9),
(173, 9, 21, 6, 'Try Intan Permatasari', '1018050', 'try.permatasari@podomorouniversity.ac.id', 'Prodi', '0', '2024-07-09', 'Goodie bag Dies Natalis 2024', 'default.jpg', 0, 10, '2024-07-09 09:49:05', 9, '2024-07-09 09:49:05', 9),
(174, 15, 22, 6, 'Idham Muhamad Furqon', '1023041', 'idham.furqon@podomorouniversity.ac.id', 'PUX', '0', '2024-07-09', 'Training Kit Ms Excel', 'default.jpg', 1, 30, '2024-07-09 09:50:32', 15, '2024-07-11 09:50:08', 7),
(175, 15, 21, 6, 'Idham Muhamad Furqon', '1023041', 'idham.furqon@podomorouniversity.ac.id', 'PUX', '0', '2024-07-09', 'Training Kit Ms Excel', 'default.jpg', 1, 30, '2024-07-09 09:51:04', 15, '2024-07-11 09:49:50', 7),
(176, 15, 12, 6, 'Idham Muhamad Furqon', '1023041', 'idham.furqon@podomorouniversity.ac.id', 'PUX', '0', '2024-07-09', 'Training Kit Ms Excel', 'default.jpg', 1, 30, '2024-07-09 09:51:34', 15, '2024-07-11 09:49:34', 7),
(177, 15, 16, 6, 'Idham Muhamad Furqon', '1023041', 'idham.furqon@podomorouniversity.ac.id', 'PUX', '0', '2024-07-09', 'Training Kit Ms Excel', 'default.jpg', 1, 30, '2024-07-09 09:52:05', 15, '2024-07-11 09:48:54', 7),
(178, 4, 22, 6, 'Rosalia Airin Octavianti', '2022040', 'rosalia.octavianti@podomorouniversity.ac.id', 'Marketing', '0', '2024-07-09', 'Kegiatan Seminar di Tarsisius Vireta', 'default.jpg', 1, 10, '2024-07-09 14:12:41', 4, '2024-07-09 15:33:10', 7),
(179, 4, 12, 6, 'Rosalia Airin Octavianti', '2022040', 'rosalia.octavianti@podomorouniversity.ac.id', 'Marketing', '0', '2024-07-11', 'Untuk kegiatan edufair dan presentasi', 'default.jpg', 1, 500, '2024-07-11 10:36:42', 4, '2024-07-11 14:54:52', 7),
(180, 4, 16, 6, 'Rosalia Airin Octavianti', '2022040', 'rosalia.octavianti@podomorouniversity.ac.id', 'Marketing', '0', '2024-07-01', 'Booth Kuningan City Mall', 'default.jpg', 1, 430, '2024-07-11 10:45:57', 4, '2024-07-11 09:48:01', 7),
(181, 4, 12, 6, 'Rosalia Airin Octavianti', '2022040', 'rosalia.octavianti@podomorouniversity.ac.id', 'Marketing', '0', '2024-07-01', 'Booth Kuningan City Mall', 'default.jpg', 1, 500, '2024-07-11 10:46:21', 4, '2024-07-11 09:47:42', 7),
(182, 4, 12, 6, 'Rosalia Airin Octavianti', '2022040', 'rosalia.octavianti@podomorouniversity.ac.id', 'Marketing', '0', '2024-07-11', 'Stock brosur admisi', 'default.jpg', 1, 100, '2024-07-11 15:54:20', 4, '2024-07-11 14:55:07', 7),
(183, 4, 12, 6, 'Rosalia Airin Octavianti', '2022040', 'rosalia.octavianti@podomorouniversity.ac.id', 'Marketing', '0', '2024-07-15', 'Edufair SMA Pelita 3 dan SMA Atisa Dipamkara', 'default.jpg', 1, 400, '2024-07-15 16:30:13', 4, '2024-07-15 17:45:04', 7),
(184, 4, 21, 6, 'Rosalia Airin Octavianti', '2022040', 'rosalia.octavianti@podomorouniversity.ac.id', 'Marketing', '0', '2024-07-16', 'Edufair dan Presentasi', 'default.jpg', 1, 200, '2024-07-16 12:26:47', 4, '2024-07-17 07:43:02', 7),
(185, 4, 22, 6, 'Rosalia Airin Octavianti', '2022040', 'rosalia.octavianti@podomorouniversity.ac.id', 'Marketing', '0', '2024-07-16', 'Edufair dan Presentasi', 'default.jpg', 1, 30, '2024-07-16 12:27:19', 4, '2024-07-17 07:43:19', 7),
(186, 14, 12, 6, 'Ika Prasetya Oktora', '1016072', 'ika.oktora@podomorouniversity.ac.id', 'Kerjasama', '0', '2024-05-20', 'Kunjungan Universitas Tarumanagara', 'default.jpg', 1, 4, '2024-07-17 10:53:07', 14, '2024-07-17 10:11:33', 7),
(187, 7, 18, 6, 'Rachel Gavriela', '2023038', 'rachel.gavriela@podomorouniversity.ac.id', 'Marketing Communication', '0', '2024-05-20', 'Kunjungan Universitas Tarumanagara', 'default.jpg', 1, 1, '2024-07-17 10:54:39', 7, '2024-07-17 10:11:17', 7),
(188, 14, 22, 6, 'Ika Prasetya Oktora', '1016072', 'ika.oktora@podomorouniversity.ac.id', 'Kerjasama', '0', '2024-05-20', 'Kunjungan Universitas Tarumanagara', 'default.jpg', 1, 4, '2024-07-17 10:56:06', 14, '2024-07-17 10:10:57', 7),
(189, 14, 21, 6, 'Ika Prasetya Oktora', '1016072', 'ika.oktora@podomorouniversity.ac.id', 'Kerjasama', '0', '2024-05-20', 'Kunjungan Universitas Tarumanagara', 'default.jpg', 1, 4, '2024-07-17 10:56:28', 14, '2024-07-17 10:10:19', 7),
(190, 19, 12, 6, 'Shandy Susanto', '3120040', 'shandy.susanto@podomorouniversity.ac.id', 'Prodi', '0', '2024-05-20', 'Workshop SMAK Penabur 4', 'default.jpg', 1, 8, '2024-07-17 11:06:41', 19, '2024-07-17 10:09:54', 7),
(191, 19, 22, 6, 'Shandy Susanto', '3120040', 'shandy.susanto@podomorouniversity.ac.id', 'Prodi', '0', '2024-05-20', 'Workshop SMAK Penabur 4', 'default.jpg', 1, 8, '2024-07-17 11:07:03', 19, '2024-07-17 10:09:35', 7),
(192, 19, 21, 6, 'Shandy Susanto', '3120040', 'shandy.susanto@podomorouniversity.ac.id', 'Prodi', '0', '2024-05-21', 'Workshop SMAK Penabur 4', 'default.jpg', 1, 8, '2024-07-17 11:07:26', 19, '2024-07-17 10:09:03', 7),
(193, 4, 22, 6, 'Rosalia Airin Octavianti', '2022040', 'rosalia.octavianti@podomorouniversity.ac.id', 'Marketing', '0', '2024-07-15', 'Edufair dan Presentasi', 'default.jpg', 1, 60, '2024-07-17 17:20:12', 4, '2024-07-19 10:55:37', 7),
(194, 25, 21, 6, 'Carla Margareta', '1022019', 'carla.margareta@podomorouniversity.ac.id', 'Prodi', '0', '2024-07-19', 'untuk wartawan kegiatan Dies Natalies 2024', 'default.jpg', 1, 20, '2024-07-19 12:00:53', 25, '2024-07-19 11:31:01', 7),
(195, 25, 22, 6, 'Carla Margareta', '1022019', 'carla.margareta@podomorouniversity.ac.id', 'Prodi', '0', '2024-07-19', 'untuk wartawan kegiatan Dies Natalies 2024', 'default.jpg', 1, 20, '2024-07-19 12:01:19', 25, '2024-07-19 11:30:47', 7),
(196, 4, 12, 6, 'Rosalia Airin Octavianti', '2022040', 'rosalia.octavianti@podomorouniversity.ac.id', 'Marketing', '0', '2024-07-19', 'keperluan booth kuningan City', 'default.jpg', 1, 150, '2024-07-23 15:58:24', 4, '2024-07-23 15:01:20', 7),
(197, 39, 82, 2, 'user', 'us', 'user@gmail.com', '', '', '2024-07-25', 'event', 'default.jpg', 1, 1, '2024-07-24 09:27:35', 39, '2024-07-24 08:28:29', 37),
(198, 15, 22, 6, 'Idham Muhamad Furqon', '1023041', 'idham.furqon@podomorouniversity.ac.id', 'PUX', '0', '2024-07-24', 'Untuk training kit Training Dekkson Group dan sekalian sebagai  ajang promosi Podomoro University.', 'default.jpg', 0, 36, '2024-07-24 11:37:20', 15, '2024-07-24 11:37:20', 15),
(199, 15, 21, 6, 'Idham Muhamad Furqon', '1023041', 'idham.furqon@podomorouniversity.ac.id', 'PUX', '0', '2024-07-24', 'Untuk training kit Training Dekkson Group dan sekalian sebagai  ajang promosi Podomoro University.', 'default.jpg', 0, 36, '2024-07-24 11:37:47', 15, '2024-07-24 11:37:47', 15),
(200, 15, 16, 6, 'Idham Muhamad Furqon', '1023041', 'idham.furqon@podomorouniversity.ac.id', 'PUX', '0', '2024-07-24', 'Untuk training kit Training Dekkson Group dan sekalian sebagai  ajang promosi Podomoro University.', 'default.jpg', 0, 36, '2024-07-24 11:38:16', 15, '2024-07-24 11:38:16', 15),
(201, 15, 12, 6, 'Idham Muhamad Furqon', '1023041', 'idham.furqon@podomorouniversity.ac.id', 'PUX', '0', '2024-07-24', 'Untuk training kit Training Dekkson Group dan sekalian sebagai  ajang promosi Podomoro University.', 'default.jpg', 0, 36, '2024-07-24 11:39:05', 15, '2024-07-24 11:39:05', 15),
(202, 4, 21, 6, 'Rosalia Airin Octavianti', '2022040', 'rosalia.octavianti@podomorouniversity.ac.id', 'Marketing', '0', '2024-07-24', 'Kunjungan, Edufair dan Presentasi ke Sekolah', 'default.jpg', 0, 250, '2024-07-24 14:43:20', 4, '2024-07-24 14:43:20', 4),
(203, 4, 22, 6, 'Rosalia Airin Octavianti', '2022040', 'rosalia.octavianti@podomorouniversity.ac.id', 'Marketing', '0', '2024-07-24', 'Kunjungan, Edufair dan Presentasi ke Sekolah', 'default.jpg', 0, 30, '2024-07-24 14:44:01', 4, '2024-07-24 14:44:01', 4);

--
-- Indexes for dumped tables
--

--
-- Indexes for table `log_user`
--
ALTER TABLE `log_user`
  ADD PRIMARY KEY (`id`);

--
-- Indexes for table `m_announcement`
--
ALTER TABLE `m_announcement`
  ADD PRIMARY KEY (`id`);

--
-- Indexes for table `m_brand`
--
ALTER TABLE `m_brand`
  ADD PRIMARY KEY (`id`);

--
-- Indexes for table `m_category`
--
ALTER TABLE `m_category`
  ADD PRIMARY KEY (`id`);

--
-- Indexes for table `m_group`
--
ALTER TABLE `m_group`
  ADD PRIMARY KEY (`id`);

--
-- Indexes for table `m_item`
--
ALTER TABLE `m_item`
  ADD PRIMARY KEY (`id`),
  ADD KEY `id_type` (`id_category`),
  ADD KEY `id_status` (`id_status`),
  ADD KEY `id_brand` (`id_brand`),
  ADD KEY `id_vendor` (`id_vendor`);

--
-- Indexes for table `m_location`
--
ALTER TABLE `m_location`
  ADD PRIMARY KEY (`id`);

--
-- Indexes for table `m_log`
--
ALTER TABLE `m_log`
  ADD PRIMARY KEY (`id`);

--
-- Indexes for table `m_origin`
--
ALTER TABLE `m_origin`
  ADD PRIMARY KEY (`id`);

--
-- Indexes for table `m_role`
--
ALTER TABLE `m_role`
  ADD PRIMARY KEY (`id`);

--
-- Indexes for table `m_status`
--
ALTER TABLE `m_status`
  ADD PRIMARY KEY (`id`);

--
-- Indexes for table `m_stock`
--
ALTER TABLE `m_stock`
  ADD PRIMARY KEY (`id`);

--
-- Indexes for table `m_user`
--
ALTER TABLE `m_user`
  ADD PRIMARY KEY (`id`),
  ADD KEY `id_role` (`id_role`);

--
-- Indexes for table `m_vendor`
--
ALTER TABLE `m_vendor`
  ADD PRIMARY KEY (`id`);

--
-- Indexes for table `m_warehouse`
--
ALTER TABLE `m_warehouse`
  ADD PRIMARY KEY (`id`);

--
-- Indexes for table `role_warehouse`
--
ALTER TABLE `role_warehouse`
  ADD PRIMARY KEY (`id`);

--
-- Indexes for table `tr_item`
--
ALTER TABLE `tr_item`
  ADD PRIMARY KEY (`id`),
  ADD KEY `id_user` (`id_user`),
  ADD KEY `id_item` (`id_item`);

--
-- AUTO_INCREMENT for dumped tables
--

--
-- AUTO_INCREMENT for table `log_user`
--
ALTER TABLE `log_user`
  MODIFY `id` bigint(20) NOT NULL AUTO_INCREMENT;

--
-- AUTO_INCREMENT for table `m_announcement`
--
ALTER TABLE `m_announcement`
  MODIFY `id` int(11) NOT NULL AUTO_INCREMENT, AUTO_INCREMENT=2;

--
-- AUTO_INCREMENT for table `m_brand`
--
ALTER TABLE `m_brand`
  MODIFY `id` int(11) NOT NULL AUTO_INCREMENT, AUTO_INCREMENT=14;

--
-- AUTO_INCREMENT for table `m_category`
--
ALTER TABLE `m_category`
  MODIFY `id` int(11) NOT NULL AUTO_INCREMENT, AUTO_INCREMENT=40;

--
-- AUTO_INCREMENT for table `m_group`
--
ALTER TABLE `m_group`
  MODIFY `id` int(11) NOT NULL AUTO_INCREMENT;

--
-- AUTO_INCREMENT for table `m_item`
--
ALTER TABLE `m_item`
  MODIFY `id` int(11) NOT NULL AUTO_INCREMENT, AUTO_INCREMENT=530;

--
-- AUTO_INCREMENT for table `m_location`
--
ALTER TABLE `m_location`
  MODIFY `id` int(11) NOT NULL AUTO_INCREMENT, AUTO_INCREMENT=170;

--
-- AUTO_INCREMENT for table `m_log`
--
ALTER TABLE `m_log`
  MODIFY `id` int(11) NOT NULL AUTO_INCREMENT, AUTO_INCREMENT=836;

--
-- AUTO_INCREMENT for table `m_origin`
--
ALTER TABLE `m_origin`
  MODIFY `id` int(11) NOT NULL AUTO_INCREMENT, AUTO_INCREMENT=11;

--
-- AUTO_INCREMENT for table `m_role`
--
ALTER TABLE `m_role`
  MODIFY `id` int(11) NOT NULL AUTO_INCREMENT, AUTO_INCREMENT=5;

--
-- AUTO_INCREMENT for table `m_status`
--
ALTER TABLE `m_status`
  MODIFY `id` int(11) NOT NULL AUTO_INCREMENT, AUTO_INCREMENT=6;

--
-- AUTO_INCREMENT for table `m_stock`
--
ALTER TABLE `m_stock`
  MODIFY `id` int(11) NOT NULL AUTO_INCREMENT, AUTO_INCREMENT=440;

--
-- AUTO_INCREMENT for table `m_user`
--
ALTER TABLE `m_user`
  MODIFY `id` int(11) NOT NULL AUTO_INCREMENT, AUTO_INCREMENT=251;

--
-- AUTO_INCREMENT for table `m_vendor`
--
ALTER TABLE `m_vendor`
  MODIFY `id` int(11) NOT NULL AUTO_INCREMENT, AUTO_INCREMENT=40;

--
-- AUTO_INCREMENT for table `m_warehouse`
--
ALTER TABLE `m_warehouse`
  MODIFY `id` int(11) NOT NULL AUTO_INCREMENT, AUTO_INCREMENT=7;

--
-- AUTO_INCREMENT for table `role_warehouse`
--
ALTER TABLE `role_warehouse`
  MODIFY `id` int(11) NOT NULL AUTO_INCREMENT, AUTO_INCREMENT=12;

--
-- AUTO_INCREMENT for table `tr_item`
--
ALTER TABLE `tr_item`
  MODIFY `id` int(11) NOT NULL AUTO_INCREMENT, AUTO_INCREMENT=204;
COMMIT;

/*!40101 SET CHARACTER_SET_CLIENT=@OLD_CHARACTER_SET_CLIENT */;
/*!40101 SET CHARACTER_SET_RESULTS=@OLD_CHARACTER_SET_RESULTS */;
/*!40101 SET COLLATION_CONNECTION=@OLD_COLLATION_CONNECTION */;
